CREATE DATABASE IF NOT EXISTS "website";
USE "website";
CREATE TABLE SCP_service (id INT AUTO_INCREMENT NOT NULL, prestataire_id INT NOT NULL, titre VARCHAR(255) NOT NULL, description LONGTEXT NOT NULL, type INT NOT NULL, tarifs LONGTEXT NOT NULL, avg_note VARCHAR(4) NOT NULL, additional_info LONGTEXT DEFAULT NULL, images JSON DEFAULT NULL COMMENT '(DC2Type:json)', INDEX IDX_7DF353DABE3DB2B7 (prestataire_id), PRIMARY KEY(id)) DEFAULT CHARACTER SET utf8mb4 COLLATE `utf8mb4_unicode_ci` ENGINE = InnoDB;
CREATE TABLE SCP_abonnement (id INT AUTO_INCREMENT NOT NULL, nom VARCHAR(255) NOT NULL, tarif NUMERIC(5, 2) NOT NULL, image VARCHAR(255) DEFAULT NULL, PRIMARY KEY(id)) DEFAULT CHARACTER SET utf8mb4 COLLATE `utf8mb4_unicode_ci` ENGINE = InnoDB;
CREATE TABLE SCP_abonnement_SCP_option (SCP_abonnement_id INT NOT NULL, SCP_option_id INT NOT NULL, INDEX IDX_14C6A746D6718D70 (SCP_abonnement_id), INDEX IDX_14C6A7468DA5711D (SCP_option_id), PRIMARY KEY(SCP_abonnement_id, SCP_option_id)) DEFAULT CHARACTER SET utf8mb4 COLLATE `utf8mb4_unicode_ci` ENGINE = InnoDB;
CREATE TABLE SCP_api (id INT AUTO_INCREMENT NOT NULL, url VARCHAR(255) DEFAULT NULL, isdown TINYINT(1) NOT NULL, name VARCHAR(255) NOT NULL, PRIMARY KEY(id)) DEFAULT CHARACTER SET utf8mb4 COLLATE `utf8mb4_unicode_ci` ENGINE = InnoDB;
CREATE TABLE SCP_appartement (id INT AUTO_INCREMENT NOT NULL, bailleur_id INT NOT NULL, description LONGTEXT NOT NULL, short_desc VARCHAR(100) NOT NULL, price DOUBLE PRECISION NOT NULL, address VARCHAR(255) NOT NULL, city VARCHAR(255) NOT NULL, postal_code VARCHAR(255) NOT NULL, country VARCHAR(255) NOT NULL, nb_voyageurs SMALLINT NOT NULL, note DOUBLE PRECISION NOT NULL, state VARCHAR(50) NOT NULL, images JSON DEFAULT NULL COMMENT '(DC2Type:json)', titre VARCHAR(255) NOT NULL, nbchambers SMALLINT NOT NULL, nbbathrooms SMALLINT NOT NULL, nb_beds SMALLINT NOT NULL, created_at DATETIME DEFAULT NULL, updated_at DATETIME DEFAULT NULL, surface DOUBLE PRECISION NOT NULL, INDEX IDX_28ABA1EB57B5D0A2 (bailleur_id), PRIMARY KEY(id)) DEFAULT CHARACTER SET utf8mb4 COLLATE `utf8mb4_unicode_ci` ENGINE = InnoDB;       
CREATE TABLE scp_appartement_appart_plus (SCP_appartement_id INT NOT NULL, SCP_appart_plus_id INT NOT NULL, INDEX IDX_BC0DFE9435EE0D91 (SCP_appartement_id), INDEX 
IDX_BC0DFE948A0270C8 (SCP_appart_plus_id), PRIMARY KEY(SCP_appartement_id, SCP_appart_plus_id)) DEFAULT CHARACTER SET utf8mb4 COLLATE `utf8mb4_unicode_ci` ENGINE = InnoDB;
CREATE TABLE SCP_appart_plus (id INT AUTO_INCREMENT NOT NULL, icon SMALLINT NOT NULL, PRIMARY KEY(id)) DEFAULT CHARACTER SET utf8mb4 COLLATE `utf8mb4_unicode_ci` ENGINE = InnoDB;
CREATE TABLE SCP_commentaire (id INT AUTO_INCREMENT NOT NULL, user_id INT DEFAULT NULL, commentaire LONGTEXT NOT NULL, type SMALLINT NOT NULL, entity_id INT NOT NULL, date DATETIME NOT NULL, INDEX IDX_3EFD74DAA76ED395 (user_id), PRIMARY KEY(id)) DEFAULT CHARACTER SET utf8mb4 COLLATE `utf8mb4_unicode_ci` ENGINE = InnoDB;     
CREATE TABLE SCP_devis (id INT AUTO_INCREMENT NOT NULL, user_id INT DEFAULT NULL, prestataire_id INT DEFAULT NULL, nom VARCHAR(255) NOT NULL, prenom VARCHAR(255) NOT NULL, numero VARCHAR(10) NOT NULL, email VARCHAR(255) NOT NULL, type_presta SMALLINT NOT NULL, contact_with_phone TINYINT(1) NOT NULL, description LONGTEXT DEFAULT NULL, estimated_time VARCHAR(50) DEFAULT NULL, is_ok TINYINT(1) NOT NULL, start_date DATETIME DEFAULT NULL, end_date DATETIME DEFAULT NULL, to_validate TINYINT(1) DEFAULT NULL, sid LONGTEXT DEFAULT NULL, prix DOUBLE PRECISION DEFAULT NULL, turn TINYINT(1) DEFAULT NULL, INDEX IDX_99CCCDB0A76ED395 (user_id), INDEX IDX_99CCCDB0BE3DB2B7 (prestataire_id), PRIMARY KEY(id)) DEFAULT CHARACTER SET utf8mb4 COLLATE `utf8mb4_unicode_ci` ENGINE = InnoDB;
CREATE TABLE SCP_email (id INT AUTO_INCREMENT NOT NULL, destinataire VARCHAR(255) NOT NULL, body LONGTEXT NOT NULL, object VARCHAR(255) NOT NULL, date DATETIME NOT NULL, PRIMARY KEY(id)) DEFAULT CHARACTER SET utf8mb4 COLLATE `utf8mb4_unicode_ci` ENGINE = InnoDB;
CREATE TABLE SCP_fichier (id INT AUTO_INCREMENT NOT NULL, email_id INT DEFAULT NULL, ticket_id INT DEFAULT NULL, user_id INT DEFAULT NULL, nom VARCHAR(100) NOT NULL, type VARCHAR(100) NOT NULL, path VARCHAR(255) NOT NULL, size VARCHAR(20) NOT NULL, date DATETIME NOT NULL, INDEX IDX_7189C17A832C1C9 (email_id), INDEX IDX_7189C17700047D2 (ticket_id), INDEX IDX_7189C17A76ED395 (user_id), PRIMARY KEY(id)) DEFAULT CHARACTER SET utf8mb4 COLLATE `utf8mb4_unicode_ci` ENGINE = InnoDB;
CREATE TABLE SCP_location (id INT AUTO_INCREMENT NOT NULL, appartement_id INT NOT NULL, locataire_id INT NOT NULL, facture_id INT DEFAULT NULL, dateha DATETIME DEFAULT NULL, date_debut DATETIME NOT NULL, date_fin DATETIME NOT NULL, adults INT NOT NULL, kids INT NOT NULL, babies INT NOT NULL, price DOUBLE PRECISION NOT NULL, 
fact_to_create TINYINT(1) DEFAULT 0 NOT NULL, INDEX IDX_50D96F30E1729BBA (appartement_id), INDEX IDX_50D96F30D8A38199 (locataire_id), UNIQUE INDEX UNIQ_50D96F307F2DEE08 (facture_id), PRIMARY KEY(id)) DEFAULT CHARACTER SET utf8mb4 COLLATE `utf8mb4_unicode_ci` ENGINE = InnoDB;
CREATE TABLE SCP_location_SCP_service (SCP_location_id INT NOT NULL, SCP_service_id INT NOT NULL, INDEX IDX_251D502B5F403DE8 (SCP_location_id), INDEX IDX_251D502B537DD89A (SCP_service_id), PRIMARY KEY(SCP_location_id, SCP_service_id)) DEFAULT CHARACTER SET utf8mb4 COLLATE `utf8mb4_unicode_ci` ENGINE = InnoDB;
CREATE TABLE SCP_note (id INT AUTO_INCREMENT NOT NULL, location_id INT DEFAULT NULL, user_id INT NOT NULL, service_id INT DEFAULT NULL, note INT NOT NULL, INDEX IDX_935C314D64D218E (location_id), INDEX IDX_935C314DA76ED395 (user_id), INDEX IDX_935C314DED5CA9E6 (service_id), PRIMARY KEY(id)) DEFAULT CHARACTER SET utf8mb4 COLLATE `utf8mb4_unicode_ci` ENGINE = InnoDB;
CREATE TABLE SCP_option (id INT AUTO_INCREMENT NOT NULL, nom VARCHAR(255) NOT NULL, info VARCHAR(255) DEFAULT NULL, PRIMARY KEY(id)) DEFAULT CHARACTER SET utf8mb4 
COLLATE `utf8mb4_unicode_ci` ENGINE = InnoDB;
CREATE TABLE SCP_professionnel (id INT AUTO_INCREMENT NOT NULL, responsable_id INT DEFAULT NULL, society_name VARCHAR(255) NOT NULL, siret_number VARCHAR(14) NOT NULL, society_address VARCHAR(255) NOT NULL, city VARCHAR(255) NOT NULL, postal_code VARCHAR(10) NOT NULL, country VARCHAR(100) NOT NULL, image VARCHAR(255) DEFAULT NULL, avg_note VARCHAR(4) NOT NULL, work_days JSON DEFAULT NULL COMMENT '(DC2Type:json)', start_hour VARCHAR(20) DEFAULT NULL, end_hour VARCHAR(20) DEFAULT NULL, 
prestatype SMALLINT DEFAULT NULL, is_verified TINYINT(1) NOT NULL, justification LONGTEXT DEFAULT NULL, UNIQUE INDEX UNIQ_5D8E086C53C59D72 (responsable_id), PRIMARY KEY(id)) DEFAULT CHARACTER SET utf8mb4 COLLATE `utf8mb4_unicode_ci` ENGINE = InnoDB;
CREATE TABLE SCP_reset_password_request (id INT AUTO_INCREMENT NOT NULL, user_id INT NOT NULL, selector VARCHAR(20) NOT NULL, hashed_token VARCHAR(100) NOT NULL, requested_at DATETIME NOT NULL COMMENT '(DC2Type:datetime_immutable)', expires_at DATETIME NOT NULL COMMENT '(DC2Type:datetime_immutable)', INDEX IDX_391B462DA76ED395 (user_id), PRIMARY KEY(id)) DEFAULT CHARACTER SET utf8mb4 COLLATE `utf8mb4_unicode_ci` ENGINE = InnoDB;
CREATE TABLE SCP_ticket (id INT AUTO_INCREMENT NOT NULL, demandeur_id INT NOT NULL, resolveur_id INT DEFAULT NULL, date_ouverture DATETIME NOT NULL, date_fermeture DATETIME DEFAULT NULL, last_update_date DATETIME DEFAULT NULL, category SMALLINT NOT NULL, type SMALLINT NOT NULL, status SMALLINT NOT NULL, priority SMALLINT NOT NULL, titre VARCHAR(255) NOT NULL, description LONGTEXT NOT NULL, urgence SMALLINT NOT NULL, INDEX IDX_F06F0C6795A6EE59 (demandeur_id), INDEX IDX_F06F0C6735424616 (resolveur_id), PRIMARY KEY(id)) DEFAULT CHARACTER SET utf8mb4 COLLATE `utf8mb4_unicode_ci` ENGINE = InnoDB;
CREATE TABLE SCP_user (id INT AUTO_INCREMENT NOT NULL, abonnement_id INT DEFAULT NULL, email VARCHAR(180) NOT NULL, roles JSON NOT NULL COMMENT '(DC2Type:json)', password VARCHAR(255) NOT NULL, nom VARCHAR(80) NOT NULL, prenom VARCHAR(80) NOT NULL, last_conn_date DATETIME DEFAULT NULL, creation_date DATETIME NOT NULL, admin 
TINYINT(1) NOT NULL, birthdate DATETIME DEFAULT NULL, is_verified TINYINT(1) NOT NULL, avatar LONGBLOB DEFAULT NULL, phone_number VARCHAR(255) NOT NULL, is_banned 
TINYINT(1) DEFAULT 0 NOT NULL, UNIQUE INDEX UNIQ_D1721D10E7927C74 (email), INDEX IDX_D1721D10F1D74413 (abonnement_id), PRIMARY KEY(id)) DEFAULT CHARACTER SET utf8mb4 COLLATE `utf8mb4_unicode_ci` ENGINE = InnoDB;
CREATE TABLE SCP_warning (id INT AUTO_INCREMENT NOT NULL, user_id INT NOT NULL, field VARCHAR(255) NOT NULL, word VARCHAR(255) NOT NULL, date DATETIME NOT NULL, form VARCHAR(255) DEFAULT NULL, ip VARCHAR(50) DEFAULT NULL, INDEX IDX_DC2055CEA76ED395 (user_id), PRIMARY KEY(id)) DEFAULT CHARACTER SET utf8mb4 COLLATE `utf8mb4_unicode_ci` ENGINE = InnoDB;
CREATE TABLE messenger_messages (id BIGINT AUTO_INCREMENT NOT NULL, body LONGTEXT NOT NULL, headers LONGTEXT NOT NULL, queue_name VARCHAR(190) NOT NULL, created_at DATETIME NOT NULL COMMENT '(DC2Type:datetime_immutable)', available_at DATETIME NOT NULL COMMENT '(DC2Type:datetime_immutable)', delivered_at DATETIME DEFAULT NULL COMMENT '(DC2Type:datetime_immutable)', INDEX IDX_75EA56E0FB7336F0 (queue_name), INDEX IDX_75EA56E0E3BD61CE (available_at), INDEX IDX_75EA56E016BA31DB (delivered_at), PRIMARY KEY(id)) DEFAULT CHARACTER SET utf8mb4 COLLATE `utf8mb4_unicode_ci` ENGINE = InnoDB;
ALTER TABLE SCP_service ADD CONSTRAINT FK_7DF353DABE3DB2B7 FOREIGN KEY (prestataire_id) REFERENCES SCP_professionnel (id);
ALTER TABLE SCP_abonnement_SCP_option ADD CONSTRAINT FK_14C6A746D6718D70 FOREIGN KEY (SCP_abonnement_id) REFERENCES SCP_abonnement (id) ON DELETE CASCADE;
ALTER TABLE SCP_abonnement_SCP_option ADD CONSTRAINT FK_14C6A7468DA5711D FOREIGN KEY (SCP_option_id) REFERENCES SCP_option (id) ON DELETE CASCADE;
ALTER TABLE SCP_appartement ADD CONSTRAINT FK_28ABA1EB57B5D0A2 FOREIGN KEY (bailleur_id) REFERENCES SCP_professionnel (id);
ALTER TABLE scp_appartement_appart_plus ADD CONSTRAINT FK_BC0DFE9435EE0D91 FOREIGN KEY (SCP_appartement_id) REFERENCES SCP_appartement (id) ON DELETE CASCADE;     
ALTER TABLE scp_appartement_appart_plus ADD CONSTRAINT FK_BC0DFE948A0270C8 FOREIGN KEY (SCP_appart_plus_id) REFERENCES SCP_appart_plus (id) ON DELETE CASCADE;     
ALTER TABLE SCP_commentaire ADD CONSTRAINT FK_3EFD74DAA76ED395 FOREIGN KEY (user_id) REFERENCES SCP_user (id);
ALTER TABLE SCP_devis ADD CONSTRAINT FK_99CCCDB0A76ED395 FOREIGN KEY (user_id) REFERENCES SCP_user (id);
ALTER TABLE SCP_devis ADD CONSTRAINT FK_99CCCDB0BE3DB2B7 FOREIGN KEY (prestataire_id) REFERENCES SCP_professionnel (id);
ALTER TABLE SCP_fichier ADD CONSTRAINT FK_7189C17A832C1C9 FOREIGN KEY (email_id) REFERENCES SCP_email (id);
ALTER TABLE SCP_fichier ADD CONSTRAINT FK_7189C17700047D2 FOREIGN KEY (ticket_id) REFERENCES SCP_ticket (id);
ALTER TABLE SCP_fichier ADD CONSTRAINT FK_7189C17A76ED395 FOREIGN KEY (user_id) REFERENCES SCP_user (id);
ALTER TABLE SCP_location ADD CONSTRAINT FK_50D96F30E1729BBA FOREIGN KEY (appartement_id) REFERENCES SCP_appartement (id);
ALTER TABLE SCP_location ADD CONSTRAINT FK_50D96F30D8A38199 FOREIGN KEY (locataire_id) REFERENCES SCP_user (id);
ALTER TABLE SCP_location ADD CONSTRAINT FK_50D96F307F2DEE08 FOREIGN KEY (facture_id) REFERENCES SCP_fichier (id);
ALTER TABLE SCP_location_SCP_service ADD CONSTRAINT FK_251D502B5F403DE8 FOREIGN KEY (SCP_location_id) REFERENCES SCP_location (id) ON DELETE CASCADE;
ALTER TABLE SCP_location_SCP_service ADD CONSTRAINT FK_251D502B537DD89A FOREIGN KEY (SCP_service_id) REFERENCES SCP_service (id) ON DELETE CASCADE;
ALTER TABLE SCP_note ADD CONSTRAINT FK_935C314D64D218E FOREIGN KEY (location_id) REFERENCES SCP_location (id);
ALTER TABLE SCP_note ADD CONSTRAINT FK_935C314DA76ED395 FOREIGN KEY (user_id) REFERENCES SCP_user (id);
ALTER TABLE SCP_note ADD CONSTRAINT FK_935C314DED5CA9E6 FOREIGN KEY (service_id) REFERENCES SCP_service (id);
ALTER TABLE SCP_professionnel ADD CONSTRAINT FK_5D8E086C53C59D72 FOREIGN KEY (responsable_id) REFERENCES SCP_user (id);
ALTER TABLE SCP_reset_password_request ADD CONSTRAINT FK_391B462DA76ED395 FOREIGN KEY (user_id) REFERENCES SCP_user (id);
ALTER TABLE SCP_ticket ADD CONSTRAINT FK_F06F0C6795A6EE59 FOREIGN KEY (demandeur_id) REFERENCES SCP_user (id);
ALTER TABLE SCP_ticket ADD CONSTRAINT FK_F06F0C6735424616 FOREIGN KEY (resolveur_id) REFERENCES SCP_user (id);
ALTER TABLE SCP_user ADD CONSTRAINT FK_D1721D10F1D74413 FOREIGN KEY (abonnement_id) REFERENCES SCP_abonnement (id);
ALTER TABLE SCP_warning ADD CONSTRAINT FK_DC2055CEA76ED395 FOREIGN KEY (user_id) REFERENCES SCP_user (id);
--
-- Déchargement des données de la table `scp_abonnement`
--

INSERT INTO `scp_abonnement` (`id`, `nom`, `tarif`, `image`) VALUES
(1, 'Gratuit', '0.00', NULL),
(2, 'baladeur', '9.90', NULL),
(3, 'Explorateur', '19.00', NULL),
(4, 'Globe-trotter', '30.00', NULL);

--
-- Déchargement des données de la table `scp_abonnement_scp_option`
--

INSERT INTO `scp_abonnement_scp_option` (`SCP_abonnement_id`, `SCP_option_id`) VALUES
(2, 1),
(2, 2),
(3, 1),
(4, 1),
(4, 2),
(4, 3);

--
-- Déchargement des données de la table `scp_appartement`
--

INSERT INTO `scp_appartement` (`id`, `bailleur_id`, `description`, `short_desc`, `price`, `address`, `city`, `postal_code`, `country`, `nb_voyageurs`, `note`, `state`, `images`, `titre`, `nbchambers`, `nbbathrooms`, `nb_beds`, `created_at`, `updated_at`, `surface`) VALUES
(1, 5, 'Appartement de type F2, situé au 1ème étage d\'un immeuble de 15 étages. Il est composé d\'un séjour, d\'une cuisine, d\'une chambre, d\'une salle de bain et d\'un WC. Il est équipé d\'un chauffage individuel électrique. L\'appartement est situé à proximité des commerces et des transports en commun. Il est disponible immédiatement.', 'Appartement de type F2, situé au 1ème étage d\'un immeuble de 15 étages.', 190, '1 rue du bailleur', 'Marseille', '13000', 'France', 15, 0, 'En attente', '[\"house_30.jpg\",\"garage_30.jpg\",\"bath_17.jpg\",\"bath_416.jpg\",\"bed_455.jpg\",\"bed_361.jpg\",\"din_480.jpg\",\"din_124.jpg\",\"din_336.jpg\",\"kitchen_397.jpg\",\"kitchen_18.jpg\",\"living_472.jpg\"]', 'Appartement F2 au 1ème étage', 2, 2, 2, '2028-01-30 00:00:00', '2022-01-01 00:00:00', 50),
(2, 6, 'Appartement de type F2, situé au 2ème étage d\'un immeuble de 15 étages. Il est composé d\'un séjour, d\'une cuisine, d\'une chambre, d\'une salle de bain et d\'un WC. Il est équipé d\'un chauffage individuel électrique. L\'appartement est situé à proximité des commerces et des transports en commun. Il est disponible immédiatement.', 'Appartement de type F2, situé au 2ème étage d\'un immeuble de 15 étages.', 163, '2 rue du bailleur', 'Marseille', '13000', 'France', 15, 0, 'En attente', '[\"house_90.jpg\",\"garage_90.jpg\",\"bath_297.jpg\",\"bath_324.jpg\",\"bath_402.jpg\",\"bed_484.jpg\",\"bed_327.jpg\",\"bed_43.jpg\",\"bed_307.jpg\",\"bed_200.jpg\",\"din_367.jpg\",\"din_15.jpg\",\"kitchen_334.jpg\",\"kitchen_434.jpg\",\"living_37.jpg\"]', 'Appartement F2 au 2ème étage', 1, 3, 5, '2026-01-29 00:00:00', '2023-01-10 00:00:00', 50),
(3, 5, 'Appartement de type F2, situé au 3ème étage d\'un immeuble de 15 étages. Il est composé d\'un séjour, d\'une cuisine, d\'une chambre, d\'une salle de bain et d\'un WC. Il est équipé d\'un chauffage individuel électrique. L\'appartement est situé à proximité des commerces et des transports en commun. Il est disponible immédiatement.', 'Appartement de type F2, situé au 3ème étage d\'un immeuble de 15 étages.', 73, '3 rue du bailleur', 'Barcelona', '08001', 'Spain', 12, 0, 'En attente', '[\"apartment_406.jpg\",\"bath_130.jpg\",\"bed_256.jpg\",\"bed_211.jpg\",\"bed_387.jpg\",\"bed_472.jpg\",\"bed_405.jpg\",\"din_376.jpg\",\"din_267.jpg\",\"kitchen_176.jpg\",\"kitchen_94.jpg\",\"living_145.jpg\"]', 'Appartement F2 au 3ème étage', 1, 1, 5, '2024-01-19 00:00:00', '2024-01-02 00:00:00', 50),
(4, 2, 'Appartement de type F2, situé au 4ème étage d\'un immeuble de 15 étages. Il est composé d\'un séjour, d\'une cuisine, d\'une chambre, d\'une salle de bain et d\'un WC. Il est équipé d\'un chauffage individuel électrique. L\'appartement est situé à proximité des commerces et des transports en commun. Il est disponible immédiatement.', 'Appartement de type F2, situé au 4ème étage d\'un immeuble de 15 étages.', 177, '4 rue du bailleur', 'Marseille', '13000', 'France', 6, 0, 'En attente', '[\"house_295.jpg\",\"garage_295.jpg\",\"bath_390.jpg\",\"bath_447.jpg\",\"bath_164.jpg\",\"bed_361.jpg\",\"bed_143.jpg\",\"din_293.jpg\",\"din_408.jpg\",\"kitchen_382.jpg\",\"living_203.jpg\"]', 'Appartement F2 au 4ème étage', 1, 3, 2, '2025-01-24 00:00:00', '2025-01-27 00:00:00', 50),
(5, 4, 'Appartement de type F2, situé au 5ème étage d\'un immeuble de 15 étages. Il est composé d\'un séjour, d\'une cuisine, d\'une chambre, d\'une salle de bain et d\'un WC. Il est équipé d\'un chauffage individuel électrique. L\'appartement est situé à proximité des commerces et des transports en commun. Il est disponible immédiatement.', 'Appartement de type F2, situé au 5ème étage d\'un immeuble de 15 étages.', 101, '5 rue du bailleur', 'Nantes', '44000', 'France', 9, 0, 'En attente', '[\"apartment_277.jpg\",\"bath_364.jpg\",\"bath_163.jpg\",\"bath_272.jpg\",\"bed_426.jpg\",\"bed_473.jpg\",\"bed_345.jpg\",\"bed_275.jpg\",\"bed_132.jpg\",\"din_168.jpg\",\"din_386.jpg\",\"din_120.jpg\",\"kitchen_62.jpg\",\"living_137.jpg\",\"living_4.jpg\"]', 'Appartement F2 au 5ème étage', 2, 3, 5, '2022-01-10 00:00:00', '2022-01-17 00:00:00', 50),
(6, 4, 'Appartement de type F2, situé au 6ème étage d\'un immeuble de 15 étages. Il est composé d\'un séjour, d\'une cuisine, d\'une chambre, d\'une salle de bain et d\'un WC. Il est équipé d\'un chauffage individuel électrique. L\'appartement est situé à proximité des commerces et des transports en commun. Il est disponible immédiatement.', 'Appartement de type F2, situé au 6ème étage d\'un immeuble de 15 étages.', 161, '6 rue du bailleur', 'Andorra la Vella', 'AD500', 'Andorra', 15, 0, 'En attente', '[\"apartment_62.jpg\",\"bath_394.jpg\",\"bath_267.jpg\",\"bath_111.jpg\",\"bed_458.jpg\",\"bed_100.jpg\",\"din_380.jpg\",\"din_193.jpg\",\"kitchen_134.jpg\",\"living_430.jpg\"]', 'Appartement F2 au 6ème étage', 2, 3, 2, '2022-01-04 00:00:00', '2024-01-07 00:00:00', 50),
(7, 4, 'Appartement de type F2, situé au 7ème étage d\'un immeuble de 15 étages. Il est composé d\'un séjour, d\'une cuisine, d\'une chambre, d\'une salle de bain et d\'un WC. Il est équipé d\'un chauffage individuel électrique. L\'appartement est situé à proximité des commerces et des transports en commun. Il est disponible immédiatement.', 'Appartement de type F2, situé au 7ème étage d\'un immeuble de 15 étages.', 74, '7 rue du bailleur', 'Paris', '75000', 'France', 10, 0, 'En attente', '[\"apartment_274.jpg\",\"bath_396.jpg\",\"bath_393.jpg\",\"bath_384.jpg\",\"bed_407.jpg\",\"bed_89.jpg\",\"bed_368.jpg\",\"bed_192.jpg\",\"bed_73.jpg\",\"din_409.jpg\",\"din_160.jpg\",\"din_50.jpg\",\"kitchen_135.jpg\",\"living_227.jpg\",\"living_271.jpg\"]', 'Appartement F2 au 7ème étage', 2, 3, 5, '2028-01-10 00:00:00', '2022-01-17 00:00:00', 50),
(8, 4, 'Appartement de type F2, situé au 8ème étage d\'un immeuble de 15 étages. Il est composé d\'un séjour, d\'une cuisine, d\'une chambre, d\'une salle de bain et d\'un WC. Il est équipé d\'un chauffage individuel électrique. L\'appartement est situé à proximité des commerces et des transports en commun. Il est disponible immédiatement.', 'Appartement de type F2, situé au 8ème étage d\'un immeuble de 15 étages.', 172, '8 rue du bailleur', 'Strasbourg', '67000', 'France', 14, 0, 'En attente', '[\"house_374.jpg\",\"garage_374.jpg\",\"bath_104.jpg\",\"bath_395.jpg\",\"bed_138.jpg\",\"bed_344.jpg\",\"bed_135.jpg\",\"bed_54.jpg\",\"din_421.jpg\",\"kitchen_413.jpg\",\"kitchen_84.jpg\",\"living_305.jpg\"]', 'Appartement F2 au 8ème étage', 3, 2, 4, '2022-01-02 00:00:00', '2024-01-11 00:00:00', 50),
(9, 3, 'Appartement de type F2, situé au 9ème étage d\'un immeuble de 15 étages. Il est composé d\'un séjour, d\'une cuisine, d\'une chambre, d\'une salle de bain et d\'un WC. Il est équipé d\'un chauffage individuel électrique. L\'appartement est situé à proximité des commerces et des transports en commun. Il est disponible immédiatement.', 'Appartement de type F2, situé au 9ème étage d\'un immeuble de 15 étages.', 122, '9 rue du bailleur', 'Berlin', '10115', 'Germany', 5, 0, 'En attente', '[\"apartment_185.jpg\",\"bath_100.jpg\",\"bed_23.jpg\",\"bed_282.jpg\",\"din_34.jpg\",\"din_441.jpg\",\"din_22.jpg\",\"kitchen_440.jpg\",\"living_3.jpg\"]', 'Appartement F2 au 9ème étage', 2, 1, 2, '2023-01-13 00:00:00', '2022-01-20 00:00:00', 50),
(10, 1, 'Appartement de type F2, situé au 10ème étage d\'un immeuble de 15 étages. Il est composé d\'un séjour, d\'une cuisine, d\'une chambre, d\'une salle de bain et d\'un WC. Il est équipé d\'un chauffage individuel électrique. L\'appartement est situé à proximité des commerces et des transports en commun. Il est disponible immédiatement.', 'Appartement de type F2, situé au 10ème étage d\'un immeuble de 15 étages.', 179, '10 rue du bailleur', 'Barcelona', '08001', 'Spain', 11, 0, 'En attente', '[\"apartment_56.jpg\",\"bath_185.jpg\",\"bath_180.jpg\",\"bed_263.jpg\",\"bed_160.jpg\",\"din_124.jpg\",\"din_159.jpg\",\"kitchen_26.jpg\",\"kitchen_354.jpg\",\"living_16.jpg\"]', 'Appartement F2 au 10ème étage', 2, 2, 2, '2024-01-06 00:00:00', '2027-01-13 00:00:00', 50),
(11, 4, 'Appartement de type F2, situé au 11ème étage d\'un immeuble de 15 étages. Il est composé d\'un séjour, d\'une cuisine, d\'une chambre, d\'une salle de bain et d\'un WC. Il est équipé d\'un chauffage individuel électrique. L\'appartement est situé à proximité des commerces et des transports en commun. Il est disponible immédiatement.', 'Appartement de type F2, situé au 11ème étage d\'un immeuble de 15 étages.', 191, '11 rue du bailleur', 'Andorra la Vella', 'AD500', 'Andorra', 12, 0, 'En attente', '[\"apartment_286.jpg\",\"bath_280.jpg\",\"bath_158.jpg\",\"bed_430.jpg\",\"din_247.jpg\",\"din_231.jpg\",\"din_265.jpg\",\"kitchen_30.jpg\",\"kitchen_250.jpg\",\"living_56.jpg\"]', 'Appartement F2 au 11ème étage', 1, 2, 1, '2027-01-04 00:00:00', '2022-01-12 00:00:00', 50),
(12, 2, 'Appartement de type F2, situé au 12ème étage d\'un immeuble de 15 étages. Il est composé d\'un séjour, d\'une cuisine, d\'une chambre, d\'une salle de bain et d\'un WC. Il est équipé d\'un chauffage individuel électrique. L\'appartement est situé à proximité des commerces et des transports en commun. Il est disponible immédiatement.', 'Appartement de type F2, situé au 12ème étage d\'un immeuble de 15 étages.', 126, '12 rue du bailleur', 'Lille', '59000', 'France', 5, 0, 'En attente', '[\"house_388.jpg\",\"garage_388.jpg\",\"bath_137.jpg\",\"bath_134.jpg\",\"bed_217.jpg\",\"din_430.jpg\",\"kitchen_79.jpg\",\"living_103.jpg\"]', 'Appartement F2 au 12ème étage', 3, 2, 1, '2022-01-23 00:00:00', '2024-01-21 00:00:00', 50),
(13, 2, 'Appartement de type F2, situé au 13ème étage d\'un immeuble de 15 étages. Il est composé d\'un séjour, d\'une cuisine, d\'une chambre, d\'une salle de bain et d\'un WC. Il est équipé d\'un chauffage individuel électrique. L\'appartement est situé à proximité des commerces et des transports en commun. Il est disponible immédiatement.', 'Appartement de type F2, situé au 13ème étage d\'un immeuble de 15 étages.', 145, '13 rue du bailleur', 'Paris', '75000', 'France', 6, 0, 'En attente', '[\"apartment_124.jpg\",\"bath_268.jpg\",\"bed_18.jpg\",\"bed_491.jpg\",\"bed_197.jpg\",\"din_292.jpg\",\"kitchen_239.jpg\",\"kitchen_328.jpg\",\"living_172.jpg\",\"living_400.jpg\"]', 'Appartement F2 au 13ème étage', 2, 1, 3, '2023-01-18 00:00:00', '2028-01-16 00:00:00', 50),
(14, 6, 'Appartement de type F2, situé au 14ème étage d\'un immeuble de 15 étages. Il est composé d\'un séjour, d\'une cuisine, d\'une chambre, d\'une salle de bain et d\'un WC. Il est équipé d\'un chauffage individuel électrique. L\'appartement est situé à proximité des commerces et des transports en commun. Il est disponible immédiatement.', 'Appartement de type F2, situé au 14ème étage d\'un immeuble de 15 étages.', 170, '14 rue du bailleur', 'Strasbourg', '67000', 'France', 5, 0, 'En attente', '[\"house_388.jpg\",\"garage_388.jpg\",\"bath_325.jpg\",\"bath_20.jpg\",\"bed_259.jpg\",\"din_351.jpg\",\"din_180.jpg\",\"kitchen_219.jpg\",\"kitchen_403.jpg\",\"living_234.jpg\",\"living_356.jpg\"]', 'Appartement F2 au 14ème étage', 2, 2, 1, '2024-01-06 00:00:00', '2025-01-03 00:00:00', 50),
(15, 4, 'Appartement de type F2, situé au 15ème étage d\'un immeuble de 15 étages. Il est composé d\'un séjour, d\'une cuisine, d\'une chambre, d\'une salle de bain et d\'un WC. Il est équipé d\'un chauffage individuel électrique. L\'appartement est situé à proximité des commerces et des transports en commun. Il est disponible immédiatement.', 'Appartement de type F2, situé au 15ème étage d\'un immeuble de 15 étages.', 165, '15 rue du bailleur', 'Brussels', '1000', 'Belgium', 14, 0, 'En attente', '[\"apartment_450.jpg\",\"bath_136.jpg\",\"bed_89.jpg\",\"bed_312.jpg\",\"bed_109.jpg\",\"din_259.jpg\",\"din_104.jpg\",\"kitchen_494.jpg\",\"living_188.jpg\"]', 'Appartement F2 au 15ème étage', 3, 1, 3, '2024-01-12 00:00:00', '2024-01-25 00:00:00', 50),
(16, 4, 'Appartement de type F2, situé au 16ème étage d\'un immeuble de 15 étages. Il est composé d\'un séjour, d\'une cuisine, d\'une chambre, d\'une salle de bain et d\'un WC. Il est équipé d\'un chauffage individuel électrique. L\'appartement est situé à proximité des commerces et des transports en commun. Il est disponible immédiatement.', 'Appartement de type F2, situé au 16ème étage d\'un immeuble de 15 étages.', 108, '16 rue du bailleur', 'Seville', '41001', 'Spain', 13, 0, 'En attente', '[\"house_154.jpg\",\"garage_154.jpg\",\"bath_167.jpg\",\"bath_273.jpg\",\"bath_461.jpg\",\"bed_102.jpg\",\"bed_415.jpg\",\"din_152.jpg\",\"din_240.jpg\",\"kitchen_165.jpg\",\"living_346.jpg\",\"living_93.jpg\"]', 'Appartement F2 au 16ème étage', 3, 3, 2, '2027-01-26 00:00:00', '2025-01-24 00:00:00', 50),
(17, 1, 'Appartement de type F2, situé au 17ème étage d\'un immeuble de 15 étages. Il est composé d\'un séjour, d\'une cuisine, d\'une chambre, d\'une salle de bain et d\'un WC. Il est équipé d\'un chauffage individuel électrique. L\'appartement est situé à proximité des commerces et des transports en commun. Il est disponible immédiatement.', 'Appartement de type F2, situé au 17ème étage d\'un immeuble de 15 étages.', 200, '17 rue du bailleur', 'Toulouse', '31000', 'France', 13, 0, 'En attente', '[\"house_392.jpg\",\"garage_392.jpg\",\"bath_365.jpg\",\"bed_421.jpg\",\"bed_105.jpg\",\"din_307.jpg\",\"din_397.jpg\",\"kitchen_129.jpg\",\"kitchen_228.jpg\",\"living_243.jpg\",\"living_250.jpg\"]', 'Appartement F2 au 17ème étage', 1, 1, 2, '2024-01-24 00:00:00', '2028-01-01 00:00:00', 50),
(18, 6, 'Appartement de type F2, situé au 18ème étage d\'un immeuble de 15 étages. Il est composé d\'un séjour, d\'une cuisine, d\'une chambre, d\'une salle de bain et d\'un WC. Il est équipé d\'un chauffage individuel électrique. L\'appartement est situé à proximité des commerces et des transports en commun. Il est disponible immédiatement.', 'Appartement de type F2, situé au 18ème étage d\'un immeuble de 15 étages.', 190, '18 rue du bailleur', 'Lyon', '69000', 'France', 6, 0, 'En attente', '[\"apartment_25.jpg\",\"bath_348.jpg\",\"bath_51.jpg\",\"bath_461.jpg\",\"bed_201.jpg\",\"bed_419.jpg\",\"bed_487.jpg\",\"bed_491.jpg\",\"din_322.jpg\",\"din_373.jpg\",\"din_108.jpg\",\"kitchen_65.jpg\",\"living_47.jpg\"]', 'Appartement F2 au 18ème étage', 2, 3, 4, '2029-01-20 00:00:00', '2022-01-10 00:00:00', 50),
(19, 4, 'Appartement de type F2, situé au 19ème étage d\'un immeuble de 15 étages. Il est composé d\'un séjour, d\'une cuisine, d\'une chambre, d\'une salle de bain et d\'un WC. Il est équipé d\'un chauffage individuel électrique. L\'appartement est situé à proximité des commerces et des transports en commun. Il est disponible immédiatement.', 'Appartement de type F2, situé au 19ème étage d\'un immeuble de 15 étages.', 102, '19 rue du bailleur', 'Luxembourg City', 'L-1000', 'Luxembourg', 10, 0, 'En attente', '[\"apartment_326.jpg\",\"bath_299.jpg\",\"bed_66.jpg\",\"bed_210.jpg\",\"bed_11.jpg\",\"bed_101.jpg\",\"din_373.jpg\",\"kitchen_409.jpg\",\"living_381.jpg\"]', 'Appartement F2 au 19ème étage', 2, 1, 4, '2022-01-21 00:00:00', '2026-01-16 00:00:00', 50),
(20, 6, 'Appartement de type F2, situé au 20ème étage d\'un immeuble de 15 étages. Il est composé d\'un séjour, d\'une cuisine, d\'une chambre, d\'une salle de bain et d\'un WC. Il est équipé d\'un chauffage individuel électrique. L\'appartement est situé à proximité des commerces et des transports en commun. Il est disponible immédiatement.', 'Appartement de type F2, situé au 20ème étage d\'un immeuble de 15 étages.', 100, '20 rue du bailleur', 'Bern', '3000', 'Switzerland', 15, 0, 'En attente', '[\"house_176.jpg\",\"garage_176.jpg\",\"bath_179.jpg\",\"bath_156.jpg\",\"bath_267.jpg\",\"bed_86.jpg\",\"bed_340.jpg\",\"din_18.jpg\",\"din_25.jpg\",\"kitchen_137.jpg\",\"living_145.jpg\"]', 'Appartement F2 au 20ème étage', 2, 3, 2, '2027-01-07 00:00:00', '2024-01-04 00:00:00', 50),
(21, 4, 'Appartement de type F2, situé au 21ème étage d\'un immeuble de 15 étages. Il est composé d\'un séjour, d\'une cuisine, d\'une chambre, d\'une salle de bain et d\'un WC. Il est équipé d\'un chauffage individuel électrique. L\'appartement est situé à proximité des commerces et des transports en commun. Il est disponible immédiatement.', 'Appartement de type F2, situé au 21ème étage d\'un immeuble de 15 étages.', 174, '21 rue du bailleur', 'Zurich', '8000', 'Switzerland', 6, 0, 'En attente', '[\"apartment_339.jpg\",\"bath_464.jpg\",\"bed_360.jpg\",\"bed_296.jpg\",\"din_404.jpg\",\"din_366.jpg\",\"kitchen_440.jpg\",\"living_34.jpg\",\"living_438.jpg\"]', 'Appartement F2 au 21ème étage', 3, 1, 2, '2026-01-30 00:00:00', '2024-01-30 00:00:00', 50),
(22, 2, 'Appartement de type F2, situé au 22ème étage d\'un immeuble de 15 étages. Il est composé d\'un séjour, d\'une cuisine, d\'une chambre, d\'une salle de bain et d\'un WC. Il est équipé d\'un chauffage individuel électrique. L\'appartement est situé à proximité des commerces et des transports en commun. Il est disponible immédiatement.', 'Appartement de type F2, situé au 22ème étage d\'un immeuble de 15 étages.', 103, '22 rue du bailleur', 'Basel', '4000', 'Switzerland', 11, 0, 'En attente', '[\"apartment_141.jpg\",\"bath_79.jpg\",\"bath_354.jpg\",\"bath_21.jpg\",\"bed_362.jpg\",\"bed_361.jpg\",\"bed_238.jpg\",\"bed_410.jpg\",\"din_352.jpg\",\"kitchen_106.jpg\",\"living_359.jpg\"]', 'Appartement F2 au 22ème étage', 3, 3, 4, '2028-01-09 00:00:00', '2024-01-02 00:00:00', 50),
(23, 1, 'Appartement de type F2, situé au 23ème étage d\'un immeuble de 15 étages. Il est composé d\'un séjour, d\'une cuisine, d\'une chambre, d\'une salle de bain et d\'un WC. Il est équipé d\'un chauffage individuel électrique. L\'appartement est situé à proximité des commerces et des transports en commun. Il est disponible immédiatement.', 'Appartement de type F2, situé au 23ème étage d\'un immeuble de 15 étages.', 185, '23 rue du bailleur', 'Milan', '20100', 'Italy', 11, 0, 'En attente', '[\"house_356.jpg\",\"garage_356.jpg\",\"bath_56.jpg\",\"bath_463.jpg\",\"bed_67.jpg\",\"bed_486.jpg\",\"bed_92.jpg\",\"bed_229.jpg\",\"bed_10.jpg\",\"din_350.jpg\",\"din_99.jpg\",\"kitchen_184.jpg\",\"kitchen_263.jpg\",\"living_433.jpg\"]', 'Appartement F2 au 23ème étage', 3, 2, 5, '2028-01-22 00:00:00', '2026-01-21 00:00:00', 50),
(24, 5, 'Appartement de type F2, situé au 24ème étage d\'un immeuble de 15 étages. Il est composé d\'un séjour, d\'une cuisine, d\'une chambre, d\'une salle de bain et d\'un WC. Il est équipé d\'un chauffage individuel électrique. L\'appartement est situé à proximité des commerces et des transports en commun. Il est disponible immédiatement.', 'Appartement de type F2, situé au 24ème étage d\'un immeuble de 15 étages.', 45, '24 rue du bailleur', 'Barcelona', '08001', 'Spain', 10, 0, 'En attente', '[\"apartment_238.jpg\",\"bath_300.jpg\",\"bed_375.jpg\",\"bed_441.jpg\",\"bed_242.jpg\",\"bed_10.jpg\",\"bed_203.jpg\",\"din_313.jpg\",\"kitchen_360.jpg\",\"living_162.jpg\"]', 'Appartement F2 au 24ème étage', 1, 1, 5, '2028-01-27 00:00:00', '2025-01-31 00:00:00', 50),
(25, 4, 'Appartement de type F2, situé au 25ème étage d\'un immeuble de 15 étages. Il est composé d\'un séjour, d\'une cuisine, d\'une chambre, d\'une salle de bain et d\'un WC. Il est équipé d\'un chauffage individuel électrique. L\'appartement est situé à proximité des commerces et des transports en commun. Il est disponible immédiatement.', 'Appartement de type F2, situé au 25ème étage d\'un immeuble de 15 étages.', 135, '25 rue du bailleur', 'Berlin', '10115', 'Germany', 8, 0, 'En attente', '[\"house_230.jpg\",\"garage_230.jpg\",\"bath_103.jpg\",\"bath_389.jpg\",\"bed_378.jpg\",\"din_140.jpg\",\"din_496.jpg\",\"kitchen_204.jpg\",\"living_154.jpg\"]', 'Appartement F2 au 25ème étage', 1, 2, 1, '2028-01-28 00:00:00', '2024-01-31 00:00:00', 50),
(26, 4, 'Appartement de type F2, situé au 26ème étage d\'un immeuble de 15 étages. Il est composé d\'un séjour, d\'une cuisine, d\'une chambre, d\'une salle de bain et d\'un WC. Il est équipé d\'un chauffage individuel électrique. L\'appartement est situé à proximité des commerces et des transports en commun. Il est disponible immédiatement.', 'Appartement de type F2, situé au 26ème étage d\'un immeuble de 15 étages.', 89, '26 rue du bailleur', 'Valencia', '46001', 'Spain', 14, 0, 'En attente', '[\"house_294.jpg\",\"garage_294.jpg\",\"bath_185.jpg\",\"bath_395.jpg\",\"bath_25.jpg\",\"bed_355.jpg\",\"bed_114.jpg\",\"bed_35.jpg\",\"bed_268.jpg\",\"din_141.jpg\",\"din_61.jpg\",\"din_46.jpg\",\"kitchen_403.jpg\",\"kitchen_159.jpg\",\"living_486.jpg\"]', 'Appartement F2 au 26ème étage', 2, 3, 4, '2022-01-12 00:00:00', '2023-01-01 00:00:00', 50),
(27, 4, 'Appartement de type F2, situé au 27ème étage d\'un immeuble de 15 étages. Il est composé d\'un séjour, d\'une cuisine, d\'une chambre, d\'une salle de bain et d\'un WC. Il est équipé d\'un chauffage individuel électrique. L\'appartement est situé à proximité des commerces et des transports en commun. Il est disponible immédiatement.', 'Appartement de type F2, situé au 27ème étage d\'un immeuble de 15 étages.', 129, '27 rue du bailleur', 'Madrid', '28001', 'Spain', 10, 0, 'En attente', '[\"house_232.jpg\",\"garage_232.jpg\",\"bath_285.jpg\",\"bath_240.jpg\",\"bed_435.jpg\",\"bed_138.jpg\",\"bed_496.jpg\",\"bed_189.jpg\",\"din_10.jpg\",\"din_489.jpg\",\"kitchen_179.jpg\",\"kitchen_91.jpg\",\"living_445.jpg\",\"living_317.jpg\"]', 'Appartement F2 au 27ème étage', 2, 2, 4, '2026-01-22 00:00:00', '2023-01-24 00:00:00', 50),
(28, 5, 'Appartement de type F2, situé au 28ème étage d\'un immeuble de 15 étages. Il est composé d\'un séjour, d\'une cuisine, d\'une chambre, d\'une salle de bain et d\'un WC. Il est équipé d\'un chauffage individuel électrique. L\'appartement est situé à proximité des commerces et des transports en commun. Il est disponible immédiatement.', 'Appartement de type F2, situé au 28ème étage d\'un immeuble de 15 étages.', 47, '28 rue du bailleur', 'Strasbourg', '67000', 'France', 11, 0, 'En attente', '[\"apartment_47.jpg\",\"bath_137.jpg\",\"bath_390.jpg\",\"bath_339.jpg\",\"bed_203.jpg\",\"bed_283.jpg\",\"bed_369.jpg\",\"din_430.jpg\",\"din_397.jpg\",\"din_230.jpg\",\"kitchen_159.jpg\",\"living_236.jpg\",\"living_35.jpg\"]', 'Appartement F2 au 28ème étage', 2, 3, 3, '2026-01-18 00:00:00', '2027-01-18 00:00:00', 50),
(29, 2, 'Appartement de type F2, situé au 29ème étage d\'un immeuble de 15 étages. Il est composé d\'un séjour, d\'une cuisine, d\'une chambre, d\'une salle de bain et d\'un WC. Il est équipé d\'un chauffage individuel électrique. L\'appartement est situé à proximité des commerces et des transports en commun. Il est disponible immédiatement.', 'Appartement de type F2, situé au 29ème étage d\'un immeuble de 15 étages.', 68, '29 rue du bailleur', 'Montpellier', '34000', 'France', 15, 0, 'En attente', '[\"house_109.jpg\",\"garage_109.jpg\",\"bath_413.jpg\",\"bed_482.jpg\",\"bed_377.jpg\",\"bed_135.jpg\",\"din_120.jpg\",\"kitchen_284.jpg\",\"kitchen_438.jpg\",\"living_189.jpg\"]', 'Appartement F2 au 29ème étage', 2, 1, 3, '2025-01-05 00:00:00', '2027-01-07 00:00:00', 50),
(30, 5, 'Appartement de type F2, situé au 30ème étage d\'un immeuble de 15 étages. Il est composé d\'un séjour, d\'une cuisine, d\'une chambre, d\'une salle de bain et d\'un WC. Il est équipé d\'un chauffage individuel électrique. L\'appartement est situé à proximité des commerces et des transports en commun. Il est disponible immédiatement.', 'Appartement de type F2, situé au 30ème étage d\'un immeuble de 15 étages.', 33, '30 rue du bailleur', 'Antwerp', '2000', 'Belgium', 13, 0, 'En attente', '[\"apartment_177.jpg\",\"bath_395.jpg\",\"bath_68.jpg\",\"bed_216.jpg\",\"din_193.jpg\",\"kitchen_302.jpg\",\"living_306.jpg\"]', 'Appartement F2 au 30ème étage', 2, 2, 1, '2024-01-20 00:00:00', '2024-01-13 00:00:00', 50),
(31, 6, 'Appartement de type F2, situé au 31ème étage d\'un immeuble de 15 étages. Il est composé d\'un séjour, d\'une cuisine, d\'une chambre, d\'une salle de bain et d\'un WC. Il est équipé d\'un chauffage individuel électrique. L\'appartement est situé à proximité des commerces et des transports en commun. Il est disponible immédiatement.', 'Appartement de type F2, situé au 31ème étage d\'un immeuble de 15 étages.', 56, '31 rue du bailleur', 'Rome', '00100', 'Italy', 6, 0, 'En attente', '[\"house_494.jpg\",\"garage_494.jpg\",\"bath_180.jpg\",\"bath_471.jpg\",\"bath_115.jpg\",\"bed_66.jpg\",\"din_13.jpg\",\"din_31.jpg\",\"din_295.jpg\",\"kitchen_347.jpg\",\"kitchen_80.jpg\",\"living_258.jpg\",\"living_162.jpg\"]', 'Appartement F2 au 31ème étage', 3, 3, 1, '2023-01-27 00:00:00', '2022-01-18 00:00:00', 50),
(32, 4, 'Appartement de type F2, situé au 32ème étage d\'un immeuble de 15 étages. Il est composé d\'un séjour, d\'une cuisine, d\'une chambre, d\'une salle de bain et d\'un WC. Il est équipé d\'un chauffage individuel électrique. L\'appartement est situé à proximité des commerces et des transports en commun. Il est disponible immédiatement.', 'Appartement de type F2, situé au 32ème étage d\'un immeuble de 15 étages.', 98, '32 rue du bailleur', 'Montpellier', '34000', 'France', 12, 0, 'En attente', '[\"house_415.jpg\",\"garage_415.jpg\",\"bath_136.jpg\",\"bed_84.jpg\",\"bed_172.jpg\",\"bed_214.jpg\",\"bed_342.jpg\",\"bed_73.jpg\",\"din_499.jpg\",\"din_50.jpg\",\"din_4.jpg\",\"kitchen_58.jpg\",\"living_70.jpg\"]', 'Appartement F2 au 32ème étage', 3, 1, 5, '2027-01-29 00:00:00', '2026-01-12 00:00:00', 50),
(33, 1, 'Appartement de type F2, situé au 33ème étage d\'un immeuble de 15 étages. Il est composé d\'un séjour, d\'une cuisine, d\'une chambre, d\'une salle de bain et d\'un WC. Il est équipé d\'un chauffage individuel électrique. L\'appartement est situé à proximité des commerces et des transports en commun. Il est disponible immédiatement.', 'Appartement de type F2, situé au 33ème étage d\'un immeuble de 15 étages.', 88, '33 rue du bailleur', 'Lyon', '69000', 'France', 10, 0, 'En attente', '[\"house_231.jpg\",\"garage_231.jpg\",\"bath_363.jpg\",\"bath_41.jpg\",\"bath_163.jpg\",\"bed_170.jpg\",\"din_419.jpg\",\"kitchen_63.jpg\",\"living_148.jpg\"]', 'Appartement F2 au 33ème étage', 2, 3, 1, '2026-01-06 00:00:00', '2029-01-20 00:00:00', 50),
(34, 4, 'Appartement de type F2, situé au 34ème étage d\'un immeuble de 15 étages. Il est composé d\'un séjour, d\'une cuisine, d\'une chambre, d\'une salle de bain et d\'un WC. Il est équipé d\'un chauffage individuel électrique. L\'appartement est situé à proximité des commerces et des transports en commun. Il est disponible immédiatement.', 'Appartement de type F2, situé au 34ème étage d\'un immeuble de 15 étages.', 89, '34 rue du bailleur', 'Berlin', '10115', 'Germany', 10, 0, 'En attente', '[\"house_112.jpg\",\"garage_112.jpg\",\"bath_376.jpg\",\"bath_178.jpg\",\"bath_394.jpg\",\"bed_147.jpg\",\"bed_349.jpg\",\"bed_496.jpg\",\"bed_116.jpg\",\"din_398.jpg\",\"kitchen_146.jpg\",\"kitchen_430.jpg\",\"living_189.jpg\"]', 'Appartement F2 au 34ème étage', 3, 3, 4, '2025-01-14 00:00:00', '2028-01-11 00:00:00', 50),
(35, 6, 'Appartement de type F2, situé au 35ème étage d\'un immeuble de 15 étages. Il est composé d\'un séjour, d\'une cuisine, d\'une chambre, d\'une salle de bain et d\'un WC. Il est équipé d\'un chauffage individuel électrique. L\'appartement est situé à proximité des commerces et des transports en commun. Il est disponible immédiatement.', 'Appartement de type F2, situé au 35ème étage d\'un immeuble de 15 étages.', 25, '35 rue du bailleur', 'Bordeaux', '33000', 'France', 13, 0, 'En attente', '[\"house_374.jpg\",\"garage_374.jpg\",\"bath_160.jpg\",\"bed_321.jpg\",\"bed_339.jpg\",\"bed_292.jpg\",\"bed_155.jpg\",\"din_237.jpg\",\"kitchen_463.jpg\",\"living_420.jpg\",\"living_50.jpg\"]', 'Appartement F2 au 35ème étage', 2, 1, 4, '2029-01-22 00:00:00', '2028-01-27 00:00:00', 50),
(36, 3, 'Appartement de type F2, situé au 36ème étage d\'un immeuble de 15 étages. Il est composé d\'un séjour, d\'une cuisine, d\'une chambre, d\'une salle de bain et d\'un WC. Il est équipé d\'un chauffage individuel électrique. L\'appartement est situé à proximité des commerces et des transports en commun. Il est disponible immédiatement.', 'Appartement de type F2, situé au 36ème étage d\'un immeuble de 15 étages.', 107, '36 rue du bailleur', 'Milan', '20100', 'Italy', 14, 0, 'En attente', '[\"house_60.jpg\",\"garage_60.jpg\",\"bath_394.jpg\",\"bed_344.jpg\",\"bed_334.jpg\",\"din_372.jpg\",\"din_20.jpg\",\"kitchen_461.jpg\",\"kitchen_349.jpg\",\"living_484.jpg\"]', 'Appartement F2 au 36ème étage', 1, 1, 2, '2027-01-26 00:00:00', '2024-01-30 00:00:00', 50),
(37, 5, 'Appartement de type F2, situé au 37ème étage d\'un immeuble de 15 étages. Il est composé d\'un séjour, d\'une cuisine, d\'une chambre, d\'une salle de bain et d\'un WC. Il est équipé d\'un chauffage individuel électrique. L\'appartement est situé à proximité des commerces et des transports en commun. Il est disponible immédiatement.', 'Appartement de type F2, situé au 37ème étage d\'un immeuble de 15 étages.', 121, '37 rue du bailleur', 'Seville', '41001', 'Spain', 15, 0, 'En attente', '[\"house_335.jpg\",\"garage_335.jpg\",\"bath_5.jpg\",\"bed_92.jpg\",\"bed_258.jpg\",\"bed_205.jpg\",\"bed_366.jpg\",\"bed_167.jpg\",\"din_201.jpg\",\"din_153.jpg\",\"kitchen_266.jpg\",\"living_440.jpg\"]', 'Appartement F2 au 37ème étage', 1, 1, 5, '2029-01-30 00:00:00', '2029-01-09 00:00:00', 50),
(38, 2, 'Appartement de type F2, situé au 38ème étage d\'un immeuble de 15 étages. Il est composé d\'un séjour, d\'une cuisine, d\'une chambre, d\'une salle de bain et d\'un WC. Il est équipé d\'un chauffage individuel électrique. L\'appartement est situé à proximité des commerces et des transports en commun. Il est disponible immédiatement.', 'Appartement de type F2, situé au 38ème étage d\'un immeuble de 15 étages.', 151, '38 rue du bailleur', 'Stuttgart', '70173', 'Germany', 10, 0, 'En attente', '[\"apartment_249.jpg\",\"bath_350.jpg\",\"bath_111.jpg\",\"bed_280.jpg\",\"bed_343.jpg\",\"din_357.jpg\",\"din_466.jpg\",\"din_185.jpg\",\"kitchen_60.jpg\",\"kitchen_290.jpg\",\"living_138.jpg\"]', 'Appartement F2 au 38ème étage', 3, 2, 2, '2027-01-16 00:00:00', '2028-01-08 00:00:00', 50),
(39, 2, 'Appartement de type F2, situé au 39ème étage d\'un immeuble de 15 étages. Il est composé d\'un séjour, d\'une cuisine, d\'une chambre, d\'une salle de bain et d\'un WC. Il est équipé d\'un chauffage individuel électrique. L\'appartement est situé à proximité des commerces et des transports en commun. Il est disponible immédiatement.', 'Appartement de type F2, situé au 39ème étage d\'un immeuble de 15 étages.', 63, '39 rue du bailleur', 'Frankfurt', '60311', 'Germany', 13, 0, 'En attente', '[\"apartment_418.jpg\",\"bath_187.jpg\",\"bath_21.jpg\",\"bath_180.jpg\",\"bed_132.jpg\",\"bed_451.jpg\",\"bed_40.jpg\",\"din_86.jpg\",\"kitchen_17.jpg\",\"kitchen_347.jpg\",\"living_28.jpg\"]', 'Appartement F2 au 39ème étage', 1, 3, 3, '2026-01-29 00:00:00', '2027-01-15 00:00:00', 50),
(40, 1, 'Appartement de type F2, situé au 40ème étage d\'un immeuble de 15 étages. Il est composé d\'un séjour, d\'une cuisine, d\'une chambre, d\'une salle de bain et d\'un WC. Il est équipé d\'un chauffage individuel électrique. L\'appartement est situé à proximité des commerces et des transports en commun. Il est disponible immédiatement.', 'Appartement de type F2, situé au 40ème étage d\'un immeuble de 15 étages.', 50, '40 rue du bailleur', 'Madrid', '28001', 'Spain', 9, 0, 'En attente', '[\"house_132.jpg\",\"garage_132.jpg\",\"bath_298.jpg\",\"bed_342.jpg\",\"bed_359.jpg\",\"din_429.jpg\",\"din_59.jpg\",\"kitchen_104.jpg\",\"living_6.jpg\"]', 'Appartement F2 au 40ème étage', 2, 1, 2, '2029-01-26 00:00:00', '2029-01-28 00:00:00', 50),
(41, 4, 'Appartement de type F2, situé au 41ème étage d\'un immeuble de 15 étages. Il est composé d\'un séjour, d\'une cuisine, d\'une chambre, d\'une salle de bain et d\'un WC. Il est équipé d\'un chauffage individuel électrique. L\'appartement est situé à proximité des commerces et des transports en commun. Il est disponible immédiatement.', 'Appartement de type F2, situé au 41ème étage d\'un immeuble de 15 étages.', 188, '41 rue du bailleur', 'Toulouse', '31000', 'France', 14, 0, 'En attente', '[\"house_74.jpg\",\"garage_74.jpg\",\"bath_351.jpg\",\"bed_385.jpg\",\"din_386.jpg\",\"kitchen_189.jpg\",\"kitchen_373.jpg\",\"living_253.jpg\"]', 'Appartement F2 au 41ème étage', 3, 1, 1, '2024-01-01 00:00:00', '2022-01-31 00:00:00', 50),
(42, 5, 'Appartement de type F2, situé au 42ème étage d\'un immeuble de 15 étages. Il est composé d\'un séjour, d\'une cuisine, d\'une chambre, d\'une salle de bain et d\'un WC. Il est équipé d\'un chauffage individuel électrique. L\'appartement est situé à proximité des commerces et des transports en commun. Il est disponible immédiatement.', 'Appartement de type F2, situé au 42ème étage d\'un immeuble de 15 étages.', 127, '42 rue du bailleur', 'Madrid', '28001', 'Spain', 8, 0, 'En attente', '[\"house_86.jpg\",\"garage_86.jpg\",\"bath_417.jpg\",\"bath_34.jpg\",\"bath_63.jpg\",\"bed_326.jpg\",\"din_404.jpg\",\"kitchen_58.jpg\",\"kitchen_69.jpg\",\"living_290.jpg\",\"living_213.jpg\"]', 'Appartement F2 au 42ème étage', 1, 3, 1, '2023-01-01 00:00:00', '2023-01-22 00:00:00', 50),
(43, 5, 'Appartement de type F2, situé au 43ème étage d\'un immeuble de 15 étages. Il est composé d\'un séjour, d\'une cuisine, d\'une chambre, d\'une salle de bain et d\'un WC. Il est équipé d\'un chauffage individuel électrique. L\'appartement est situé à proximité des commerces et des transports en commun. Il est disponible immédiatement.', 'Appartement de type F2, situé au 43ème étage d\'un immeuble de 15 étages.', 189, '43 rue du bailleur', 'Ghent', '9000', 'Belgium', 6, 0, 'En attente', '[\"house_263.jpg\",\"garage_263.jpg\",\"bath_180.jpg\",\"bath_410.jpg\",\"bath_298.jpg\",\"bed_384.jpg\",\"bed_353.jpg\",\"bed_270.jpg\",\"bed_33.jpg\",\"bed_217.jpg\",\"din_442.jpg\",\"din_485.jpg\",\"kitchen_417.jpg\",\"living_342.jpg\"]', 'Appartement F2 au 43ème étage', 3, 3, 5, '2027-01-18 00:00:00', '2025-01-29 00:00:00', 50),
(44, 6, 'Appartement de type F2, situé au 44ème étage d\'un immeuble de 15 étages. Il est composé d\'un séjour, d\'une cuisine, d\'une chambre, d\'une salle de bain et d\'un WC. Il est équipé d\'un chauffage individuel électrique. L\'appartement est situé à proximité des commerces et des transports en commun. Il est disponible immédiatement.', 'Appartement de type F2, situé au 44ème étage d\'un immeuble de 15 étages.', 109, '44 rue du bailleur', 'Lyon', '69000', 'France', 6, 0, 'En attente', '[\"apartment_15.jpg\",\"bath_286.jpg\",\"bath_27.jpg\",\"bed_115.jpg\",\"bed_395.jpg\",\"bed_43.jpg\",\"din_483.jpg\",\"din_161.jpg\",\"kitchen_238.jpg\",\"kitchen_184.jpg\",\"living_107.jpg\"]', 'Appartement F2 au 44ème étage', 1, 2, 3, '2026-01-02 00:00:00', '2025-01-03 00:00:00', 50),
(45, 1, 'Appartement de type F2, situé au 45ème étage d\'un immeuble de 15 étages. Il est composé d\'un séjour, d\'une cuisine, d\'une chambre, d\'une salle de bain et d\'un WC. Il est équipé d\'un chauffage individuel électrique. L\'appartement est situé à proximité des commerces et des transports en commun. Il est disponible immédiatement.', 'Appartement de type F2, situé au 45ème étage d\'un immeuble de 15 étages.', 196, '45 rue du bailleur', 'Lille', '59000', 'France', 11, 0, 'En attente', '[\"apartment_175.jpg\",\"bath_364.jpg\",\"bath_417.jpg\",\"bed_98.jpg\",\"bed_113.jpg\",\"bed_111.jpg\",\"bed_492.jpg\",\"bed_342.jpg\",\"din_302.jpg\",\"din_185.jpg\",\"kitchen_67.jpg\",\"living_365.jpg\"]', 'Appartement F2 au 45ème étage', 1, 2, 5, '2028-01-27 00:00:00', '2028-01-20 00:00:00', 50),
(46, 5, 'Appartement de type F2, situé au 46ème étage d\'un immeuble de 15 étages. Il est composé d\'un séjour, d\'une cuisine, d\'une chambre, d\'une salle de bain et d\'un WC. Il est équipé d\'un chauffage individuel électrique. L\'appartement est situé à proximité des commerces et des transports en commun. Il est disponible immédiatement.', 'Appartement de type F2, situé au 46ème étage d\'un immeuble de 15 étages.', 96, '46 rue du bailleur', 'Brussels', '1000', 'Belgium', 10, 0, 'En attente', '[\"apartment_48.jpg\",\"bath_351.jpg\",\"bath_349.jpg\",\"bed_186.jpg\",\"bed_488.jpg\",\"bed_305.jpg\",\"bed_203.jpg\",\"bed_201.jpg\",\"din_452.jpg\",\"din_226.jpg\",\"din_45.jpg\",\"kitchen_458.jpg\",\"kitchen_314.jpg\",\"living_453.jpg\"]', 'Appartement F2 au 46ème étage', 2, 2, 5, '2026-01-05 00:00:00', '2029-01-18 00:00:00', 50),
(47, 3, 'Appartement de type F2, situé au 47ème étage d\'un immeuble de 15 étages. Il est composé d\'un séjour, d\'une cuisine, d\'une chambre, d\'une salle de bain et d\'un WC. Il est équipé d\'un chauffage individuel électrique. L\'appartement est situé à proximité des commerces et des transports en commun. Il est disponible immédiatement.', 'Appartement de type F2, situé au 47ème étage d\'un immeuble de 15 étages.', 35, '47 rue du bailleur', 'Barcelona', '08001', 'Spain', 15, 0, 'En attente', '[\"apartment_81.jpg\",\"bath_114.jpg\",\"bath_389.jpg\",\"bath_343.jpg\",\"bed_36.jpg\",\"bed_161.jpg\",\"bed_61.jpg\",\"bed_22.jpg\",\"din_158.jpg\",\"din_121.jpg\",\"kitchen_20.jpg\",\"kitchen_121.jpg\",\"living_70.jpg\"]', 'Appartement F2 au 47ème étage', 2, 3, 4, '2025-01-30 00:00:00', '2027-01-20 00:00:00', 50),
(48, 6, 'Appartement de type F2, situé au 48ème étage d\'un immeuble de 15 étages. Il est composé d\'un séjour, d\'une cuisine, d\'une chambre, d\'une salle de bain et d\'un WC. Il est équipé d\'un chauffage individuel électrique. L\'appartement est situé à proximité des commerces et des transports en commun. Il est disponible immédiatement.', 'Appartement de type F2, situé au 48ème étage d\'un immeuble de 15 étages.', 76, '48 rue du bailleur', 'Nice', '06000', 'France', 8, 0, 'En attente', '[\"apartment_401.jpg\",\"bath_363.jpg\",\"bed_202.jpg\",\"bed_335.jpg\",\"bed_257.jpg\",\"bed_260.jpg\",\"bed_467.jpg\",\"din_333.jpg\",\"kitchen_241.jpg\",\"kitchen_24.jpg\",\"living_56.jpg\",\"living_196.jpg\"]', 'Appartement F2 au 48ème étage', 1, 1, 5, '2027-01-06 00:00:00', '2027-01-04 00:00:00', 50),
(49, 5, 'Appartement de type F2, situé au 49ème étage d\'un immeuble de 15 étages. Il est composé d\'un séjour, d\'une cuisine, d\'une chambre, d\'une salle de bain et d\'un WC. Il est équipé d\'un chauffage individuel électrique. L\'appartement est situé à proximité des commerces et des transports en commun. Il est disponible immédiatement.', 'Appartement de type F2, situé au 49ème étage d\'un immeuble de 15 étages.', 93, '49 rue du bailleur', 'Madrid', '28001', 'Spain', 9, 0, 'En attente', '[\"apartment_243.jpg\",\"bath_84.jpg\",\"bed_370.jpg\",\"din_29.jpg\",\"din_116.jpg\",\"din_134.jpg\",\"kitchen_403.jpg\",\"living_303.jpg\"]', 'Appartement F2 au 49ème étage', 2, 1, 1, '2023-01-10 00:00:00', '2026-01-27 00:00:00', 50),
(50, 3, 'Appartement de type F2, situé au 50ème étage d\'un immeuble de 15 étages. Il est composé d\'un séjour, d\'une cuisine, d\'une chambre, d\'une salle de bain et d\'un WC. Il est équipé d\'un chauffage individuel électrique. L\'appartement est situé à proximité des commerces et des transports en commun. Il est disponible immédiatement.', 'Appartement de type F2, situé au 50ème étage d\'un immeuble de 15 étages.', 133, '50 rue du bailleur', 'Nantes', '44000', 'France', 11, 0, 'En attente', '[\"apartment_342.jpg\",\"bath_91.jpg\",\"bath_458.jpg\",\"bed_256.jpg\",\"bed_232.jpg\",\"bed_207.jpg\",\"bed_63.jpg\",\"bed_4.jpg\",\"din_380.jpg\",\"kitchen_429.jpg\",\"kitchen_7.jpg\",\"living_49.jpg\",\"living_454.jpg\"]', 'Appartement F2 au 50ème étage', 1, 2, 5, '2027-01-17 00:00:00', '2025-01-03 00:00:00', 50),
(51, 2, 'Appartement de type F2, situé au 51ème étage d\'un immeuble de 15 étages. Il est composé d\'un séjour, d\'une cuisine, d\'une chambre, d\'une salle de bain et d\'un WC. Il est équipé d\'un chauffage individuel électrique. L\'appartement est situé à proximité des commerces et des transports en commun. Il est disponible immédiatement.', 'Appartement de type F2, situé au 51ème étage d\'un immeuble de 15 étages.', 180, '51 rue du bailleur', 'Madrid', '28001', 'Spain', 14, 0, 'En attente', '[\"apartment_261.jpg\",\"bath_52.jpg\",\"bed_158.jpg\",\"din_60.jpg\",\"din_331.jpg\",\"din_304.jpg\",\"kitchen_146.jpg\",\"living_347.jpg\",\"living_174.jpg\"]', 'Appartement F2 au 51ème étage', 3, 1, 1, '2025-01-07 00:00:00', '2025-01-07 00:00:00', 50),
(52, 3, 'Appartement de type F2, situé au 52ème étage d\'un immeuble de 15 étages. Il est composé d\'un séjour, d\'une cuisine, d\'une chambre, d\'une salle de bain et d\'un WC. Il est équipé d\'un chauffage individuel électrique. L\'appartement est situé à proximité des commerces et des transports en commun. Il est disponible immédiatement.', 'Appartement de type F2, situé au 52ème étage d\'un immeuble de 15 étages.', 100, '52 rue du bailleur', 'Stuttgart', '70173', 'Germany', 13, 0, 'En attente', '[\"house_103.jpg\",\"garage_103.jpg\",\"bath_296.jpg\",\"bath_486.jpg\",\"bed_22.jpg\",\"din_420.jpg\",\"din_100.jpg\",\"kitchen_410.jpg\",\"kitchen_159.jpg\",\"living_113.jpg\"]', 'Appartement F2 au 52ème étage', 1, 2, 1, '2028-01-30 00:00:00', '2028-01-14 00:00:00', 50),
(53, 5, 'Appartement de type F2, situé au 53ème étage d\'un immeuble de 15 étages. Il est composé d\'un séjour, d\'une cuisine, d\'une chambre, d\'une salle de bain et d\'un WC. Il est équipé d\'un chauffage individuel électrique. L\'appartement est situé à proximité des commerces et des transports en commun. Il est disponible immédiatement.', 'Appartement de type F2, situé au 53ème étage d\'un immeuble de 15 étages.', 135, '53 rue du bailleur', 'Lille', '59000', 'France', 11, 0, 'En attente', '[\"apartment_452.jpg\",\"bath_41.jpg\",\"bath_156.jpg\",\"bath_79.jpg\",\"bed_360.jpg\",\"din_185.jpg\",\"din_18.jpg\",\"kitchen_46.jpg\",\"kitchen_2.jpg\",\"living_377.jpg\",\"living_90.jpg\"]', 'Appartement F2 au 53ème étage', 3, 3, 1, '2022-01-12 00:00:00', '2022-01-01 00:00:00', 50),
(54, 2, 'Appartement de type F2, situé au 54ème étage d\'un immeuble de 15 étages. Il est composé d\'un séjour, d\'une cuisine, d\'une chambre, d\'une salle de bain et d\'un WC. Il est équipé d\'un chauffage individuel électrique. L\'appartement est situé à proximité des commerces et des transports en commun. Il est disponible immédiatement.', 'Appartement de type F2, situé au 54ème étage d\'un immeuble de 15 étages.', 66, '54 rue du bailleur', 'Bordeaux', '33000', 'France', 13, 0, 'En attente', '[\"apartment_157.jpg\",\"bath_169.jpg\",\"bed_282.jpg\",\"din_178.jpg\",\"din_396.jpg\",\"kitchen_159.jpg\",\"kitchen_498.jpg\",\"living_457.jpg\",\"living_195.jpg\"]', 'Appartement F2 au 54ème étage', 1, 1, 1, '2027-01-30 00:00:00', '2029-01-09 00:00:00', 50),
(55, 3, 'Appartement de type F2, situé au 55ème étage d\'un immeuble de 15 étages. Il est composé d\'un séjour, d\'une cuisine, d\'une chambre, d\'une salle de bain et d\'un WC. Il est équipé d\'un chauffage individuel électrique. L\'appartement est situé à proximité des commerces et des transports en commun. Il est disponible immédiatement.', 'Appartement de type F2, situé au 55ème étage d\'un immeuble de 15 étages.', 171, '55 rue du bailleur', 'Monaco', '98000', 'Monaco', 8, 0, 'En attente', '[\"apartment_370.jpg\",\"bath_31.jpg\",\"bed_481.jpg\",\"bed_74.jpg\",\"bed_28.jpg\",\"din_442.jpg\",\"din_480.jpg\",\"kitchen_34.jpg\",\"living_4.jpg\"]', 'Appartement F2 au 55ème étage', 2, 1, 3, '2023-01-09 00:00:00', '2022-01-13 00:00:00', 50),
(56, 3, 'Appartement de type F2, situé au 56ème étage d\'un immeuble de 15 étages. Il est composé d\'un séjour, d\'une cuisine, d\'une chambre, d\'une salle de bain et d\'un WC. Il est équipé d\'un chauffage individuel électrique. L\'appartement est situé à proximité des commerces et des transports en commun. Il est disponible immédiatement.', 'Appartement de type F2, situé au 56ème étage d\'un immeuble de 15 étages.', 43, '56 rue du bailleur', 'Montpellier', '34000', 'France', 13, 0, 'En attente', '[\"apartment_114.jpg\",\"bath_383.jpg\",\"bed_182.jpg\",\"bed_344.jpg\",\"bed_327.jpg\",\"din_465.jpg\",\"din_239.jpg\",\"din_12.jpg\",\"kitchen_251.jpg\",\"kitchen_144.jpg\",\"living_340.jpg\",\"living_32.jpg\"]', 'Appartement F2 au 56ème étage', 2, 1, 3, '2026-01-05 00:00:00', '2026-01-19 00:00:00', 50),
(57, 6, 'Appartement de type F2, situé au 57ème étage d\'un immeuble de 15 étages. Il est composé d\'un séjour, d\'une cuisine, d\'une chambre, d\'une salle de bain et d\'un WC. Il est équipé d\'un chauffage individuel électrique. L\'appartement est situé à proximité des commerces et des transports en commun. Il est disponible immédiatement.', 'Appartement de type F2, situé au 57ème étage d\'un immeuble de 15 étages.', 164, '57 rue du bailleur', 'Andorra la Vella', 'AD500', 'Andorra', 15, 0, 'En attente', '[\"house_69.jpg\",\"garage_69.jpg\",\"bath_390.jpg\",\"bath_341.jpg\",\"bath_406.jpg\",\"bed_109.jpg\",\"bed_288.jpg\",\"din_263.jpg\",\"kitchen_362.jpg\",\"kitchen_328.jpg\",\"living_498.jpg\",\"living_115.jpg\"]', 'Appartement F2 au 57ème étage', 3, 3, 2, '2029-01-30 00:00:00', '2026-01-23 00:00:00', 50),
(58, 6, 'Appartement de type F2, situé au 58ème étage d\'un immeuble de 15 étages. Il est composé d\'un séjour, d\'une cuisine, d\'une chambre, d\'une salle de bain et d\'un WC. Il est équipé d\'un chauffage individuel électrique. L\'appartement est situé à proximité des commerces et des transports en commun. Il est disponible immédiatement.', 'Appartement de type F2, situé au 58ème étage d\'un immeuble de 15 étages.', 71, '58 rue du bailleur', 'Andorra la Vella', 'AD500', 'Andorra', 9, 0, 'En attente', '[\"apartment_477.jpg\",\"bath_59.jpg\",\"bed_68.jpg\",\"din_404.jpg\",\"kitchen_149.jpg\",\"kitchen_483.jpg\",\"living_219.jpg\"]', 'Appartement F2 au 58ème étage', 1, 1, 1, '2022-01-20 00:00:00', '2022-01-19 00:00:00', 50),
(59, 6, 'Appartement de type F2, situé au 59ème étage d\'un immeuble de 15 étages. Il est composé d\'un séjour, d\'une cuisine, d\'une chambre, d\'une salle de bain et d\'un WC. Il est équipé d\'un chauffage individuel électrique. L\'appartement est situé à proximité des commerces et des transports en commun. Il est disponible immédiatement.', 'Appartement de type F2, situé au 59ème étage d\'un immeuble de 15 étages.', 46, '59 rue du bailleur', 'Luxembourg City', 'L-1000', 'Luxembourg', 6, 0, 'En attente', '[\"house_370.jpg\",\"garage_370.jpg\",\"bath_470.jpg\",\"bed_21.jpg\",\"bed_200.jpg\",\"bed_74.jpg\",\"bed_170.jpg\",\"din_141.jpg\",\"din_299.jpg\",\"kitchen_354.jpg\",\"living_58.jpg\",\"living_67.jpg\"]', 'Appartement F2 au 59ème étage', 1, 1, 4, '2028-01-04 00:00:00', '2028-01-17 00:00:00', 50),
(60, 5, 'Appartement de type F2, situé au 60ème étage d\'un immeuble de 15 étages. Il est composé d\'un séjour, d\'une cuisine, d\'une chambre, d\'une salle de bain et d\'un WC. Il est équipé d\'un chauffage individuel électrique. L\'appartement est situé à proximité des commerces et des transports en commun. Il est disponible immédiatement.', 'Appartement de type F2, situé au 60ème étage d\'un immeuble de 15 étages.', 56, '60 rue du bailleur', 'Lyon', '69000', 'France', 14, 0, 'En attente', '[\"house_288.jpg\",\"garage_288.jpg\",\"bath_159.jpg\",\"bath_26.jpg\",\"bath_384.jpg\",\"bed_361.jpg\",\"bed_337.jpg\",\"bed_458.jpg\",\"bed_3.jpg\",\"din_471.jpg\",\"din_63.jpg\",\"din_255.jpg\",\"kitchen_361.jpg\",\"kitchen_83.jpg\",\"living_481.jpg\"]', 'Appartement F2 au 60ème étage', 1, 3, 4, '2023-01-22 00:00:00', '2025-01-01 00:00:00', 50),
(61, 2, 'Appartement de type F2, situé au 61ème étage d\'un immeuble de 15 étages. Il est composé d\'un séjour, d\'une cuisine, d\'une chambre, d\'une salle de bain et d\'un WC. Il est équipé d\'un chauffage individuel électrique. L\'appartement est situé à proximité des commerces et des transports en commun. Il est disponible immédiatement.', 'Appartement de type F2, situé au 61ème étage d\'un immeuble de 15 étages.', 48, '61 rue du bailleur', 'Geneva', '1200', 'Switzerland', 13, 0, 'En attente', '[\"apartment_363.jpg\",\"bath_2.jpg\",\"bath_406.jpg\",\"bath_450.jpg\",\"bed_37.jpg\",\"bed_468.jpg\",\"bed_329.jpg\",\"din_280.jpg\",\"din_97.jpg\",\"kitchen_215.jpg\",\"living_110.jpg\"]', 'Appartement F2 au 61ème étage', 2, 3, 3, '2022-01-04 00:00:00', '2023-01-05 00:00:00', 50),
(62, 3, 'Appartement de type F2, situé au 62ème étage d\'un immeuble de 15 étages. Il est composé d\'un séjour, d\'une cuisine, d\'une chambre, d\'une salle de bain et d\'un WC. Il est équipé d\'un chauffage individuel électrique. L\'appartement est situé à proximité des commerces et des transports en commun. Il est disponible immédiatement.', 'Appartement de type F2, situé au 62ème étage d\'un immeuble de 15 étages.', 66, '62 rue du bailleur', 'Basel', '4000', 'Switzerland', 12, 0, 'En attente', '[\"apartment_88.jpg\",\"bath_463.jpg\",\"bath_41.jpg\",\"bath_450.jpg\",\"bed_131.jpg\",\"bed_397.jpg\",\"din_395.jpg\",\"din_478.jpg\",\"kitchen_180.jpg\",\"kitchen_122.jpg\",\"living_118.jpg\"]', 'Appartement F2 au 62ème étage', 2, 3, 2, '2024-01-12 00:00:00', '2025-01-29 00:00:00', 50);
INSERT INTO `scp_appartement` (`id`, `bailleur_id`, `description`, `short_desc`, `price`, `address`, `city`, `postal_code`, `country`, `nb_voyageurs`, `note`, `state`, `images`, `titre`, `nbchambers`, `nbbathrooms`, `nb_beds`, `created_at`, `updated_at`, `surface`) VALUES
(63, 6, 'Appartement de type F2, situé au 63ème étage d\'un immeuble de 15 étages. Il est composé d\'un séjour, d\'une cuisine, d\'une chambre, d\'une salle de bain et d\'un WC. Il est équipé d\'un chauffage individuel électrique. L\'appartement est situé à proximité des commerces et des transports en commun. Il est disponible immédiatement.', 'Appartement de type F2, situé au 63ème étage d\'un immeuble de 15 étages.', 119, '63 rue du bailleur', 'Toulouse', '31000', 'France', 11, 0, 'En attente', '[\"apartment_28.jpg\",\"bath_19.jpg\",\"bath_109.jpg\",\"bed_429.jpg\",\"bed_430.jpg\",\"bed_187.jpg\",\"bed_235.jpg\",\"bed_154.jpg\",\"din_450.jpg\",\"kitchen_53.jpg\",\"living_439.jpg\",\"living_386.jpg\"]', 'Appartement F2 au 63ème étage', 3, 2, 5, '2023-01-26 00:00:00', '2023-01-30 00:00:00', 50),
(64, 1, 'Appartement de type F2, situé au 64ème étage d\'un immeuble de 15 étages. Il est composé d\'un séjour, d\'une cuisine, d\'une chambre, d\'une salle de bain et d\'un WC. Il est équipé d\'un chauffage individuel électrique. L\'appartement est situé à proximité des commerces et des transports en commun. Il est disponible immédiatement.', 'Appartement de type F2, situé au 64ème étage d\'un immeuble de 15 étages.', 141, '64 rue du bailleur', 'Marseille', '13000', 'France', 8, 0, 'En attente', '[\"house_464.jpg\",\"garage_464.jpg\",\"bath_182.jpg\",\"bath_7.jpg\",\"bath_21.jpg\",\"bed_22.jpg\",\"din_398.jpg\",\"din_113.jpg\",\"din_33.jpg\",\"kitchen_491.jpg\",\"living_39.jpg\"]', 'Appartement F2 au 64ème étage', 3, 3, 1, '2028-01-16 00:00:00', '2027-01-18 00:00:00', 50),
(65, 2, 'Appartement de type F2, situé au 65ème étage d\'un immeuble de 15 étages. Il est composé d\'un séjour, d\'une cuisine, d\'une chambre, d\'une salle de bain et d\'un WC. Il est équipé d\'un chauffage individuel électrique. L\'appartement est situé à proximité des commerces et des transports en commun. Il est disponible immédiatement.', 'Appartement de type F2, situé au 65ème étage d\'un immeuble de 15 étages.', 45, '65 rue du bailleur', 'Valencia', '46001', 'Spain', 13, 0, 'En attente', '[\"house_66.jpg\",\"garage_66.jpg\",\"bath_458.jpg\",\"bed_446.jpg\",\"din_223.jpg\",\"din_59.jpg\",\"din_442.jpg\",\"kitchen_350.jpg\",\"kitchen_74.jpg\",\"living_67.jpg\"]', 'Appartement F2 au 65ème étage', 1, 1, 1, '2022-01-04 00:00:00', '2025-01-24 00:00:00', 50),
(66, 1, 'Appartement de type F2, situé au 66ème étage d\'un immeuble de 15 étages. Il est composé d\'un séjour, d\'une cuisine, d\'une chambre, d\'une salle de bain et d\'un WC. Il est équipé d\'un chauffage individuel électrique. L\'appartement est situé à proximité des commerces et des transports en commun. Il est disponible immédiatement.', 'Appartement de type F2, situé au 66ème étage d\'un immeuble de 15 étages.', 82, '66 rue du bailleur', 'Milan', '20100', 'Italy', 5, 0, 'En attente', '[\"house_25.jpg\",\"garage_25.jpg\",\"bath_66.jpg\",\"bath_284.jpg\",\"bath_136.jpg\",\"bed_319.jpg\",\"bed_284.jpg\",\"din_461.jpg\",\"din_497.jpg\",\"din_346.jpg\",\"kitchen_65.jpg\",\"living_439.jpg\"]', 'Appartement F2 au 66ème étage', 1, 3, 2, '2028-01-11 00:00:00', '2023-01-08 00:00:00', 50),
(67, 3, 'Appartement de type F2, situé au 67ème étage d\'un immeuble de 15 étages. Il est composé d\'un séjour, d\'une cuisine, d\'une chambre, d\'une salle de bain et d\'un WC. Il est équipé d\'un chauffage individuel électrique. L\'appartement est situé à proximité des commerces et des transports en commun. Il est disponible immédiatement.', 'Appartement de type F2, situé au 67ème étage d\'un immeuble de 15 étages.', 36, '67 rue du bailleur', 'Antwerp', '2000', 'Belgium', 8, 0, 'En attente', '[\"apartment_265.jpg\",\"bath_38.jpg\",\"bath_178.jpg\",\"bed_47.jpg\",\"bed_202.jpg\",\"bed_488.jpg\",\"bed_284.jpg\",\"din_150.jpg\",\"din_120.jpg\",\"kitchen_334.jpg\",\"kitchen_109.jpg\",\"living_261.jpg\",\"living_303.jpg\"]', 'Appartement F2 au 67ème étage', 1, 2, 4, '2022-01-21 00:00:00', '2029-01-28 00:00:00', 50),
(68, 6, 'Appartement de type F2, situé au 68ème étage d\'un immeuble de 15 étages. Il est composé d\'un séjour, d\'une cuisine, d\'une chambre, d\'une salle de bain et d\'un WC. Il est équipé d\'un chauffage individuel électrique. L\'appartement est situé à proximité des commerces et des transports en commun. Il est disponible immédiatement.', 'Appartement de type F2, situé au 68ème étage d\'un immeuble de 15 étages.', 92, '68 rue du bailleur', 'Valencia', '46001', 'Spain', 11, 0, 'En attente', '[\"house_214.jpg\",\"garage_214.jpg\",\"bath_254.jpg\",\"bed_104.jpg\",\"bed_434.jpg\",\"bed_430.jpg\",\"din_24.jpg\",\"kitchen_401.jpg\",\"kitchen_81.jpg\",\"living_458.jpg\",\"living_32.jpg\"]', 'Appartement F2 au 68ème étage', 2, 1, 3, '2025-01-30 00:00:00', '2022-01-31 00:00:00', 50),
(69, 2, 'Appartement de type F2, situé au 69ème étage d\'un immeuble de 15 étages. Il est composé d\'un séjour, d\'une cuisine, d\'une chambre, d\'une salle de bain et d\'un WC. Il est équipé d\'un chauffage individuel électrique. L\'appartement est situé à proximité des commerces et des transports en commun. Il est disponible immédiatement.', 'Appartement de type F2, situé au 69ème étage d\'un immeuble de 15 étages.', 80, '69 rue du bailleur', 'Paris', '75000', 'France', 15, 0, 'En attente', '[\"house_173.jpg\",\"garage_173.jpg\",\"bath_281.jpg\",\"bath_134.jpg\",\"bed_327.jpg\",\"bed_356.jpg\",\"bed_370.jpg\",\"bed_480.jpg\",\"bed_402.jpg\",\"din_270.jpg\",\"din_237.jpg\",\"kitchen_282.jpg\",\"living_257.jpg\",\"living_391.jpg\"]', 'Appartement F2 au 69ème étage', 1, 2, 5, '2023-01-04 00:00:00', '2028-01-02 00:00:00', 50),
(70, 3, 'Appartement de type F2, situé au 70ème étage d\'un immeuble de 15 étages. Il est composé d\'un séjour, d\'une cuisine, d\'une chambre, d\'une salle de bain et d\'un WC. Il est équipé d\'un chauffage individuel électrique. L\'appartement est situé à proximité des commerces et des transports en commun. Il est disponible immédiatement.', 'Appartement de type F2, situé au 70ème étage d\'un immeuble de 15 étages.', 98, '70 rue du bailleur', 'Monaco', '98000', 'Monaco', 7, 0, 'En attente', '[\"apartment_124.jpg\",\"bath_163.jpg\",\"bed_448.jpg\",\"bed_216.jpg\",\"din_412.jpg\",\"din_193.jpg\",\"kitchen_227.jpg\",\"kitchen_238.jpg\",\"living_351.jpg\"]', 'Appartement F2 au 70ème étage', 2, 1, 2, '2022-01-18 00:00:00', '2029-01-11 00:00:00', 50),
(71, 4, 'Appartement de type F2, situé au 71ème étage d\'un immeuble de 15 étages. Il est composé d\'un séjour, d\'une cuisine, d\'une chambre, d\'une salle de bain et d\'un WC. Il est équipé d\'un chauffage individuel électrique. L\'appartement est situé à proximité des commerces et des transports en commun. Il est disponible immédiatement.', 'Appartement de type F2, situé au 71ème étage d\'un immeuble de 15 étages.', 41, '71 rue du bailleur', 'Andorra la Vella', 'AD500', 'Andorra', 10, 0, 'En attente', '[\"apartment_377.jpg\",\"bath_324.jpg\",\"bath_305.jpg\",\"bath_427.jpg\",\"bed_375.jpg\",\"bed_478.jpg\",\"bed_301.jpg\",\"bed_256.jpg\",\"bed_197.jpg\",\"din_275.jpg\",\"din_52.jpg\",\"kitchen_228.jpg\",\"kitchen_77.jpg\",\"living_426.jpg\"]', 'Appartement F2 au 71ème étage', 1, 3, 5, '2022-01-27 00:00:00', '2023-01-23 00:00:00', 50),
(72, 6, 'Appartement de type F2, situé au 72ème étage d\'un immeuble de 15 étages. Il est composé d\'un séjour, d\'une cuisine, d\'une chambre, d\'une salle de bain et d\'un WC. Il est équipé d\'un chauffage individuel électrique. L\'appartement est situé à proximité des commerces et des transports en commun. Il est disponible immédiatement.', 'Appartement de type F2, situé au 72ème étage d\'un immeuble de 15 étages.', 44, '72 rue du bailleur', 'Madrid', '28001', 'Spain', 6, 0, 'En attente', '[\"house_269.jpg\",\"garage_269.jpg\",\"bath_169.jpg\",\"bath_130.jpg\",\"bath_331.jpg\",\"bed_292.jpg\",\"bed_349.jpg\",\"din_310.jpg\",\"kitchen_437.jpg\",\"living_141.jpg\",\"living_381.jpg\"]', 'Appartement F2 au 72ème étage', 2, 3, 2, '2026-01-19 00:00:00', '2028-01-16 00:00:00', 50),
(73, 6, 'Appartement de type F2, situé au 73ème étage d\'un immeuble de 15 étages. Il est composé d\'un séjour, d\'une cuisine, d\'une chambre, d\'une salle de bain et d\'un WC. Il est équipé d\'un chauffage individuel électrique. L\'appartement est situé à proximité des commerces et des transports en commun. Il est disponible immédiatement.', 'Appartement de type F2, situé au 73ème étage d\'un immeuble de 15 étages.', 49, '73 rue du bailleur', 'Brussels', '1000', 'Belgium', 6, 0, 'En attente', '[\"apartment_211.jpg\",\"bath_409.jpg\",\"bed_4.jpg\",\"bed_355.jpg\",\"bed_186.jpg\",\"bed_60.jpg\",\"din_181.jpg\",\"din_24.jpg\",\"din_153.jpg\",\"kitchen_456.jpg\",\"kitchen_189.jpg\",\"living_169.jpg\"]', 'Appartement F2 au 73ème étage', 1, 1, 4, '2029-01-21 00:00:00', '2026-01-30 00:00:00', 50),
(74, 1, 'Appartement de type F2, situé au 74ème étage d\'un immeuble de 15 étages. Il est composé d\'un séjour, d\'une cuisine, d\'une chambre, d\'une salle de bain et d\'un WC. Il est équipé d\'un chauffage individuel électrique. L\'appartement est situé à proximité des commerces et des transports en commun. Il est disponible immédiatement.', 'Appartement de type F2, situé au 74ème étage d\'un immeuble de 15 étages.', 108, '74 rue du bailleur', 'Stuttgart', '70173', 'Germany', 8, 0, 'En attente', '[\"house_59.jpg\",\"garage_59.jpg\",\"bath_56.jpg\",\"bath_441.jpg\",\"bed_172.jpg\",\"din_230.jpg\",\"kitchen_66.jpg\",\"kitchen_456.jpg\",\"living_405.jpg\",\"living_158.jpg\"]', 'Appartement F2 au 74ème étage', 1, 2, 1, '2022-01-20 00:00:00', '2029-01-18 00:00:00', 50),
(75, 6, 'Appartement de type F2, situé au 75ème étage d\'un immeuble de 15 étages. Il est composé d\'un séjour, d\'une cuisine, d\'une chambre, d\'une salle de bain et d\'un WC. Il est équipé d\'un chauffage individuel électrique. L\'appartement est situé à proximité des commerces et des transports en commun. Il est disponible immédiatement.', 'Appartement de type F2, situé au 75ème étage d\'un immeuble de 15 étages.', 178, '75 rue du bailleur', 'Esch-sur-Alzette', 'L-4001', 'Luxembourg', 6, 0, 'En attente', '[\"apartment_11.jpg\",\"bath_410.jpg\",\"bath_167.jpg\",\"bath_415.jpg\",\"bed_23.jpg\",\"bed_495.jpg\",\"bed_330.jpg\",\"bed_32.jpg\",\"din_493.jpg\",\"din_308.jpg\",\"kitchen_26.jpg\",\"living_397.jpg\",\"living_328.jpg\"]', 'Appartement F2 au 75ème étage', 1, 3, 4, '2029-01-14 00:00:00', '2028-01-08 00:00:00', 50),
(76, 5, 'Appartement de type F2, situé au 76ème étage d\'un immeuble de 15 étages. Il est composé d\'un séjour, d\'une cuisine, d\'une chambre, d\'une salle de bain et d\'un WC. Il est équipé d\'un chauffage individuel électrique. L\'appartement est situé à proximité des commerces et des transports en commun. Il est disponible immédiatement.', 'Appartement de type F2, situé au 76ème étage d\'un immeuble de 15 étages.', 152, '76 rue du bailleur', 'Geneva', '1200', 'Switzerland', 6, 0, 'En attente', '[\"apartment_350.jpg\",\"bath_300.jpg\",\"bath_17.jpg\",\"bath_66.jpg\",\"bed_122.jpg\",\"bed_137.jpg\",\"bed_488.jpg\",\"bed_183.jpg\",\"din_65.jpg\",\"din_125.jpg\",\"kitchen_396.jpg\",\"kitchen_194.jpg\",\"living_485.jpg\"]', 'Appartement F2 au 76ème étage', 2, 3, 4, '2027-01-13 00:00:00', '2024-01-22 00:00:00', 50),
(77, 6, 'Appartement de type F2, situé au 77ème étage d\'un immeuble de 15 étages. Il est composé d\'un séjour, d\'une cuisine, d\'une chambre, d\'une salle de bain et d\'un WC. Il est équipé d\'un chauffage individuel électrique. L\'appartement est situé à proximité des commerces et des transports en commun. Il est disponible immédiatement.', 'Appartement de type F2, situé au 77ème étage d\'un immeuble de 15 étages.', 29, '77 rue du bailleur', 'Rome', '00100', 'Italy', 11, 0, 'En attente', '[\"house_325.jpg\",\"garage_325.jpg\",\"bath_402.jpg\",\"bed_47.jpg\",\"din_82.jpg\",\"din_208.jpg\",\"kitchen_226.jpg\",\"living_341.jpg\",\"living_496.jpg\"]', 'Appartement F2 au 77ème étage', 1, 1, 1, '2025-01-23 00:00:00', '2029-01-09 00:00:00', 50),
(78, 3, 'Appartement de type F2, situé au 78ème étage d\'un immeuble de 15 étages. Il est composé d\'un séjour, d\'une cuisine, d\'une chambre, d\'une salle de bain et d\'un WC. Il est équipé d\'un chauffage individuel électrique. L\'appartement est situé à proximité des commerces et des transports en commun. Il est disponible immédiatement.', 'Appartement de type F2, situé au 78ème étage d\'un immeuble de 15 étages.', 110, '78 rue du bailleur', 'Barcelona', '08001', 'Spain', 13, 0, 'En attente', '[\"apartment_184.jpg\",\"bath_417.jpg\",\"bath_21.jpg\",\"bed_70.jpg\",\"din_59.jpg\",\"kitchen_87.jpg\",\"kitchen_458.jpg\",\"living_300.jpg\"]', 'Appartement F2 au 78ème étage', 3, 2, 1, '2027-01-15 00:00:00', '2026-01-14 00:00:00', 50),
(79, 5, 'Appartement de type F2, situé au 79ème étage d\'un immeuble de 15 étages. Il est composé d\'un séjour, d\'une cuisine, d\'une chambre, d\'une salle de bain et d\'un WC. Il est équipé d\'un chauffage individuel électrique. L\'appartement est situé à proximité des commerces et des transports en commun. Il est disponible immédiatement.', 'Appartement de type F2, situé au 79ème étage d\'un immeuble de 15 étages.', 135, '79 rue du bailleur', 'Berlin', '10115', 'Germany', 9, 0, 'En attente', '[\"apartment_43.jpg\",\"bath_284.jpg\",\"bath_458.jpg\",\"bed_321.jpg\",\"din_400.jpg\",\"din_296.jpg\",\"din_409.jpg\",\"kitchen_333.jpg\",\"living_425.jpg\"]', 'Appartement F2 au 79ème étage', 3, 2, 1, '2029-01-26 00:00:00', '2025-01-14 00:00:00', 50),
(80, 3, 'Appartement de type F2, situé au 80ème étage d\'un immeuble de 15 étages. Il est composé d\'un séjour, d\'une cuisine, d\'une chambre, d\'une salle de bain et d\'un WC. Il est équipé d\'un chauffage individuel électrique. L\'appartement est situé à proximité des commerces et des transports en commun. Il est disponible immédiatement.', 'Appartement de type F2, situé au 80ème étage d\'un immeuble de 15 étages.', 43, '80 rue du bailleur', 'Rome', '00100', 'Italy', 14, 0, 'En attente', '[\"apartment_12.jpg\",\"bath_74.jpg\",\"bed_201.jpg\",\"din_9.jpg\",\"din_340.jpg\",\"din_189.jpg\",\"kitchen_148.jpg\",\"kitchen_8.jpg\",\"living_153.jpg\"]', 'Appartement F2 au 80ème étage', 1, 1, 1, '2029-01-26 00:00:00', '2022-01-01 00:00:00', 50),
(81, 6, 'Appartement de type F2, situé au 81ème étage d\'un immeuble de 15 étages. Il est composé d\'un séjour, d\'une cuisine, d\'une chambre, d\'une salle de bain et d\'un WC. Il est équipé d\'un chauffage individuel électrique. L\'appartement est situé à proximité des commerces et des transports en commun. Il est disponible immédiatement.', 'Appartement de type F2, situé au 81ème étage d\'un immeuble de 15 étages.', 163, '81 rue du bailleur', 'Nice', '06000', 'France', 13, 0, 'En attente', '[\"apartment_196.jpg\",\"bath_177.jpg\",\"bath_133.jpg\",\"bed_242.jpg\",\"bed_205.jpg\",\"bed_237.jpg\",\"bed_68.jpg\",\"bed_339.jpg\",\"din_229.jpg\",\"din_55.jpg\",\"kitchen_9.jpg\",\"kitchen_428.jpg\",\"living_224.jpg\"]', 'Appartement F2 au 81ème étage', 2, 2, 5, '2024-01-09 00:00:00', '2028-01-21 00:00:00', 50),
(82, 2, 'Appartement de type F2, situé au 82ème étage d\'un immeuble de 15 étages. Il est composé d\'un séjour, d\'une cuisine, d\'une chambre, d\'une salle de bain et d\'un WC. Il est équipé d\'un chauffage individuel électrique. L\'appartement est situé à proximité des commerces et des transports en commun. Il est disponible immédiatement.', 'Appartement de type F2, situé au 82ème étage d\'un immeuble de 15 étages.', 47, '82 rue du bailleur', 'Esch-sur-Alzette', 'L-4001', 'Luxembourg', 11, 0, 'En attente', '[\"apartment_367.jpg\",\"bath_133.jpg\",\"bed_306.jpg\",\"bed_396.jpg\",\"bed_107.jpg\",\"bed_17.jpg\",\"din_336.jpg\",\"kitchen_469.jpg\",\"kitchen_14.jpg\",\"living_200.jpg\"]', 'Appartement F2 au 82ème étage', 3, 1, 4, '2025-01-13 00:00:00', '2028-01-24 00:00:00', 50),
(83, 4, 'Appartement de type F2, situé au 83ème étage d\'un immeuble de 15 étages. Il est composé d\'un séjour, d\'une cuisine, d\'une chambre, d\'une salle de bain et d\'un WC. Il est équipé d\'un chauffage individuel électrique. L\'appartement est situé à proximité des commerces et des transports en commun. Il est disponible immédiatement.', 'Appartement de type F2, situé au 83ème étage d\'un immeuble de 15 étages.', 89, '83 rue du bailleur', 'Andorra la Vella', 'AD500', 'Andorra', 6, 0, 'En attente', '[\"apartment_141.jpg\",\"bath_392.jpg\",\"bath_20.jpg\",\"bed_262.jpg\",\"bed_161.jpg\",\"bed_143.jpg\",\"bed_409.jpg\",\"bed_421.jpg\",\"din_350.jpg\",\"din_176.jpg\",\"din_415.jpg\",\"kitchen_382.jpg\",\"kitchen_233.jpg\",\"living_190.jpg\",\"living_352.jpg\"]', 'Appartement F2 au 83ème étage', 2, 2, 5, '2022-01-13 00:00:00', '2024-01-16 00:00:00', 50),
(84, 4, 'Appartement de type F2, situé au 84ème étage d\'un immeuble de 15 étages. Il est composé d\'un séjour, d\'une cuisine, d\'une chambre, d\'une salle de bain et d\'un WC. Il est équipé d\'un chauffage individuel électrique. L\'appartement est situé à proximité des commerces et des transports en commun. Il est disponible immédiatement.', 'Appartement de type F2, situé au 84ème étage d\'un immeuble de 15 étages.', 45, '84 rue du bailleur', 'Paris', '75000', 'France', 10, 0, 'En attente', '[\"house_220.jpg\",\"garage_220.jpg\",\"bath_41.jpg\",\"bath_151.jpg\",\"bed_165.jpg\",\"bed_21.jpg\",\"bed_338.jpg\",\"bed_359.jpg\",\"bed_303.jpg\",\"din_100.jpg\",\"din_159.jpg\",\"kitchen_94.jpg\",\"kitchen_294.jpg\",\"living_365.jpg\",\"living_182.jpg\"]', 'Appartement F2 au 84ème étage', 1, 2, 5, '2024-01-11 00:00:00', '2025-01-09 00:00:00', 50),
(85, 6, 'Appartement de type F2, situé au 85ème étage d\'un immeuble de 15 étages. Il est composé d\'un séjour, d\'une cuisine, d\'une chambre, d\'une salle de bain et d\'un WC. Il est équipé d\'un chauffage individuel électrique. L\'appartement est situé à proximité des commerces et des transports en commun. Il est disponible immédiatement.', 'Appartement de type F2, situé au 85ème étage d\'un immeuble de 15 étages.', 100, '85 rue du bailleur', 'Luxembourg City', 'L-1000', 'Luxembourg', 11, 0, 'En attente', '[\"house_328.jpg\",\"garage_328.jpg\",\"bath_284.jpg\",\"bath_158.jpg\",\"bath_61.jpg\",\"bed_356.jpg\",\"din_268.jpg\",\"din_121.jpg\",\"kitchen_345.jpg\",\"living_374.jpg\",\"living_265.jpg\"]', 'Appartement F2 au 85ème étage', 3, 3, 1, '2024-01-22 00:00:00', '2027-01-15 00:00:00', 50),
(86, 4, 'Appartement de type F2, situé au 86ème étage d\'un immeuble de 15 étages. Il est composé d\'un séjour, d\'une cuisine, d\'une chambre, d\'une salle de bain et d\'un WC. Il est équipé d\'un chauffage individuel électrique. L\'appartement est situé à proximité des commerces et des transports en commun. Il est disponible immédiatement.', 'Appartement de type F2, situé au 86ème étage d\'un immeuble de 15 étages.', 48, '86 rue du bailleur', 'Marseille', '13000', 'France', 10, 0, 'En attente', '[\"apartment_5.jpg\",\"bath_452.jpg\",\"bath_56.jpg\",\"bath_439.jpg\",\"bed_322.jpg\",\"bed_16.jpg\",\"bed_348.jpg\",\"bed_426.jpg\",\"bed_10.jpg\",\"din_184.jpg\",\"din_140.jpg\",\"kitchen_91.jpg\",\"living_433.jpg\",\"living_72.jpg\"]', 'Appartement F2 au 86ème étage', 1, 3, 5, '2023-01-11 00:00:00', '2024-01-27 00:00:00', 50),
(87, 1, 'Appartement de type F2, situé au 87ème étage d\'un immeuble de 15 étages. Il est composé d\'un séjour, d\'une cuisine, d\'une chambre, d\'une salle de bain et d\'un WC. Il est équipé d\'un chauffage individuel électrique. L\'appartement est situé à proximité des commerces et des transports en commun. Il est disponible immédiatement.', 'Appartement de type F2, situé au 87ème étage d\'un immeuble de 15 étages.', 78, '87 rue du bailleur', 'Valencia', '46001', 'Spain', 13, 0, 'En attente', '[\"house_101.jpg\",\"garage_101.jpg\",\"bath_268.jpg\",\"bath_324.jpg\",\"bed_255.jpg\",\"bed_109.jpg\",\"bed_163.jpg\",\"bed_91.jpg\",\"bed_78.jpg\",\"din_377.jpg\",\"din_417.jpg\",\"kitchen_428.jpg\",\"kitchen_56.jpg\",\"living_114.jpg\",\"living_216.jpg\"]', 'Appartement F2 au 87ème étage', 1, 2, 5, '2022-01-18 00:00:00', '2029-01-02 00:00:00', 50),
(88, 6, 'Appartement de type F2, situé au 88ème étage d\'un immeuble de 15 étages. Il est composé d\'un séjour, d\'une cuisine, d\'une chambre, d\'une salle de bain et d\'un WC. Il est équipé d\'un chauffage individuel électrique. L\'appartement est situé à proximité des commerces et des transports en commun. Il est disponible immédiatement.', 'Appartement de type F2, situé au 88ème étage d\'un immeuble de 15 étages.', 156, '88 rue du bailleur', 'Nantes', '44000', 'France', 10, 0, 'En attente', '[\"house_221.jpg\",\"garage_221.jpg\",\"bath_274.jpg\",\"bath_401.jpg\",\"bath_305.jpg\",\"bed_298.jpg\",\"bed_473.jpg\",\"bed_388.jpg\",\"bed_220.jpg\",\"din_331.jpg\",\"kitchen_361.jpg\",\"kitchen_319.jpg\",\"living_272.jpg\"]', 'Appartement F2 au 88ème étage', 1, 3, 4, '2027-01-08 00:00:00', '2028-01-30 00:00:00', 50),
(89, 5, 'Appartement de type F2, situé au 89ème étage d\'un immeuble de 15 étages. Il est composé d\'un séjour, d\'une cuisine, d\'une chambre, d\'une salle de bain et d\'un WC. Il est équipé d\'un chauffage individuel électrique. L\'appartement est situé à proximité des commerces et des transports en commun. Il est disponible immédiatement.', 'Appartement de type F2, situé au 89ème étage d\'un immeuble de 15 étages.', 130, '89 rue du bailleur', 'Toulouse', '31000', 'France', 14, 0, 'En attente', '[\"apartment_494.jpg\",\"bath_396.jpg\",\"bath_283.jpg\",\"bath_5.jpg\",\"bed_330.jpg\",\"bed_114.jpg\",\"bed_359.jpg\",\"din_251.jpg\",\"kitchen_109.jpg\",\"living_456.jpg\",\"living_390.jpg\"]', 'Appartement F2 au 89ème étage', 3, 3, 3, '2027-01-03 00:00:00', '2022-01-18 00:00:00', 50),
(90, 2, 'Appartement de type F2, situé au 90ème étage d\'un immeuble de 15 étages. Il est composé d\'un séjour, d\'une cuisine, d\'une chambre, d\'une salle de bain et d\'un WC. Il est équipé d\'un chauffage individuel électrique. L\'appartement est situé à proximité des commerces et des transports en commun. Il est disponible immédiatement.', 'Appartement de type F2, situé au 90ème étage d\'un immeuble de 15 étages.', 45, '90 rue du bailleur', 'Rome', '00100', 'Italy', 11, 0, 'En attente', '[\"apartment_53.jpg\",\"bath_325.jpg\",\"bath_84.jpg\",\"bath_178.jpg\",\"bed_276.jpg\",\"bed_411.jpg\",\"bed_200.jpg\",\"din_483.jpg\",\"kitchen_140.jpg\",\"kitchen_54.jpg\",\"living_204.jpg\"]', 'Appartement F2 au 90ème étage', 3, 3, 3, '2029-01-15 00:00:00', '2024-01-22 00:00:00', 50),
(91, 5, 'Appartement de type F2, situé au 91ème étage d\'un immeuble de 15 étages. Il est composé d\'un séjour, d\'une cuisine, d\'une chambre, d\'une salle de bain et d\'un WC. Il est équipé d\'un chauffage individuel électrique. L\'appartement est situé à proximité des commerces et des transports en commun. Il est disponible immédiatement.', 'Appartement de type F2, situé au 91ème étage d\'un immeuble de 15 étages.', 98, '91 rue du bailleur', 'Geneva', '1200', 'Switzerland', 14, 0, 'En attente', '[\"apartment_486.jpg\",\"bath_70.jpg\",\"bath_400.jpg\",\"bed_334.jpg\",\"bed_289.jpg\",\"bed_261.jpg\",\"din_312.jpg\",\"din_124.jpg\",\"din_497.jpg\",\"kitchen_24.jpg\",\"kitchen_109.jpg\",\"living_23.jpg\"]', 'Appartement F2 au 91ème étage', 3, 2, 3, '2028-01-10 00:00:00', '2027-01-30 00:00:00', 50),
(92, 5, 'Appartement de type F2, situé au 92ème étage d\'un immeuble de 15 étages. Il est composé d\'un séjour, d\'une cuisine, d\'une chambre, d\'une salle de bain et d\'un WC. Il est équipé d\'un chauffage individuel électrique. L\'appartement est situé à proximité des commerces et des transports en commun. Il est disponible immédiatement.', 'Appartement de type F2, situé au 92ème étage d\'un immeuble de 15 étages.', 63, '92 rue du bailleur', 'Esch-sur-Alzette', 'L-4001', 'Luxembourg', 13, 0, 'En attente', '[\"apartment_115.jpg\",\"bath_115.jpg\",\"bed_115.jpg\",\"bed_381.jpg\",\"bed_262.jpg\",\"din_193.jpg\",\"din_208.jpg\",\"din_361.jpg\",\"kitchen_92.jpg\",\"living_441.jpg\",\"living_339.jpg\"]', 'Appartement F2 au 92ème étage', 1, 1, 3, '2022-01-15 00:00:00', '2026-01-04 00:00:00', 50),
(93, 4, 'Appartement de type F2, situé au 93ème étage d\'un immeuble de 15 étages. Il est composé d\'un séjour, d\'une cuisine, d\'une chambre, d\'une salle de bain et d\'un WC. Il est équipé d\'un chauffage individuel électrique. L\'appartement est situé à proximité des commerces et des transports en commun. Il est disponible immédiatement.', 'Appartement de type F2, situé au 93ème étage d\'un immeuble de 15 étages.', 134, '93 rue du bailleur', 'Montpellier', '34000', 'France', 11, 0, 'En attente', '[\"apartment_396.jpg\",\"bath_100.jpg\",\"bed_397.jpg\",\"bed_147.jpg\",\"bed_302.jpg\",\"din_392.jpg\",\"din_260.jpg\",\"kitchen_449.jpg\",\"living_139.jpg\"]', 'Appartement F2 au 93ème étage', 3, 1, 3, '2028-01-08 00:00:00', '2027-01-27 00:00:00', 50),
(94, 6, 'Appartement de type F2, situé au 94ème étage d\'un immeuble de 15 étages. Il est composé d\'un séjour, d\'une cuisine, d\'une chambre, d\'une salle de bain et d\'un WC. Il est équipé d\'un chauffage individuel électrique. L\'appartement est situé à proximité des commerces et des transports en commun. Il est disponible immédiatement.', 'Appartement de type F2, situé au 94ème étage d\'un immeuble de 15 étages.', 89, '94 rue du bailleur', 'Strasbourg', '67000', 'France', 15, 0, 'En attente', '[\"apartment_231.jpg\",\"bath_264.jpg\",\"bath_408.jpg\",\"bed_446.jpg\",\"bed_329.jpg\",\"bed_97.jpg\",\"bed_180.jpg\",\"bed_488.jpg\",\"din_270.jpg\",\"din_314.jpg\",\"din_45.jpg\",\"kitchen_479.jpg\",\"living_448.jpg\",\"living_290.jpg\"]', 'Appartement F2 au 94ème étage', 2, 2, 5, '2027-01-16 00:00:00', '2024-01-19 00:00:00', 50),
(95, 5, 'Appartement de type F2, situé au 95ème étage d\'un immeuble de 15 étages. Il est composé d\'un séjour, d\'une cuisine, d\'une chambre, d\'une salle de bain et d\'un WC. Il est équipé d\'un chauffage individuel électrique. L\'appartement est situé à proximité des commerces et des transports en commun. Il est disponible immédiatement.', 'Appartement de type F2, situé au 95ème étage d\'un immeuble de 15 étages.', 82, '95 rue du bailleur', 'Frankfurt', '60311', 'Germany', 6, 0, 'En attente', '[\"apartment_80.jpg\",\"bath_408.jpg\",\"bath_390.jpg\",\"bath_185.jpg\",\"bed_224.jpg\",\"din_50.jpg\",\"kitchen_464.jpg\",\"living_387.jpg\",\"living_204.jpg\"]', 'Appartement F2 au 95ème étage', 3, 3, 1, '2022-01-24 00:00:00', '2028-01-04 00:00:00', 50),
(96, 2, 'Appartement de type F2, situé au 96ème étage d\'un immeuble de 15 étages. Il est composé d\'un séjour, d\'une cuisine, d\'une chambre, d\'une salle de bain et d\'un WC. Il est équipé d\'un chauffage individuel électrique. L\'appartement est situé à proximité des commerces et des transports en commun. Il est disponible immédiatement.', 'Appartement de type F2, situé au 96ème étage d\'un immeuble de 15 étages.', 64, '96 rue du bailleur', 'Berlin', '10115', 'Germany', 15, 0, 'En attente', '[\"house_141.jpg\",\"garage_141.jpg\",\"bath_166.jpg\",\"bath_38.jpg\",\"bed_4.jpg\",\"bed_118.jpg\",\"bed_52.jpg\",\"bed_353.jpg\",\"bed_455.jpg\",\"din_366.jpg\",\"din_255.jpg\",\"kitchen_346.jpg\",\"living_10.jpg\"]', 'Appartement F2 au 96ème étage', 2, 2, 5, '2028-01-12 00:00:00', '2026-01-25 00:00:00', 50),
(97, 3, 'Appartement de type F2, situé au 97ème étage d\'un immeuble de 15 étages. Il est composé d\'un séjour, d\'une cuisine, d\'une chambre, d\'une salle de bain et d\'un WC. Il est équipé d\'un chauffage individuel électrique. L\'appartement est situé à proximité des commerces et des transports en commun. Il est disponible immédiatement.', 'Appartement de type F2, situé au 97ème étage d\'un immeuble de 15 étages.', 196, '97 rue du bailleur', 'Barcelona', '08001', 'Spain', 11, 0, 'En attente', '[\"house_308.jpg\",\"garage_308.jpg\",\"bath_273.jpg\",\"bath_7.jpg\",\"bed_469.jpg\",\"bed_142.jpg\",\"din_495.jpg\",\"din_251.jpg\",\"din_247.jpg\",\"kitchen_62.jpg\",\"kitchen_295.jpg\",\"living_232.jpg\",\"living_472.jpg\"]', 'Appartement F2 au 97ème étage', 2, 2, 2, '2027-01-08 00:00:00', '2024-01-10 00:00:00', 50),
(98, 3, 'Appartement de type F2, situé au 98ème étage d\'un immeuble de 15 étages. Il est composé d\'un séjour, d\'une cuisine, d\'une chambre, d\'une salle de bain et d\'un WC. Il est équipé d\'un chauffage individuel électrique. L\'appartement est situé à proximité des commerces et des transports en commun. Il est disponible immédiatement.', 'Appartement de type F2, situé au 98ème étage d\'un immeuble de 15 étages.', 47, '98 rue du bailleur', 'Paris', '75000', 'France', 5, 0, 'En attente', '[\"house_22.jpg\",\"garage_22.jpg\",\"bath_296.jpg\",\"bath_300.jpg\",\"bath_404.jpg\",\"bed_398.jpg\",\"bed_178.jpg\",\"bed_65.jpg\",\"bed_197.jpg\",\"din_78.jpg\",\"din_461.jpg\",\"din_305.jpg\",\"kitchen_55.jpg\",\"kitchen_490.jpg\",\"living_181.jpg\",\"living_452.jpg\"]', 'Appartement F2 au 98ème étage', 1, 3, 4, '2024-01-05 00:00:00', '2026-01-15 00:00:00', 50),
(99, 5, 'Appartement de type F2, situé au 99ème étage d\'un immeuble de 15 étages. Il est composé d\'un séjour, d\'une cuisine, d\'une chambre, d\'une salle de bain et d\'un WC. Il est équipé d\'un chauffage individuel électrique. L\'appartement est situé à proximité des commerces et des transports en commun. Il est disponible immédiatement.', 'Appartement de type F2, situé au 99ème étage d\'un immeuble de 15 étages.', 166, '99 rue du bailleur', 'Bern', '3000', 'Switzerland', 7, 0, 'En attente', '[\"apartment_492.jpg\",\"bath_164.jpg\",\"bath_31.jpg\",\"bath_452.jpg\",\"bed_456.jpg\",\"bed_204.jpg\",\"bed_201.jpg\",\"bed_95.jpg\",\"bed_51.jpg\",\"din_455.jpg\",\"din_178.jpg\",\"din_481.jpg\",\"kitchen_432.jpg\",\"living_213.jpg\"]', 'Appartement F2 au 99ème étage', 3, 3, 5, '2025-01-23 00:00:00', '2029-01-31 00:00:00', 50),
(100, 4, 'Appartement de type F2, situé au 100ème étage d\'un immeuble de 15 étages. Il est composé d\'un séjour, d\'une cuisine, d\'une chambre, d\'une salle de bain et d\'un WC. Il est équipé d\'un chauffage individuel électrique. L\'appartement est situé à proximité des commerces et des transports en commun. Il est disponible immédiatement.', 'Appartement de type F2, situé au 100ème étage d\'un immeuble de 15 étages.', 140, '100 rue du bailleur', 'Geneva', '1200', 'Switzerland', 9, 0, 'En attente', '[\"house_10.jpg\",\"garage_10.jpg\",\"bath_127.jpg\",\"bath_70.jpg\",\"bath_369.jpg\",\"bed_413.jpg\",\"bed_454.jpg\",\"bed_261.jpg\",\"din_479.jpg\",\"kitchen_190.jpg\",\"kitchen_242.jpg\",\"living_358.jpg\"]', 'Appartement F2 au 100ème étage', 2, 3, 3, '2029-01-09 00:00:00', '2028-01-16 00:00:00', 50),
(101, 2, 'Appartement de type F2, situé au 101ème étage d\'un immeuble de 15 étages. Il est composé d\'un séjour, d\'une cuisine, d\'une chambre, d\'une salle de bain et d\'un WC. Il est équipé d\'un chauffage individuel électrique. L\'appartement est situé à proximité des commerces et des transports en commun. Il est disponible immédiatement.', 'Appartement de type F2, situé au 101ème étage d\'un immeuble de 15 étages.', 105, '101 rue du bailleur', 'Lille', '59000', 'France', 13, 0, 'En attente', '[\"house_142.jpg\",\"garage_142.jpg\",\"bath_364.jpg\",\"bath_134.jpg\",\"bed_172.jpg\",\"bed_305.jpg\",\"bed_333.jpg\",\"din_165.jpg\",\"din_396.jpg\",\"din_362.jpg\",\"kitchen_400.jpg\",\"kitchen_205.jpg\",\"living_201.jpg\",\"living_49.jpg\"]', 'Appartement F2 au 101ème étage', 3, 2, 3, '2023-01-23 00:00:00', '2028-01-15 00:00:00', 50),
(102, 5, 'Appartement de type F2, situé au 102ème étage d\'un immeuble de 15 étages. Il est composé d\'un séjour, d\'une cuisine, d\'une chambre, d\'une salle de bain et d\'un WC. Il est équipé d\'un chauffage individuel électrique. L\'appartement est situé à proximité des commerces et des transports en commun. Il est disponible immédiatement.', 'Appartement de type F2, situé au 102ème étage d\'un immeuble de 15 étages.', 139, '102 rue du bailleur', 'Basel', '4000', 'Switzerland', 15, 0, 'En attente', '[\"house_73.jpg\",\"garage_73.jpg\",\"bath_84.jpg\",\"bath_24.jpg\",\"bed_383.jpg\",\"bed_167.jpg\",\"bed_149.jpg\",\"bed_349.jpg\",\"bed_138.jpg\",\"din_299.jpg\",\"din_181.jpg\",\"din_66.jpg\",\"kitchen_428.jpg\",\"kitchen_84.jpg\",\"living_5.jpg\"]', 'Appartement F2 au 102ème étage', 1, 2, 5, '2027-01-09 00:00:00', '2022-01-07 00:00:00', 50),
(103, 3, 'Appartement de type F2, situé au 103ème étage d\'un immeuble de 15 étages. Il est composé d\'un séjour, d\'une cuisine, d\'une chambre, d\'une salle de bain et d\'un WC. Il est équipé d\'un chauffage individuel électrique. L\'appartement est situé à proximité des commerces et des transports en commun. Il est disponible immédiatement.', 'Appartement de type F2, situé au 103ème étage d\'un immeuble de 15 étages.', 61, '103 rue du bailleur', 'Milan', '20100', 'Italy', 15, 0, 'En attente', '[\"apartment_82.jpg\",\"bath_187.jpg\",\"bath_381.jpg\",\"bath_274.jpg\",\"bed_74.jpg\",\"bed_267.jpg\",\"bed_341.jpg\",\"bed_142.jpg\",\"din_392.jpg\",\"kitchen_70.jpg\",\"kitchen_348.jpg\",\"living_173.jpg\",\"living_338.jpg\"]', 'Appartement F2 au 103ème étage', 3, 3, 4, '2026-01-29 00:00:00', '2025-01-20 00:00:00', 50),
(104, 5, 'Appartement de type F2, situé au 104ème étage d\'un immeuble de 15 étages. Il est composé d\'un séjour, d\'une cuisine, d\'une chambre, d\'une salle de bain et d\'un WC. Il est équipé d\'un chauffage individuel électrique. L\'appartement est situé à proximité des commerces et des transports en commun. Il est disponible immédiatement.', 'Appartement de type F2, situé au 104ème étage d\'un immeuble de 15 étages.', 45, '104 rue du bailleur', 'Nice', '06000', 'France', 12, 0, 'En attente', '[\"apartment_455.jpg\",\"bath_427.jpg\",\"bath_254.jpg\",\"bath_280.jpg\",\"bed_88.jpg\",\"bed_386.jpg\",\"bed_154.jpg\",\"bed_462.jpg\",\"bed_167.jpg\",\"din_300.jpg\",\"din_323.jpg\",\"din_395.jpg\",\"kitchen_458.jpg\",\"living_171.jpg\",\"living_175.jpg\"]', 'Appartement F2 au 104ème étage', 3, 3, 5, '2025-01-13 00:00:00', '2022-01-04 00:00:00', 50),
(105, 3, 'Appartement de type F2, situé au 105ème étage d\'un immeuble de 15 étages. Il est composé d\'un séjour, d\'une cuisine, d\'une chambre, d\'une salle de bain et d\'un WC. Il est équipé d\'un chauffage individuel électrique. L\'appartement est situé à proximité des commerces et des transports en commun. Il est disponible immédiatement.', 'Appartement de type F2, situé au 105ème étage d\'un immeuble de 15 étages.', 174, '105 rue du bailleur', 'Madrid', '28001', 'Spain', 8, 0, 'En attente', '[\"house_360.jpg\",\"garage_360.jpg\",\"bath_334.jpg\",\"bed_302.jpg\",\"bed_50.jpg\",\"din_292.jpg\",\"din_237.jpg\",\"kitchen_345.jpg\",\"living_194.jpg\"]', 'Appartement F2 au 105ème étage', 3, 1, 2, '2024-01-10 00:00:00', '2026-01-31 00:00:00', 50),
(106, 2, 'Appartement de type F2, situé au 106ème étage d\'un immeuble de 15 étages. Il est composé d\'un séjour, d\'une cuisine, d\'une chambre, d\'une salle de bain et d\'un WC. Il est équipé d\'un chauffage individuel électrique. L\'appartement est situé à proximité des commerces et des transports en commun. Il est disponible immédiatement.', 'Appartement de type F2, situé au 106ème étage d\'un immeuble de 15 étages.', 57, '106 rue du bailleur', 'Lille', '59000', 'France', 15, 0, 'En attente', '[\"apartment_287.jpg\",\"bath_24.jpg\",\"bath_268.jpg\",\"bath_105.jpg\",\"bed_130.jpg\",\"bed_161.jpg\",\"bed_52.jpg\",\"bed_457.jpg\",\"bed_144.jpg\",\"din_301.jpg\",\"kitchen_53.jpg\",\"living_192.jpg\",\"living_15.jpg\"]', 'Appartement F2 au 106ème étage', 2, 3, 5, '2024-01-15 00:00:00', '2025-01-21 00:00:00', 50),
(107, 6, 'Appartement de type F2, situé au 107ème étage d\'un immeuble de 15 étages. Il est composé d\'un séjour, d\'une cuisine, d\'une chambre, d\'une salle de bain et d\'un WC. Il est équipé d\'un chauffage individuel électrique. L\'appartement est situé à proximité des commerces et des transports en commun. Il est disponible immédiatement.', 'Appartement de type F2, situé au 107ème étage d\'un immeuble de 15 étages.', 57, '107 rue du bailleur', 'Bern', '3000', 'Switzerland', 14, 0, 'En attente', '[\"house_11.jpg\",\"garage_11.jpg\",\"bath_441.jpg\",\"bath_145.jpg\",\"bath_8.jpg\",\"bed_288.jpg\",\"din_69.jpg\",\"din_293.jpg\",\"kitchen_364.jpg\",\"kitchen_293.jpg\",\"living_211.jpg\",\"living_294.jpg\"]', 'Appartement F2 au 107ème étage', 3, 3, 1, '2028-01-14 00:00:00', '2023-01-23 00:00:00', 50),
(108, 5, 'Appartement de type F2, situé au 108ème étage d\'un immeuble de 15 étages. Il est composé d\'un séjour, d\'une cuisine, d\'une chambre, d\'une salle de bain et d\'un WC. Il est équipé d\'un chauffage individuel électrique. L\'appartement est situé à proximité des commerces et des transports en commun. Il est disponible immédiatement.', 'Appartement de type F2, situé au 108ème étage d\'un immeuble de 15 étages.', 83, '108 rue du bailleur', 'Luxembourg City', 'L-1000', 'Luxembourg', 11, 0, 'En attente', '[\"apartment_341.jpg\",\"bath_419.jpg\",\"bath_178.jpg\",\"bath_300.jpg\",\"bed_277.jpg\",\"bed_15.jpg\",\"bed_36.jpg\",\"din_415.jpg\",\"din_168.jpg\",\"kitchen_322.jpg\",\"kitchen_259.jpg\",\"living_356.jpg\",\"living_217.jpg\"]', 'Appartement F2 au 108ème étage', 2, 3, 3, '2025-01-22 00:00:00', '2022-01-02 00:00:00', 50),
(109, 5, 'Appartement de type F2, situé au 109ème étage d\'un immeuble de 15 étages. Il est composé d\'un séjour, d\'une cuisine, d\'une chambre, d\'une salle de bain et d\'un WC. Il est équipé d\'un chauffage individuel électrique. L\'appartement est situé à proximité des commerces et des transports en commun. Il est disponible immédiatement.', 'Appartement de type F2, situé au 109ème étage d\'un immeuble de 15 étages.', 69, '109 rue du bailleur', 'Paris', '75000', 'France', 13, 0, 'En attente', '[\"house_54.jpg\",\"garage_54.jpg\",\"bath_55.jpg\",\"bath_157.jpg\",\"bath_424.jpg\",\"bed_9.jpg\",\"bed_33.jpg\",\"bed_255.jpg\",\"bed_97.jpg\",\"din_404.jpg\",\"kitchen_458.jpg\",\"living_396.jpg\"]', 'Appartement F2 au 109ème étage', 3, 3, 4, '2023-01-27 00:00:00', '2029-01-26 00:00:00', 50),
(110, 6, 'Appartement de type F2, situé au 110ème étage d\'un immeuble de 15 étages. Il est composé d\'un séjour, d\'une cuisine, d\'une chambre, d\'une salle de bain et d\'un WC. Il est équipé d\'un chauffage individuel électrique. L\'appartement est situé à proximité des commerces et des transports en commun. Il est disponible immédiatement.', 'Appartement de type F2, situé au 110ème étage d\'un immeuble de 15 étages.', 140, '110 rue du bailleur', 'Montpellier', '34000', 'France', 15, 0, 'En attente', '[\"apartment_226.jpg\",\"bath_121.jpg\",\"bath_290.jpg\",\"bath_147.jpg\",\"bed_415.jpg\",\"bed_62.jpg\",\"bed_303.jpg\",\"bed_368.jpg\",\"din_57.jpg\",\"din_326.jpg\",\"din_222.jpg\",\"kitchen_101.jpg\",\"kitchen_293.jpg\",\"living_40.jpg\",\"living_485.jpg\"]', 'Appartement F2 au 110ème étage', 3, 3, 4, '2029-01-04 00:00:00', '2024-01-27 00:00:00', 50),
(111, 4, 'Appartement de type F2, situé au 111ème étage d\'un immeuble de 15 étages. Il est composé d\'un séjour, d\'une cuisine, d\'une chambre, d\'une salle de bain et d\'un WC. Il est équipé d\'un chauffage individuel électrique. L\'appartement est situé à proximité des commerces et des transports en commun. Il est disponible immédiatement.', 'Appartement de type F2, situé au 111ème étage d\'un immeuble de 15 étages.', 28, '111 rue du bailleur', 'Basel', '4000', 'Switzerland', 7, 0, 'En attente', '[\"apartment_402.jpg\",\"bath_36.jpg\",\"bath_21.jpg\",\"bed_294.jpg\",\"bed_377.jpg\",\"bed_277.jpg\",\"bed_339.jpg\",\"din_307.jpg\",\"kitchen_296.jpg\",\"kitchen_417.jpg\",\"living_397.jpg\",\"living_54.jpg\"]', 'Appartement F2 au 111ème étage', 3, 2, 4, '2027-01-31 00:00:00', '2028-01-24 00:00:00', 50),
(112, 5, 'Appartement de type F2, situé au 112ème étage d\'un immeuble de 15 étages. Il est composé d\'un séjour, d\'une cuisine, d\'une chambre, d\'une salle de bain et d\'un WC. Il est équipé d\'un chauffage individuel électrique. L\'appartement est situé à proximité des commerces et des transports en commun. Il est disponible immédiatement.', 'Appartement de type F2, situé au 112ème étage d\'un immeuble de 15 étages.', 28, '112 rue du bailleur', 'Geneva', '1200', 'Switzerland', 6, 0, 'En attente', '[\"apartment_341.jpg\",\"bath_452.jpg\",\"bath_363.jpg\",\"bed_267.jpg\",\"bed_185.jpg\",\"bed_144.jpg\",\"bed_148.jpg\",\"din_22.jpg\",\"din_446.jpg\",\"kitchen_97.jpg\",\"kitchen_129.jpg\",\"living_300.jpg\",\"living_216.jpg\"]', 'Appartement F2 au 112ème étage', 2, 2, 4, '2024-01-31 00:00:00', '2022-01-06 00:00:00', 50),
(113, 4, 'Appartement de type F2, situé au 113ème étage d\'un immeuble de 15 étages. Il est composé d\'un séjour, d\'une cuisine, d\'une chambre, d\'une salle de bain et d\'un WC. Il est équipé d\'un chauffage individuel électrique. L\'appartement est situé à proximité des commerces et des transports en commun. Il est disponible immédiatement.', 'Appartement de type F2, situé au 113ème étage d\'un immeuble de 15 étages.', 65, '113 rue du bailleur', 'Strasbourg', '67000', 'France', 5, 0, 'En attente', '[\"house_487.jpg\",\"garage_487.jpg\",\"bath_451.jpg\",\"bath_31.jpg\",\"bath_462.jpg\",\"bed_21.jpg\",\"din_283.jpg\",\"din_387.jpg\",\"kitchen_327.jpg\",\"living_198.jpg\"]', 'Appartement F2 au 113ème étage', 2, 3, 1, '2023-01-16 00:00:00', '2027-01-15 00:00:00', 50),
(114, 4, 'Appartement de type F2, situé au 114ème étage d\'un immeuble de 15 étages. Il est composé d\'un séjour, d\'une cuisine, d\'une chambre, d\'une salle de bain et d\'un WC. Il est équipé d\'un chauffage individuel électrique. L\'appartement est situé à proximité des commerces et des transports en commun. Il est disponible immédiatement.', 'Appartement de type F2, situé au 114ème étage d\'un immeuble de 15 étages.', 46, '114 rue du bailleur', 'Bordeaux', '33000', 'France', 12, 0, 'En attente', '[\"apartment_114.jpg\",\"bath_376.jpg\",\"bath_386.jpg\",\"bed_459.jpg\",\"bed_305.jpg\",\"bed_425.jpg\",\"din_159.jpg\",\"din_65.jpg\",\"kitchen_26.jpg\",\"kitchen_262.jpg\",\"living_253.jpg\",\"living_262.jpg\"]', 'Appartement F2 au 114ème étage', 1, 2, 3, '2029-01-08 00:00:00', '2027-01-04 00:00:00', 50),
(115, 5, 'Appartement de type F2, situé au 115ème étage d\'un immeuble de 15 étages. Il est composé d\'un séjour, d\'une cuisine, d\'une chambre, d\'une salle de bain et d\'un WC. Il est équipé d\'un chauffage individuel électrique. L\'appartement est situé à proximité des commerces et des transports en commun. Il est disponible immédiatement.', 'Appartement de type F2, situé au 115ème étage d\'un immeuble de 15 étages.', 24, '115 rue du bailleur', 'Lyon', '69000', 'France', 8, 0, 'En attente', '[\"apartment_310.jpg\",\"bath_174.jpg\",\"bath_137.jpg\",\"bed_10.jpg\",\"din_9.jpg\",\"kitchen_191.jpg\",\"kitchen_202.jpg\",\"living_207.jpg\",\"living_319.jpg\"]', 'Appartement F2 au 115ème étage', 2, 2, 1, '2022-01-19 00:00:00', '2023-01-04 00:00:00', 50),
(116, 5, 'Appartement de type F2, situé au 116ème étage d\'un immeuble de 15 étages. Il est composé d\'un séjour, d\'une cuisine, d\'une chambre, d\'une salle de bain et d\'un WC. Il est équipé d\'un chauffage individuel électrique. L\'appartement est situé à proximité des commerces et des transports en commun. Il est disponible immédiatement.', 'Appartement de type F2, situé au 116ème étage d\'un immeuble de 15 étages.', 35, '116 rue du bailleur', 'Stuttgart', '70173', 'Germany', 5, 0, 'En attente', '[\"apartment_17.jpg\",\"bath_418.jpg\",\"bath_364.jpg\",\"bed_220.jpg\",\"bed_446.jpg\",\"bed_430.jpg\",\"din_37.jpg\",\"din_161.jpg\",\"kitchen_87.jpg\",\"living_285.jpg\",\"living_47.jpg\"]', 'Appartement F2 au 116ème étage', 3, 2, 3, '2026-01-29 00:00:00', '2029-01-21 00:00:00', 50),
(117, 1, 'Appartement de type F2, situé au 117ème étage d\'un immeuble de 15 étages. Il est composé d\'un séjour, d\'une cuisine, d\'une chambre, d\'une salle de bain et d\'un WC. Il est équipé d\'un chauffage individuel électrique. L\'appartement est situé à proximité des commerces et des transports en commun. Il est disponible immédiatement.', 'Appartement de type F2, situé au 117ème étage d\'un immeuble de 15 étages.', 21, '117 rue du bailleur', 'Nice', '06000', 'France', 9, 0, 'En attente', '[\"house_8.jpg\",\"garage_8.jpg\",\"bath_166.jpg\",\"bath_425.jpg\",\"bed_331.jpg\",\"bed_52.jpg\",\"din_254.jpg\",\"din_180.jpg\",\"kitchen_277.jpg\",\"kitchen_112.jpg\",\"living_18.jpg\",\"living_47.jpg\"]', 'Appartement F2 au 117ème étage', 2, 2, 2, '2027-01-20 00:00:00', '2029-01-04 00:00:00', 50),
(118, 3, 'Appartement de type F2, situé au 118ème étage d\'un immeuble de 15 étages. Il est composé d\'un séjour, d\'une cuisine, d\'une chambre, d\'une salle de bain et d\'un WC. Il est équipé d\'un chauffage individuel électrique. L\'appartement est situé à proximité des commerces et des transports en commun. Il est disponible immédiatement.', 'Appartement de type F2, situé au 118ème étage d\'un immeuble de 15 étages.', 79, '118 rue du bailleur', 'Antwerp', '2000', 'Belgium', 13, 0, 'En attente', '[\"house_277.jpg\",\"garage_277.jpg\",\"bath_364.jpg\",\"bed_187.jpg\",\"din_72.jpg\",\"kitchen_239.jpg\",\"kitchen_87.jpg\",\"living_74.jpg\",\"living_145.jpg\"]', 'Appartement F2 au 118ème étage', 3, 1, 1, '2026-01-09 00:00:00', '2022-01-21 00:00:00', 50),
(119, 3, 'Appartement de type F2, situé au 119ème étage d\'un immeuble de 15 étages. Il est composé d\'un séjour, d\'une cuisine, d\'une chambre, d\'une salle de bain et d\'un WC. Il est équipé d\'un chauffage individuel électrique. L\'appartement est situé à proximité des commerces et des transports en commun. Il est disponible immédiatement.', 'Appartement de type F2, situé au 119ème étage d\'un immeuble de 15 étages.', 149, '119 rue du bailleur', 'Munich', '80331', 'Germany', 13, 0, 'En attente', '[\"house_105.jpg\",\"garage_105.jpg\",\"bath_79.jpg\",\"bath_453.jpg\",\"bath_384.jpg\",\"bed_27.jpg\",\"bed_15.jpg\",\"bed_123.jpg\",\"bed_1.jpg\",\"bed_204.jpg\",\"din_72.jpg\",\"din_196.jpg\",\"din_20.jpg\",\"kitchen_314.jpg\",\"living_474.jpg\",\"living_170.jpg\"]', 'Appartement F2 au 119ème étage', 1, 3, 5, '2027-01-13 00:00:00', '2026-01-13 00:00:00', 50),
(120, 4, 'Appartement de type F2, situé au 120ème étage d\'un immeuble de 15 étages. Il est composé d\'un séjour, d\'une cuisine, d\'une chambre, d\'une salle de bain et d\'un WC. Il est équipé d\'un chauffage individuel électrique. L\'appartement est situé à proximité des commerces et des transports en commun. Il est disponible immédiatement.', 'Appartement de type F2, situé au 120ème étage d\'un immeuble de 15 étages.', 48, '120 rue du bailleur', 'Nice', '06000', 'France', 12, 0, 'En attente', '[\"apartment_406.jpg\",\"bath_97.jpg\",\"bath_486.jpg\",\"bed_472.jpg\",\"din_465.jpg\",\"kitchen_5.jpg\",\"kitchen_482.jpg\",\"living_178.jpg\",\"living_25.jpg\"]', 'Appartement F2 au 120ème étage', 2, 2, 1, '2022-01-28 00:00:00', '2023-01-26 00:00:00', 50),
(121, 2, 'Appartement de type F2, situé au 121ème étage d\'un immeuble de 15 étages. Il est composé d\'un séjour, d\'une cuisine, d\'une chambre, d\'une salle de bain et d\'un WC. Il est équipé d\'un chauffage individuel électrique. L\'appartement est situé à proximité des commerces et des transports en commun. Il est disponible immédiatement.', 'Appartement de type F2, situé au 121ème étage d\'un immeuble de 15 étages.', 22, '121 rue du bailleur', 'Toulouse', '31000', 'France', 6, 0, 'En attente', '[\"apartment_214.jpg\",\"bath_447.jpg\",\"bath_451.jpg\",\"bath_393.jpg\",\"bed_479.jpg\",\"bed_159.jpg\",\"din_260.jpg\",\"kitchen_280.jpg\",\"kitchen_418.jpg\",\"living_476.jpg\",\"living_475.jpg\"]', 'Appartement F2 au 121ème étage', 3, 3, 2, '2025-01-17 00:00:00', '2026-01-06 00:00:00', 50),
(122, 5, 'Appartement de type F2, situé au 122ème étage d\'un immeuble de 15 étages. Il est composé d\'un séjour, d\'une cuisine, d\'une chambre, d\'une salle de bain et d\'un WC. Il est équipé d\'un chauffage individuel électrique. L\'appartement est situé à proximité des commerces et des transports en commun. Il est disponible immédiatement.', 'Appartement de type F2, situé au 122ème étage d\'un immeuble de 15 étages.', 24, '122 rue du bailleur', 'Basel', '4000', 'Switzerland', 9, 0, 'En attente', '[\"apartment_297.jpg\",\"bath_180.jpg\",\"bath_458.jpg\",\"bed_207.jpg\",\"bed_267.jpg\",\"bed_161.jpg\",\"bed_327.jpg\",\"bed_90.jpg\",\"din_61.jpg\",\"din_59.jpg\",\"din_280.jpg\",\"kitchen_343.jpg\",\"living_11.jpg\"]', 'Appartement F2 au 122ème étage', 1, 2, 5, '2029-01-16 00:00:00', '2029-01-20 00:00:00', 50),
(123, 3, 'Appartement de type F2, situé au 123ème étage d\'un immeuble de 15 étages. Il est composé d\'un séjour, d\'une cuisine, d\'une chambre, d\'une salle de bain et d\'un WC. Il est équipé d\'un chauffage individuel électrique. L\'appartement est situé à proximité des commerces et des transports en commun. Il est disponible immédiatement.', 'Appartement de type F2, situé au 123ème étage d\'un immeuble de 15 étages.', 199, '123 rue du bailleur', 'Andorra la Vella', 'AD500', 'Andorra', 9, 0, 'En attente', '[\"house_122.jpg\",\"garage_122.jpg\",\"bath_20.jpg\",\"bed_387.jpg\",\"bed_315.jpg\",\"din_240.jpg\",\"din_500.jpg\",\"kitchen_378.jpg\",\"kitchen_191.jpg\",\"living_28.jpg\",\"living_417.jpg\"]', 'Appartement F2 au 123ème étage', 3, 1, 2, '2026-01-05 00:00:00', '2024-01-31 00:00:00', 50);
INSERT INTO `scp_appartement` (`id`, `bailleur_id`, `description`, `short_desc`, `price`, `address`, `city`, `postal_code`, `country`, `nb_voyageurs`, `note`, `state`, `images`, `titre`, `nbchambers`, `nbbathrooms`, `nb_beds`, `created_at`, `updated_at`, `surface`) VALUES
(124, 4, 'Appartement de type F2, situé au 124ème étage d\'un immeuble de 15 étages. Il est composé d\'un séjour, d\'une cuisine, d\'une chambre, d\'une salle de bain et d\'un WC. Il est équipé d\'un chauffage individuel électrique. L\'appartement est situé à proximité des commerces et des transports en commun. Il est disponible immédiatement.', 'Appartement de type F2, situé au 124ème étage d\'un immeuble de 15 étages.', 150, '124 rue du bailleur', 'Andorra la Vella', 'AD500', 'Andorra', 7, 0, 'En attente', '[\"house_294.jpg\",\"garage_294.jpg\",\"bath_92.jpg\",\"bed_380.jpg\",\"bed_337.jpg\",\"bed_117.jpg\",\"bed_200.jpg\",\"bed_4.jpg\",\"din_145.jpg\",\"kitchen_496.jpg\",\"kitchen_63.jpg\",\"living_106.jpg\"]', 'Appartement F2 au 124ème étage', 3, 1, 5, '2028-01-01 00:00:00', '2028-01-26 00:00:00', 50),
(125, 3, 'Appartement de type F2, situé au 125ème étage d\'un immeuble de 15 étages. Il est composé d\'un séjour, d\'une cuisine, d\'une chambre, d\'une salle de bain et d\'un WC. Il est équipé d\'un chauffage individuel électrique. L\'appartement est situé à proximité des commerces et des transports en commun. Il est disponible immédiatement.', 'Appartement de type F2, situé au 125ème étage d\'un immeuble de 15 étages.', 128, '125 rue du bailleur', 'Rome', '00100', 'Italy', 13, 0, 'En attente', '[\"apartment_409.jpg\",\"bath_376.jpg\",\"bed_68.jpg\",\"bed_374.jpg\",\"bed_189.jpg\",\"din_270.jpg\",\"din_125.jpg\",\"din_318.jpg\",\"kitchen_482.jpg\",\"kitchen_379.jpg\",\"living_485.jpg\",\"living_469.jpg\"]', 'Appartement F2 au 125ème étage', 3, 1, 3, '2029-01-21 00:00:00', '2029-01-27 00:00:00', 50),
(126, 2, 'Appartement de type F2, situé au 126ème étage d\'un immeuble de 15 étages. Il est composé d\'un séjour, d\'une cuisine, d\'une chambre, d\'une salle de bain et d\'un WC. Il est équipé d\'un chauffage individuel électrique. L\'appartement est situé à proximité des commerces et des transports en commun. Il est disponible immédiatement.', 'Appartement de type F2, situé au 126ème étage d\'un immeuble de 15 étages.', 185, '126 rue du bailleur', 'Zurich', '8000', 'Switzerland', 11, 0, 'En attente', '[\"apartment_43.jpg\",\"bath_333.jpg\",\"bed_431.jpg\",\"bed_171.jpg\",\"bed_294.jpg\",\"bed_115.jpg\",\"bed_53.jpg\",\"din_452.jpg\",\"din_500.jpg\",\"din_113.jpg\",\"kitchen_33.jpg\",\"kitchen_377.jpg\",\"living_123.jpg\",\"living_207.jpg\"]', 'Appartement F2 au 126ème étage', 1, 1, 5, '2026-01-06 00:00:00', '2028-01-15 00:00:00', 50),
(127, 6, 'Appartement de type F2, situé au 127ème étage d\'un immeuble de 15 étages. Il est composé d\'un séjour, d\'une cuisine, d\'une chambre, d\'une salle de bain et d\'un WC. Il est équipé d\'un chauffage individuel électrique. L\'appartement est situé à proximité des commerces et des transports en commun. Il est disponible immédiatement.', 'Appartement de type F2, situé au 127ème étage d\'un immeuble de 15 étages.', 143, '127 rue du bailleur', 'Milan', '20100', 'Italy', 13, 0, 'En attente', '[\"house_283.jpg\",\"garage_283.jpg\",\"bath_368.jpg\",\"bath_158.jpg\",\"bath_84.jpg\",\"bed_184.jpg\",\"bed_8.jpg\",\"bed_209.jpg\",\"bed_123.jpg\",\"bed_72.jpg\",\"din_298.jpg\",\"kitchen_260.jpg\",\"kitchen_364.jpg\",\"living_246.jpg\",\"living_436.jpg\"]', 'Appartement F2 au 127ème étage', 3, 3, 5, '2028-01-04 00:00:00', '2029-01-13 00:00:00', 50),
(128, 3, 'Appartement de type F2, situé au 128ème étage d\'un immeuble de 15 étages. Il est composé d\'un séjour, d\'une cuisine, d\'une chambre, d\'une salle de bain et d\'un WC. Il est équipé d\'un chauffage individuel électrique. L\'appartement est situé à proximité des commerces et des transports en commun. Il est disponible immédiatement.', 'Appartement de type F2, situé au 128ème étage d\'un immeuble de 15 étages.', 112, '128 rue du bailleur', 'Montpellier', '34000', 'France', 5, 0, 'En attente', '[\"apartment_317.jpg\",\"bath_72.jpg\",\"bath_349.jpg\",\"bath_147.jpg\",\"bed_199.jpg\",\"bed_475.jpg\",\"din_153.jpg\",\"din_130.jpg\",\"kitchen_30.jpg\",\"kitchen_178.jpg\",\"living_489.jpg\",\"living_146.jpg\"]', 'Appartement F2 au 128ème étage', 1, 3, 2, '2029-01-21 00:00:00', '2029-01-08 00:00:00', 50),
(129, 3, 'Appartement de type F2, situé au 129ème étage d\'un immeuble de 15 étages. Il est composé d\'un séjour, d\'une cuisine, d\'une chambre, d\'une salle de bain et d\'un WC. Il est équipé d\'un chauffage individuel électrique. L\'appartement est situé à proximité des commerces et des transports en commun. Il est disponible immédiatement.', 'Appartement de type F2, situé au 129ème étage d\'un immeuble de 15 étages.', 166, '129 rue du bailleur', 'Seville', '41001', 'Spain', 10, 0, 'En attente', '[\"apartment_2.jpg\",\"bath_336.jpg\",\"bath_61.jpg\",\"bath_451.jpg\",\"bed_500.jpg\",\"bed_335.jpg\",\"bed_18.jpg\",\"bed_381.jpg\",\"din_23.jpg\",\"din_405.jpg\",\"kitchen_170.jpg\",\"living_31.jpg\",\"living_445.jpg\"]', 'Appartement F2 au 129ème étage', 1, 3, 4, '2026-01-23 00:00:00', '2024-01-26 00:00:00', 50),
(130, 4, 'Appartement de type F2, situé au 130ème étage d\'un immeuble de 15 étages. Il est composé d\'un séjour, d\'une cuisine, d\'une chambre, d\'une salle de bain et d\'un WC. Il est équipé d\'un chauffage individuel électrique. L\'appartement est situé à proximité des commerces et des transports en commun. Il est disponible immédiatement.', 'Appartement de type F2, situé au 130ème étage d\'un immeuble de 15 étages.', 197, '130 rue du bailleur', 'Marseille', '13000', 'France', 10, 0, 'En attente', '[\"house_222.jpg\",\"garage_222.jpg\",\"bath_342.jpg\",\"bed_399.jpg\",\"din_28.jpg\",\"kitchen_465.jpg\",\"kitchen_407.jpg\",\"living_46.jpg\"]', 'Appartement F2 au 130ème étage', 1, 1, 1, '2027-01-31 00:00:00', '2024-01-04 00:00:00', 50),
(131, 1, 'Appartement de type F2, situé au 131ème étage d\'un immeuble de 15 étages. Il est composé d\'un séjour, d\'une cuisine, d\'une chambre, d\'une salle de bain et d\'un WC. Il est équipé d\'un chauffage individuel électrique. L\'appartement est situé à proximité des commerces et des transports en commun. Il est disponible immédiatement.', 'Appartement de type F2, situé au 131ème étage d\'un immeuble de 15 étages.', 66, '131 rue du bailleur', 'Montpellier', '34000', 'France', 6, 0, 'En attente', '[\"house_273.jpg\",\"garage_273.jpg\",\"bath_463.jpg\",\"bath_389.jpg\",\"bath_452.jpg\",\"bed_500.jpg\",\"bed_330.jpg\",\"bed_120.jpg\",\"bed_28.jpg\",\"bed_263.jpg\",\"din_424.jpg\",\"din_301.jpg\",\"kitchen_343.jpg\",\"kitchen_474.jpg\",\"living_271.jpg\",\"living_351.jpg\"]', 'Appartement F2 au 131ème étage', 2, 3, 5, '2026-01-08 00:00:00', '2028-01-02 00:00:00', 50),
(132, 2, 'Appartement de type F2, situé au 132ème étage d\'un immeuble de 15 étages. Il est composé d\'un séjour, d\'une cuisine, d\'une chambre, d\'une salle de bain et d\'un WC. Il est équipé d\'un chauffage individuel électrique. L\'appartement est situé à proximité des commerces et des transports en commun. Il est disponible immédiatement.', 'Appartement de type F2, situé au 132ème étage d\'un immeuble de 15 étages.', 20, '132 rue du bailleur', 'Stuttgart', '70173', 'Germany', 13, 0, 'En attente', '[\"apartment_306.jpg\",\"bath_323.jpg\",\"bed_95.jpg\",\"bed_434.jpg\",\"bed_320.jpg\",\"din_466.jpg\",\"kitchen_446.jpg\",\"kitchen_133.jpg\",\"living_327.jpg\"]', 'Appartement F2 au 132ème étage', 1, 1, 3, '2029-01-01 00:00:00', '2027-01-31 00:00:00', 50),
(133, 4, 'Appartement de type F2, situé au 133ème étage d\'un immeuble de 15 étages. Il est composé d\'un séjour, d\'une cuisine, d\'une chambre, d\'une salle de bain et d\'un WC. Il est équipé d\'un chauffage individuel électrique. L\'appartement est situé à proximité des commerces et des transports en commun. Il est disponible immédiatement.', 'Appartement de type F2, situé au 133ème étage d\'un immeuble de 15 étages.', 102, '133 rue du bailleur', 'Turin', '10100', 'Italy', 11, 0, 'En attente', '[\"house_211.jpg\",\"garage_211.jpg\",\"bath_458.jpg\",\"bath_17.jpg\",\"bed_330.jpg\",\"bed_137.jpg\",\"bed_304.jpg\",\"bed_54.jpg\",\"bed_149.jpg\",\"din_97.jpg\",\"din_497.jpg\",\"kitchen_333.jpg\",\"living_179.jpg\",\"living_214.jpg\"]', 'Appartement F2 au 133ème étage', 3, 2, 5, '2027-01-04 00:00:00', '2023-01-10 00:00:00', 50),
(134, 4, 'Appartement de type F2, situé au 134ème étage d\'un immeuble de 15 étages. Il est composé d\'un séjour, d\'une cuisine, d\'une chambre, d\'une salle de bain et d\'un WC. Il est équipé d\'un chauffage individuel électrique. L\'appartement est situé à proximité des commerces et des transports en commun. Il est disponible immédiatement.', 'Appartement de type F2, situé au 134ème étage d\'un immeuble de 15 étages.', 112, '134 rue du bailleur', 'Montpellier', '34000', 'France', 11, 0, 'En attente', '[\"house_303.jpg\",\"garage_303.jpg\",\"bath_395.jpg\",\"bath_145.jpg\",\"bed_327.jpg\",\"din_194.jpg\",\"din_443.jpg\",\"kitchen_462.jpg\",\"kitchen_177.jpg\",\"living_418.jpg\"]', 'Appartement F2 au 134ème étage', 3, 2, 1, '2023-01-28 00:00:00', '2022-01-11 00:00:00', 50),
(135, 2, 'Appartement de type F2, situé au 135ème étage d\'un immeuble de 15 étages. Il est composé d\'un séjour, d\'une cuisine, d\'une chambre, d\'une salle de bain et d\'un WC. Il est équipé d\'un chauffage individuel électrique. L\'appartement est situé à proximité des commerces et des transports en commun. Il est disponible immédiatement.', 'Appartement de type F2, situé au 135ème étage d\'un immeuble de 15 étages.', 170, '135 rue du bailleur', 'Antwerp', '2000', 'Belgium', 5, 0, 'En attente', '[\"apartment_328.jpg\",\"bath_126.jpg\",\"bath_5.jpg\",\"bed_42.jpg\",\"bed_369.jpg\",\"bed_144.jpg\",\"bed_442.jpg\",\"bed_262.jpg\",\"din_3.jpg\",\"din_376.jpg\",\"din_29.jpg\",\"kitchen_106.jpg\",\"kitchen_313.jpg\",\"living_67.jpg\",\"living_13.jpg\"]', 'Appartement F2 au 135ème étage', 1, 2, 5, '2026-01-06 00:00:00', '2027-01-31 00:00:00', 50),
(136, 3, 'Appartement de type F2, situé au 136ème étage d\'un immeuble de 15 étages. Il est composé d\'un séjour, d\'une cuisine, d\'une chambre, d\'une salle de bain et d\'un WC. Il est équipé d\'un chauffage individuel électrique. L\'appartement est situé à proximité des commerces et des transports en commun. Il est disponible immédiatement.', 'Appartement de type F2, situé au 136ème étage d\'un immeuble de 15 étages.', 132, '136 rue du bailleur', 'Barcelona', '08001', 'Spain', 9, 0, 'En attente', '[\"house_61.jpg\",\"garage_61.jpg\",\"bath_92.jpg\",\"bath_38.jpg\",\"bath_158.jpg\",\"bed_66.jpg\",\"bed_213.jpg\",\"din_272.jpg\",\"din_118.jpg\",\"din_84.jpg\",\"kitchen_57.jpg\",\"living_194.jpg\",\"living_65.jpg\"]', 'Appartement F2 au 136ème étage', 2, 3, 2, '2028-01-19 00:00:00', '2023-01-17 00:00:00', 50),
(137, 6, 'Appartement de type F2, situé au 137ème étage d\'un immeuble de 15 étages. Il est composé d\'un séjour, d\'une cuisine, d\'une chambre, d\'une salle de bain et d\'un WC. Il est équipé d\'un chauffage individuel électrique. L\'appartement est situé à proximité des commerces et des transports en commun. Il est disponible immédiatement.', 'Appartement de type F2, situé au 137ème étage d\'un immeuble de 15 étages.', 19, '137 rue du bailleur', 'Seville', '41001', 'Spain', 7, 0, 'En attente', '[\"house_265.jpg\",\"garage_265.jpg\",\"bath_41.jpg\",\"bath_413.jpg\",\"bed_330.jpg\",\"bed_100.jpg\",\"din_207.jpg\",\"kitchen_94.jpg\",\"kitchen_280.jpg\",\"living_9.jpg\",\"living_274.jpg\"]', 'Appartement F2 au 137ème étage', 1, 2, 2, '2027-01-08 00:00:00', '2023-01-02 00:00:00', 50),
(138, 4, 'Appartement de type F2, situé au 138ème étage d\'un immeuble de 15 étages. Il est composé d\'un séjour, d\'une cuisine, d\'une chambre, d\'une salle de bain et d\'un WC. Il est équipé d\'un chauffage individuel électrique. L\'appartement est situé à proximité des commerces et des transports en commun. Il est disponible immédiatement.', 'Appartement de type F2, situé au 138ème étage d\'un immeuble de 15 étages.', 198, '138 rue du bailleur', 'Bern', '3000', 'Switzerland', 14, 0, 'En attente', '[\"house_187.jpg\",\"garage_187.jpg\",\"bath_72.jpg\",\"bed_11.jpg\",\"bed_211.jpg\",\"bed_113.jpg\",\"bed_224.jpg\",\"din_74.jpg\",\"kitchen_462.jpg\",\"kitchen_484.jpg\",\"living_144.jpg\",\"living_88.jpg\"]', 'Appartement F2 au 138ème étage', 1, 1, 4, '2024-01-16 00:00:00', '2023-01-01 00:00:00', 50),
(139, 2, 'Appartement de type F2, situé au 139ème étage d\'un immeuble de 15 étages. Il est composé d\'un séjour, d\'une cuisine, d\'une chambre, d\'une salle de bain et d\'un WC. Il est équipé d\'un chauffage individuel électrique. L\'appartement est situé à proximité des commerces et des transports en commun. Il est disponible immédiatement.', 'Appartement de type F2, situé au 139ème étage d\'un immeuble de 15 étages.', 49, '139 rue du bailleur', 'Luxembourg City', 'L-1000', 'Luxembourg', 5, 0, 'En attente', '[\"house_83.jpg\",\"garage_83.jpg\",\"bath_393.jpg\",\"bath_275.jpg\",\"bed_196.jpg\",\"bed_160.jpg\",\"bed_137.jpg\",\"bed_164.jpg\",\"din_184.jpg\",\"din_310.jpg\",\"din_312.jpg\",\"kitchen_144.jpg\",\"living_404.jpg\"]', 'Appartement F2 au 139ème étage', 1, 2, 4, '2022-01-05 00:00:00', '2022-01-28 00:00:00', 50),
(140, 5, 'Appartement de type F2, situé au 140ème étage d\'un immeuble de 15 étages. Il est composé d\'un séjour, d\'une cuisine, d\'une chambre, d\'une salle de bain et d\'un WC. Il est équipé d\'un chauffage individuel électrique. L\'appartement est situé à proximité des commerces et des transports en commun. Il est disponible immédiatement.', 'Appartement de type F2, situé au 140ème étage d\'un immeuble de 15 étages.', 34, '140 rue du bailleur', 'Strasbourg', '67000', 'France', 9, 0, 'En attente', '[\"apartment_14.jpg\",\"bath_463.jpg\",\"bed_343.jpg\",\"bed_328.jpg\",\"bed_243.jpg\",\"bed_44.jpg\",\"bed_284.jpg\",\"din_266.jpg\",\"kitchen_448.jpg\",\"kitchen_394.jpg\",\"living_120.jpg\"]', 'Appartement F2 au 140ème étage', 2, 1, 5, '2029-01-08 00:00:00', '2026-01-03 00:00:00', 50),
(141, 2, 'Appartement de type F2, situé au 141ème étage d\'un immeuble de 15 étages. Il est composé d\'un séjour, d\'une cuisine, d\'une chambre, d\'une salle de bain et d\'un WC. Il est équipé d\'un chauffage individuel électrique. L\'appartement est situé à proximité des commerces et des transports en commun. Il est disponible immédiatement.', 'Appartement de type F2, situé au 141ème étage d\'un immeuble de 15 étages.', 17, '141 rue du bailleur', 'Barcelona', '08001', 'Spain', 13, 0, 'En attente', '[\"house_326.jpg\",\"garage_326.jpg\",\"bath_381.jpg\",\"bath_333.jpg\",\"bed_97.jpg\",\"bed_218.jpg\",\"bed_14.jpg\",\"bed_120.jpg\",\"bed_447.jpg\",\"din_118.jpg\",\"din_349.jpg\",\"kitchen_474.jpg\",\"living_494.jpg\"]', 'Appartement F2 au 141ème étage', 3, 2, 5, '2025-01-23 00:00:00', '2023-01-24 00:00:00', 50),
(142, 6, 'Appartement de type F2, situé au 142ème étage d\'un immeuble de 15 étages. Il est composé d\'un séjour, d\'une cuisine, d\'une chambre, d\'une salle de bain et d\'un WC. Il est équipé d\'un chauffage individuel électrique. L\'appartement est situé à proximité des commerces et des transports en commun. Il est disponible immédiatement.', 'Appartement de type F2, situé au 142ème étage d\'un immeuble de 15 étages.', 19, '142 rue du bailleur', 'Valencia', '46001', 'Spain', 14, 0, 'En attente', '[\"house_342.jpg\",\"garage_342.jpg\",\"bath_143.jpg\",\"bed_241.jpg\",\"bed_303.jpg\",\"bed_244.jpg\",\"din_483.jpg\",\"din_59.jpg\",\"kitchen_453.jpg\",\"kitchen_359.jpg\",\"living_253.jpg\"]', 'Appartement F2 au 142ème étage', 3, 1, 3, '2027-01-28 00:00:00', '2027-01-09 00:00:00', 50),
(143, 5, 'Appartement de type F2, situé au 143ème étage d\'un immeuble de 15 étages. Il est composé d\'un séjour, d\'une cuisine, d\'une chambre, d\'une salle de bain et d\'un WC. Il est équipé d\'un chauffage individuel électrique. L\'appartement est situé à proximité des commerces et des transports en commun. Il est disponible immédiatement.', 'Appartement de type F2, situé au 143ème étage d\'un immeuble de 15 étages.', 119, '143 rue du bailleur', 'Montpellier', '34000', 'France', 11, 0, 'En attente', '[\"house_327.jpg\",\"garage_327.jpg\",\"bath_286.jpg\",\"bath_59.jpg\",\"bed_399.jpg\",\"bed_439.jpg\",\"bed_354.jpg\",\"din_322.jpg\",\"din_129.jpg\",\"kitchen_112.jpg\",\"kitchen_48.jpg\",\"living_223.jpg\",\"living_456.jpg\"]', 'Appartement F2 au 143ème étage', 2, 2, 3, '2029-01-24 00:00:00', '2025-01-12 00:00:00', 50),
(144, 4, 'Appartement de type F2, situé au 144ème étage d\'un immeuble de 15 étages. Il est composé d\'un séjour, d\'une cuisine, d\'une chambre, d\'une salle de bain et d\'un WC. Il est équipé d\'un chauffage individuel électrique. L\'appartement est situé à proximité des commerces et des transports en commun. Il est disponible immédiatement.', 'Appartement de type F2, situé au 144ème étage d\'un immeuble de 15 étages.', 154, '144 rue du bailleur', 'Antwerp', '2000', 'Belgium', 12, 0, 'En attente', '[\"apartment_8.jpg\",\"bath_240.jpg\",\"bed_166.jpg\",\"bed_1.jpg\",\"bed_38.jpg\",\"din_480.jpg\",\"din_322.jpg\",\"kitchen_117.jpg\",\"kitchen_381.jpg\",\"living_14.jpg\"]', 'Appartement F2 au 144ème étage', 3, 1, 3, '2022-01-25 00:00:00', '2029-01-14 00:00:00', 50),
(145, 5, 'Appartement de type F2, situé au 145ème étage d\'un immeuble de 15 étages. Il est composé d\'un séjour, d\'une cuisine, d\'une chambre, d\'une salle de bain et d\'un WC. Il est équipé d\'un chauffage individuel électrique. L\'appartement est situé à proximité des commerces et des transports en commun. Il est disponible immédiatement.', 'Appartement de type F2, situé au 145ème étage d\'un immeuble de 15 étages.', 121, '145 rue du bailleur', 'Berlin', '10115', 'Germany', 8, 0, 'En attente', '[\"house_382.jpg\",\"garage_382.jpg\",\"bath_264.jpg\",\"bath_351.jpg\",\"bath_143.jpg\",\"bed_61.jpg\",\"bed_489.jpg\",\"bed_154.jpg\",\"bed_112.jpg\",\"bed_40.jpg\",\"din_326.jpg\",\"din_263.jpg\",\"din_243.jpg\",\"kitchen_148.jpg\",\"living_55.jpg\"]', 'Appartement F2 au 145ème étage', 1, 3, 5, '2029-01-13 00:00:00', '2023-01-30 00:00:00', 50),
(146, 1, 'Appartement de type F2, situé au 146ème étage d\'un immeuble de 15 étages. Il est composé d\'un séjour, d\'une cuisine, d\'une chambre, d\'une salle de bain et d\'un WC. Il est équipé d\'un chauffage individuel électrique. L\'appartement est situé à proximité des commerces et des transports en commun. Il est disponible immédiatement.', 'Appartement de type F2, situé au 146ème étage d\'un immeuble de 15 étages.', 62, '146 rue du bailleur', 'Bordeaux', '33000', 'France', 10, 0, 'En attente', '[\"apartment_349.jpg\",\"bath_114.jpg\",\"bed_308.jpg\",\"bed_457.jpg\",\"din_223.jpg\",\"din_273.jpg\",\"din_157.jpg\",\"kitchen_420.jpg\",\"living_197.jpg\",\"living_234.jpg\"]', 'Appartement F2 au 146ème étage', 1, 1, 2, '2024-01-09 00:00:00', '2022-01-05 00:00:00', 50),
(147, 6, 'Appartement de type F2, situé au 147ème étage d\'un immeuble de 15 étages. Il est composé d\'un séjour, d\'une cuisine, d\'une chambre, d\'une salle de bain et d\'un WC. Il est équipé d\'un chauffage individuel électrique. L\'appartement est situé à proximité des commerces et des transports en commun. Il est disponible immédiatement.', 'Appartement de type F2, situé au 147ème étage d\'un immeuble de 15 étages.', 138, '147 rue du bailleur', 'Milan', '20100', 'Italy', 7, 0, 'En attente', '[\"apartment_417.jpg\",\"bath_365.jpg\",\"bath_274.jpg\",\"bed_485.jpg\",\"din_44.jpg\",\"din_203.jpg\",\"din_402.jpg\",\"kitchen_117.jpg\",\"living_280.jpg\"]', 'Appartement F2 au 147ème étage', 1, 2, 1, '2025-01-08 00:00:00', '2023-01-24 00:00:00', 50),
(148, 5, 'Appartement de type F2, situé au 148ème étage d\'un immeuble de 15 étages. Il est composé d\'un séjour, d\'une cuisine, d\'une chambre, d\'une salle de bain et d\'un WC. Il est équipé d\'un chauffage individuel électrique. L\'appartement est situé à proximité des commerces et des transports en commun. Il est disponible immédiatement.', 'Appartement de type F2, situé au 148ème étage d\'un immeuble de 15 étages.', 30, '148 rue du bailleur', 'Nice', '06000', 'France', 12, 0, 'En attente', '[\"house_493.jpg\",\"garage_493.jpg\",\"bath_323.jpg\",\"bath_86.jpg\",\"bath_98.jpg\",\"bed_161.jpg\",\"din_174.jpg\",\"din_55.jpg\",\"kitchen_461.jpg\",\"kitchen_48.jpg\",\"living_341.jpg\"]', 'Appartement F2 au 148ème étage', 3, 3, 1, '2029-01-29 00:00:00', '2024-01-25 00:00:00', 50),
(149, 4, 'Appartement de type F2, situé au 149ème étage d\'un immeuble de 15 étages. Il est composé d\'un séjour, d\'une cuisine, d\'une chambre, d\'une salle de bain et d\'un WC. Il est équipé d\'un chauffage individuel électrique. L\'appartement est situé à proximité des commerces et des transports en commun. Il est disponible immédiatement.', 'Appartement de type F2, situé au 149ème étage d\'un immeuble de 15 étages.', 72, '149 rue du bailleur', 'Esch-sur-Alzette', 'L-4001', 'Luxembourg', 13, 0, 'En attente', '[\"house_408.jpg\",\"garage_408.jpg\",\"bath_400.jpg\",\"bath_81.jpg\",\"bed_205.jpg\",\"bed_353.jpg\",\"bed_340.jpg\",\"din_459.jpg\",\"din_310.jpg\",\"kitchen_310.jpg\",\"living_21.jpg\",\"living_328.jpg\"]', 'Appartement F2 au 149ème étage', 2, 2, 3, '2024-01-15 00:00:00', '2025-01-29 00:00:00', 50);

--
-- Déchargement des données de la table `scp_appartement_appart_plus`
--

INSERT INTO `scp_appartement_appart_plus` (`SCP_appartement_id`, `SCP_appart_plus_id`) VALUES
(1, 2),
(1, 5),
(3, 3),
(4, 4),
(6, 1),
(10, 2),
(12, 5),
(13, 5),
(15, 2),
(18, 5),
(22, 3),
(26, 4),
(28, 5),
(31, 6),
(32, 4),
(36, 5),
(37, 2),
(37, 4),
(41, 2),
(42, 6),
(48, 5),
(49, 4),
(51, 4),
(52, 3),
(59, 3),
(61, 2),
(61, 3),
(65, 4),
(65, 6),
(67, 3),
(69, 3),
(71, 2),
(71, 4),
(76, 1),
(77, 4),
(78, 3),
(79, 2),
(81, 5),
(85, 3),
(86, 6),
(88, 2),
(92, 2),
(92, 4),
(93, 6),
(95, 2),
(95, 3),
(96, 3),
(97, 5),
(98, 4),
(99, 3),
(101, 4),
(103, 5),
(106, 1),
(106, 3),
(108, 2),
(108, 3),
(109, 3),
(109, 6),
(112, 3),
(114, 1),
(115, 6),
(117, 2),
(118, 3),
(119, 3),
(121, 2),
(122, 3),
(128, 6),
(130, 2),
(130, 5),
(131, 1),
(132, 2),
(137, 2),
(140, 1),
(141, 1),
(141, 2),
(141, 6),
(144, 1),
(147, 1),
(147, 5),
(148, 3),
(149, 1);

--
-- Déchargement des données de la table `scp_appart_plus`
--

INSERT INTO `scp_appart_plus` (`id`, `icon`) VALUES
(1, 1),
(2, 2),
(3, 3),
(4, 4),
(5, 5),
(6, 6);

--
-- Déchargement des données de la table `scp_commentaire`
--

INSERT INTO `scp_commentaire` (`id`, `user_id`, `commentaire`, `type`, `entity_id`, `date`) VALUES
(1, 6, 'L\'appartement était propre et bien situé.', 1, 41, '2024-03-16 00:00:00'),
(2, 9, 'Nous avons passé un excellent séjour dans cet appartement.', 1, 8, '2027-01-03 00:00:00'),
(3, 7, 'L\'hôte était très accueillant et serviable.', 1, 125, '2023-01-07 00:00:00'),
(4, 10, 'L\'appartement était exactement comme décrit dans l\'annonce.', 1, 144, '2023-11-24 00:00:00'),
(5, 10, 'Nous avons apprécié la proximité des transports en commun.', 1, 83, '2027-01-20 00:00:00'),
(6, 10, 'La vue depuis l\'appartement était magnifique.', 1, 141, '2021-06-25 00:00:00'),
(7, 8, 'L\'appartement était spacieux et confortable.', 1, 16, '2025-06-09 00:00:00'),
(8, 7, 'Le quartier était animé et plein de vie.', 1, 137, '2025-04-05 00:00:00'),
(9, 10, 'Nous avons adoré la décoration de l\'appartement.', 1, 106, '2022-04-16 00:00:00'),
(10, 7, 'L\'hôte nous a donné d\'excellents conseils sur les endroits à visiter.', 1, 88, '2027-04-23 00:00:00'),
(11, 6, 'La réservation et l\'arrivée se sont déroulées sans problème.', 1, 149, '2023-11-03 00:00:00'),
(12, 4, 'L\'appartement était bien équipé avec tout ce dont nous avions besoin.', 1, 18, '2027-08-14 00:00:00'),
(13, 6, 'Nous avons eu une expérience positive dans cet appartement.', 1, 144, '2023-04-06 00:00:00'),
(14, 5, 'Le lit était très confortable.', 1, 65, '2021-07-27 00:00:00'),
(15, 9, 'La cuisine était bien équipée pour cuisiner nos repas.', 1, 147, '2026-10-03 00:00:00'),
(16, 2, 'Nous avons apprécié la flexibilité de l\'horaire de départ.', 1, 60, '2028-08-02 00:00:00'),
(17, 3, 'L\'emplacement de l\'appartement était idéal pour explorer la ville.', 1, 13, '2022-08-13 00:00:00'),
(18, 7, 'Nous recommandons vivement cet appartement à d\'autres voyageurs.', 1, 109, '2021-09-09 00:00:00'),
(19, 5, 'L\'hôte était réactif et facile à contacter.', 1, 75, '2024-09-22 00:00:00'),
(20, 4, 'Nous avons eu un excellent rapport qualité-prix avec cet appartement.', 1, 136, '2029-08-25 00:00:00'),
(21, 9, 'L\'appartement était calme et paisible, parfait pour se reposer.', 1, 99, '2028-08-29 00:00:00'),
(22, 3, 'Nous avons été impressionnés par la propreté de l\'appartement.', 1, 86, '2026-10-22 00:00:00'),
(23, 4, 'Nous avons passé un séjour très agréable dans cet appartement.', 1, 141, '2023-03-25 00:00:00'),
(24, 6, 'L\'hôte était sympathique et accueillant.', 1, 103, '2025-03-25 00:00:00'),
(25, 3, 'Nous avons eu une expérience sans tracas avec cette location d\'appartement.', 1, 73, '2023-03-11 00:00:00'),
(26, 9, 'L\'appartement était bien situé près des attractions touristiques.', 1, 139, '2027-08-15 00:00:00'),
(27, 9, 'Nous avons été enchantés par la décoration moderne de l\'appartement.', 1, 33, '2022-07-01 00:00:00'),
(28, 6, 'Nous avons passé un excellent week-end dans cet appartement.', 1, 42, '2022-05-03 00:00:00'),
(29, 4, 'Nous avons été satisfaits de notre choix d\'appartement pour notre séjour.', 1, 120, '2027-08-12 00:00:00'),
(30, 8, 'L\'appartement était lumineux et bien aménagé.', 1, 40, '2027-07-24 00:00:00'),
(31, 3, 'Nous avons apprécié la flexibilité de l\'hôte concernant l\'heure d\'arrivée.', 1, 41, '2026-03-01 00:00:00'),
(32, 10, 'L\'appartement était propre et bien entretenu.', 1, 51, '2028-05-17 00:00:00'),
(33, 5, 'L\'hôte était attentionné et a répondu à toutes nos questions rapidement.', 1, 7, '2026-04-25 00:00:00'),
(34, 10, 'Nous avons été agréablement surpris par la taille de l\'appartement.', 1, 19, '2020-04-15 00:00:00'),
(35, 4, 'L\'emplacement de l\'appartement était pratique pour se déplacer en ville.', 1, 53, '2022-01-21 00:00:00'),
(36, 4, 'Nous avons passé un excellent séjour dans cet appartement confortable.', 1, 75, '2025-12-21 00:00:00'),
(37, 4, 'L\'hôte nous a donné de bons conseils sur les restaurants locaux.', 1, 19, '2020-08-07 00:00:00'),
(38, 1, 'Nous avons adoré la vue depuis le balcon de l\'appartement.', 1, 33, '2024-07-20 00:00:00'),
(39, 10, 'L\'appartement était bien équipé avec des équipements modernes.', 1, 62, '2023-07-30 00:00:00'),
(40, 2, 'Nous avons été très satisfaits de notre expérience de location d\'appartement.', 1, 149, '2020-05-20 00:00:00'),
(41, 7, 'L\'hôte était sympathique et arrangeant.', 1, 140, '2020-03-18 00:00:00'),
(42, 9, 'Nous avons passé un séjour relaxant dans cet appartement.', 1, 45, '2023-05-25 00:00:00'),
(43, 10, 'L\'appartement était proche des commodités et des magasins.', 1, 2, '2020-10-01 00:00:00'),
(44, 1, 'Nous avons été impressionnés par la propreté et l\'organisation de l\'appartement.', 1, 110, '2024-07-17 00:00:00'),
(45, 7, 'Nous recommandons cet appartement à tous ceux qui visitent la région.', 1, 41, '2025-04-27 00:00:00'),
(46, 10, 'L\'hôte nous a accueillis chaleureusement à notre arrivée.', 1, 85, '2024-06-13 00:00:00'),
(47, 6, 'L\'appartement était bien situé pour explorer la ville à pied.', 1, 88, '2020-09-08 00:00:00'),
(48, 6, 'Nous avons été ravis de la réactivité de l\'hôte à nos demandes.', 1, 110, '2022-03-22 00:00:00'),
(49, 7, 'Nous avons passé un séjour agréable dans cet appartement bien équipé.', 1, 93, '2024-11-22 00:00:00'),
(50, 1, 'L\'emplacement de l\'appartement était central et pratique.', 1, 13, '2024-05-15 00:00:00'),
(51, 5, 'Nous avons passé un excellent séjour et nous reviendrons certainement dans cet appartement.', 1, 132, '2027-02-16 00:00:00'),
(52, 6, 'L\'hôte a été très accommodant et a rendu notre séjour agréable.', 1, 108, '2027-11-14 00:00:00'),
(53, 4, 'Nous avons été satisfaits de notre choix d\'appartement pour nos vacances.', 1, 35, '2024-02-03 00:00:00'),
(54, 9, 'L\'appartement était propre mais assez bruyant.', 1, 116, '2023-12-17 00:00:00'),
(55, 2, 'Nous avons eu quelques problèmes mineurs avec l\'appartement.', 1, 147, '2020-02-12 00:00:00'),
(56, 6, 'L\'hôte n\'était pas très disponible pendant notre séjour.', 1, 42, '2020-05-30 00:00:00'),
(57, 8, 'L\'appartement était un peu plus petit que ce à quoi nous nous attendions.', 1, 83, '2025-05-12 00:00:00'),
(58, 7, 'La connexion Wi-Fi dans l\'appartement était peu fiable.', 1, 109, '2020-07-11 00:00:00'),
(59, 10, 'Nous avons trouvé l\'emplacement de l\'appartement un peu éloigné des attractions principales.', 1, 9, '2020-03-25 00:00:00'),
(60, 6, 'Certains équipements dans l\'appartement étaient un peu usés.', 1, 15, '2026-08-29 00:00:00'),
(61, 9, 'Nous avons eu du mal à trouver un parking à proximité de l\'appartement.', 1, 72, '2023-07-24 00:00:00'),
(62, 9, 'La communication avec l\'hôte était un peu difficile.', 1, 73, '2029-04-25 00:00:00'),
(63, 6, 'L\'appartement avait besoin d\'un peu plus de nettoyage à notre arrivée.', 1, 84, '2026-10-05 00:00:00'),
(64, 3, 'Nous avons été déçus par la qualité de certains meubles dans l\'appartement.', 1, 141, '2028-06-04 00:00:00'),
(65, 2, 'Certains voisins étaient bruyants pendant notre séjour.', 1, 40, '2021-08-09 00:00:00'),
(66, 10, 'L\'équipement de cuisine dans l\'appartement était un peu limité.', 1, 12, '2023-01-15 00:00:00'),
(67, 10, 'Nous avons trouvé l\'appartement un peu sombre et mal éclairé.', 1, 114, '2028-08-06 00:00:00'),
(68, 3, 'L\'emplacement de l\'appartement était un peu difficile à trouver.', 1, 44, '2026-08-07 00:00:00'),
(69, 4, 'Nous avons eu du mal à régler la température dans l\'appartement.', 1, 125, '2026-08-18 00:00:00'),
(70, 4, 'L\'appartement avait une odeur désagréable à notre arrivée.', 1, 11, '2025-05-01 00:00:00'),
(71, 9, 'Nous avons trouvé l\'appartement un peu impersonnel et sans charme.', 1, 52, '2020-01-06 00:00:00'),
(72, 9, 'Certains équipements dans l\'appartement étaient défectueux.', 1, 77, '2021-09-25 00:00:00'),
(73, 6, 'L\'appartement était un peu poussiéreux à notre arrivée.', 1, 43, '2021-03-07 00:00:00'),
(74, 1, 'Nous avons été déçus par la propreté générale de l\'appartement.', 1, 97, '2025-04-11 00:00:00'),
(75, 9, 'L\'hôte était un peu en retard pour notre enregistrement.', 1, 104, '2029-01-03 00:00:00'),
(76, 1, 'L\'appartement était situé dans un quartier un peu malfamé.', 1, 85, '2023-07-09 00:00:00'),
(77, 4, 'Nous avons eu du mal à obtenir des réponses de l\'hôte avant notre arrivée.', 1, 68, '2020-12-17 00:00:00'),
(78, 10, 'Nous avons trouvé l\'appartement un peu vieux et démodé.', 1, 116, '2023-09-21 00:00:00'),
(79, 7, 'Certains équipements dans l\'appartement étaient mal entretenus.', 1, 43, '2029-09-19 00:00:00'),
(80, 3, 'L\'appartement était un peu mal isolé du bruit extérieur.', 1, 68, '2024-01-03 00:00:00'),
(81, 4, 'Nous avons eu quelques problèmes avec la plomberie dans l\'appartement.', 1, 6, '2028-08-31 00:00:00'),
(82, 4, 'L\'appartement avait une ambiance un peu négligée.', 1, 61, '2023-07-15 00:00:00'),
(83, 2, 'Nous avons été déçus par la vue depuis l\'appartement.', 1, 74, '2023-09-17 00:00:00'),
(84, 1, 'Certains équipements dans l\'appartement étaient cassés.', 1, 54, '2022-09-26 00:00:00'),
(85, 4, 'L\'appartement avait une odeur de renfermé.', 1, 44, '2021-08-31 00:00:00'),
(86, 7, 'Nous avons trouvé l\'appartement un peu cher pour ce qu\'il offrait.', 1, 78, '2020-04-14 00:00:00'),
(87, 2, 'L\'appartement était situé loin des transports en commun.', 1, 126, '2024-01-24 00:00:00'),
(88, 4, 'Nous avons eu quelques problèmes avec l\'électricité dans l\'appartement.', 1, 100, '2024-03-17 00:00:00'),
(89, 8, 'L\'appartement était un peu sale à notre arrivée.', 1, 101, '2022-12-21 00:00:00'),
(90, 2, 'Nous avons trouvé l\'appartement un peu désordonné.', 1, 30, '2022-05-21 00:00:00'),
(91, 9, 'Certains équipements dans l\'appartement étaient obsolètes.', 1, 148, '2021-03-16 00:00:00'),
(92, 5, 'L\'appartement avait besoin de quelques réparations mineures.', 1, 67, '2023-03-21 00:00:00'),
(93, 10, 'Nous avons été déçus par la qualité du lit dans l\'appartement.', 1, 16, '2026-12-28 00:00:00'),
(94, 10, 'L\'hôte n\'était pas très réactif à nos demandes.', 1, 43, '2028-03-02 00:00:00'),
(95, 7, 'Nous avons trouvé l\'appartement un peu inconfortable.', 1, 119, '2022-03-10 00:00:00'),
(96, 7, 'Certains voisins étaient bruyants pendant la nuit.', 1, 13, '2025-07-26 00:00:00'),
(97, 10, 'L\'appartement était un peu malodorant.', 1, 136, '2024-12-20 00:00:00'),
(98, 3, 'Nous avons été déçus par la propreté de la salle de bains dans l\'appartement.', 1, 100, '2027-02-02 00:00:00'),
(99, 1, 'L\'appartement était un peu humide.', 1, 115, '2028-11-04 00:00:00'),
(100, 3, 'Nous avons trouvé l\'appartement un peu étroit pour notre famille.', 1, 16, '2024-05-27 00:00:00'),
(101, 7, 'Certains équipements dans l\'appartement étaient en panne.', 1, 80, '2024-05-26 00:00:00'),
(102, 9, 'L\'appartement était situé dans un quartier un peu sale.', 1, 80, '2021-07-27 00:00:00');

--
-- Déchargement des données de la table `scp_devis`
--

INSERT INTO `scp_devis` (`id`, `user_id`, `prestataire_id`, `nom`, `prenom`, `numero`, `email`, `type_presta`, `contact_with_phone`, `description`, `estimated_time`, `is_ok`, `start_date`, `end_date`, `to_validate`, `sid`, `prix`, `turn`) VALUES
(1, NULL, NULL, 'Nom1', 'Prenom1', '0660241660', 'email1@pcs.fr', 2, 0, NULL, NULL, 0, NULL, NULL, NULL, NULL, NULL, 0),
(2, NULL, NULL, 'Nom2', 'Prenom2', '0684591495', 'email2@pcs.fr', 2, 0, NULL, NULL, 0, NULL, NULL, NULL, NULL, NULL, 0),
(3, NULL, NULL, 'Nom3', 'Prenom3', '0656400281', 'email3@pcs.fr', 3, 0, NULL, NULL, 0, NULL, NULL, NULL, NULL, NULL, 0),
(4, NULL, NULL, 'Nom4', 'Prenom4', '0626010507', 'email4@pcs.fr', 4, 0, NULL, NULL, 0, NULL, NULL, NULL, NULL, NULL, 0),
(5, NULL, NULL, 'Nom5', 'Prenom5', '0640530103', 'email5@pcs.fr', 3, 0, NULL, NULL, 0, NULL, NULL, NULL, NULL, NULL, 0),
(6, NULL, NULL, 'Nom6', 'Prenom6', '0617299212', 'email6@pcs.fr', 3, 0, NULL, NULL, 0, NULL, NULL, NULL, NULL, NULL, 0),
(7, NULL, NULL, 'Nom7', 'Prenom7', '0686987574', 'email7@pcs.fr', 4, 0, NULL, NULL, 0, NULL, NULL, NULL, NULL, NULL, 0),
(8, NULL, NULL, 'Nom8', 'Prenom8', '0672683753', 'email8@pcs.fr', 2, 0, NULL, NULL, 0, NULL, NULL, NULL, NULL, NULL, 0),
(9, NULL, NULL, 'Nom9', 'Prenom9', '0647360209', 'email9@pcs.fr', 3, 0, NULL, NULL, 0, NULL, NULL, NULL, NULL, NULL, 0),
(10, NULL, NULL, 'Nom10', 'Prenom10', '0650447097', 'email10@pcs.fr', 1, 0, NULL, NULL, 0, NULL, NULL, NULL, NULL, NULL, 0),
(11, NULL, NULL, 'Nom11', 'Prenom11', '0617511632', 'email11@pcs.fr', 4, 0, NULL, NULL, 0, NULL, NULL, NULL, NULL, NULL, 0),
(12, NULL, NULL, 'Nom12', 'Prenom12', '0649197196', 'email12@pcs.fr', 1, 0, NULL, NULL, 0, NULL, NULL, NULL, NULL, NULL, 0),
(13, NULL, NULL, 'Nom13', 'Prenom13', '0664801369', 'email13@pcs.fr', 1, 0, NULL, NULL, 0, NULL, NULL, NULL, NULL, NULL, 0),
(14, NULL, NULL, 'Nom14', 'Prenom14', '0681270555', 'email14@pcs.fr', 4, 0, NULL, NULL, 0, NULL, NULL, NULL, NULL, NULL, 0),
(15, NULL, NULL, 'Nom15', 'Prenom15', '0620565991', 'email15@pcs.fr', 1, 0, NULL, NULL, 0, NULL, NULL, NULL, NULL, NULL, 0),
(16, NULL, NULL, 'Nom16', 'Prenom16', '0631573528', 'email16@pcs.fr', 1, 0, NULL, NULL, 0, NULL, NULL, NULL, NULL, NULL, 0),
(17, NULL, NULL, 'Nom17', 'Prenom17', '0689345127', 'email17@pcs.fr', 1, 0, NULL, NULL, 0, NULL, NULL, NULL, NULL, NULL, 0),
(18, NULL, NULL, 'Nom18', 'Prenom18', '0681285915', 'email18@pcs.fr', 4, 0, NULL, NULL, 0, NULL, NULL, NULL, NULL, NULL, 0),
(19, NULL, NULL, 'Nom19', 'Prenom19', '0659745250', 'email19@pcs.fr', 2, 0, NULL, NULL, 0, NULL, NULL, NULL, NULL, NULL, 0),
(20, NULL, NULL, 'Nom20', 'Prenom20', '0633220384', 'email20@pcs.fr', 4, 0, NULL, NULL, 0, NULL, NULL, NULL, NULL, NULL, 0),
(21, 16, NULL, 'Germain', 'Elodie', '0603042936', 'bailleur6@pcs.fr', 4, 0, NULL, NULL, 0, NULL, NULL, NULL, NULL, NULL, 0),
(22, 16, NULL, 'Germain', 'Elodie', '0603042936', 'bailleur6@pcs.fr', 3, 0, NULL, NULL, 0, NULL, NULL, NULL, NULL, NULL, 0),
(23, 16, NULL, 'Germain', 'Elodie', '0603042936', 'bailleur6@pcs.fr', 4, 0, NULL, NULL, 0, NULL, NULL, NULL, NULL, NULL, 0),
(24, 16, NULL, 'Germain', 'Elodie', '0603042936', 'bailleur6@pcs.fr', 6, 0, NULL, NULL, 0, NULL, NULL, NULL, NULL, NULL, 0),
(25, 16, NULL, 'Germain', 'Elodie', '0603042936', 'bailleur6@pcs.fr', 6, 0, NULL, NULL, 0, NULL, NULL, NULL, NULL, NULL, 0),
(26, 14, NULL, 'Durand', 'Amélie', '0671568925', 'bailleur4@pcs.fr', 5, 0, NULL, NULL, 0, NULL, NULL, NULL, NULL, NULL, 0),
(27, 15, NULL, 'Lemoine', 'Antoine', '0626958613', 'bailleur5@pcs.fr', 5, 0, NULL, NULL, 0, NULL, NULL, NULL, NULL, NULL, 0),
(28, 15, NULL, 'Lemoine', 'Antoine', '0626958613', 'bailleur5@pcs.fr', 6, 0, NULL, NULL, 0, NULL, NULL, NULL, NULL, NULL, 0),
(29, 15, NULL, 'Lemoine', 'Antoine', '0626958613', 'bailleur5@pcs.fr', 3, 0, NULL, NULL, 0, NULL, NULL, NULL, NULL, NULL, 0),
(30, 11, NULL, 'Thomas', 'Marc', '0679038194', 'bailleur1@pcs.fr', 4, 0, NULL, NULL, 0, NULL, NULL, NULL, NULL, NULL, 0),
(31, 16, NULL, 'Germain', 'Elodie', '0603042936', 'bailleur6@pcs.fr', 6, 0, NULL, NULL, 0, NULL, NULL, NULL, NULL, NULL, 0),
(32, 15, NULL, 'Lemoine', 'Antoine', '0626958613', 'bailleur5@pcs.fr', 5, 0, NULL, NULL, 0, NULL, NULL, NULL, NULL, NULL, 0),
(33, 16, NULL, 'Germain', 'Elodie', '0603042936', 'bailleur6@pcs.fr', 3, 0, NULL, NULL, 0, NULL, NULL, NULL, NULL, NULL, 0),
(34, 13, NULL, 'Petit', 'Thomas', '0605060804', 'bailleur3@pcs.fr', 6, 0, NULL, NULL, 0, NULL, NULL, NULL, NULL, NULL, 0),
(35, 14, NULL, 'Durand', 'Amélie', '0671568925', 'bailleur4@pcs.fr', 6, 0, NULL, NULL, 0, NULL, NULL, NULL, NULL, NULL, 0),
(36, 16, NULL, 'Germain', 'Elodie', '0603042936', 'bailleur6@pcs.fr', 1, 0, NULL, NULL, 0, NULL, NULL, NULL, NULL, NULL, 0),
(37, 13, NULL, 'Petit', 'Thomas', '0605060804', 'bailleur3@pcs.fr', 5, 0, NULL, NULL, 0, NULL, NULL, NULL, NULL, NULL, 0),
(38, 14, NULL, 'Durand', 'Amélie', '0671568925', 'bailleur4@pcs.fr', 3, 0, NULL, NULL, 0, NULL, NULL, NULL, NULL, NULL, 0),
(39, 15, NULL, 'Lemoine', 'Antoine', '0626958613', 'bailleur5@pcs.fr', 3, 0, NULL, NULL, 0, NULL, NULL, NULL, NULL, NULL, 0),
(40, 11, NULL, 'Thomas', 'Marc', '0679038194', 'bailleur1@pcs.fr', 6, 0, NULL, NULL, 0, NULL, NULL, NULL, NULL, NULL, 0);

--
-- Déchargement des données de la table `scp_fichier`
--

INSERT INTO `scp_fichier` (`id`, `email_id`, `ticket_id`, `user_id`, `nom`, `type`, `path`, `size`, `date`) VALUES
(1, NULL, NULL, 1, 'hello', 'info', 'Bonjour.pdf', '79.62K', '2024-07-10 12:55:27'),
(2, NULL, NULL, 2, 'hello', 'info', 'Bonjour.pdf', '79.62K', '2024-07-10 12:55:27'),
(3, NULL, NULL, 3, 'hello', 'info', 'Bonjour.pdf', '79.62K', '2024-07-10 12:55:28'),
(4, NULL, NULL, 4, 'hello', 'info', 'Bonjour.pdf', '79.62K', '2024-07-10 12:55:28'),
(5, NULL, NULL, 5, 'hello', 'info', 'Bonjour.pdf', '79.62K', '2024-07-10 12:55:29'),
(6, NULL, NULL, 6, 'hello', 'info', 'Bonjour.pdf', '79.62K', '2024-07-10 12:55:29'),
(7, NULL, NULL, 7, 'hello', 'info', 'Bonjour.pdf', '79.62K', '2024-07-10 12:55:29'),
(8, NULL, NULL, 8, 'hello', 'info', 'Bonjour.pdf', '79.62K', '2024-07-10 12:55:30'),
(9, NULL, NULL, 9, 'hello', 'info', 'Bonjour.pdf', '79.62K', '2024-07-10 12:55:30'),
(10, NULL, NULL, 10, 'hello', 'info', 'Bonjour.pdf', '79.62K', '2024-07-10 12:55:31'),
(11, NULL, NULL, 11, 'hello', 'info', 'Bonjour.pdf', '79.62K', '2024-07-10 12:55:31'),
(12, NULL, NULL, 12, 'hello', 'info', 'Bonjour.pdf', '79.62K', '2024-07-10 12:55:32'),
(13, NULL, NULL, 13, 'hello', 'info', 'Bonjour.pdf', '79.62K', '2024-07-10 12:55:32'),
(14, NULL, NULL, 14, 'hello', 'info', 'Bonjour.pdf', '79.62K', '2024-07-10 12:55:32'),
(15, NULL, NULL, 15, 'hello', 'info', 'Bonjour.pdf', '79.62K', '2024-07-10 12:55:33'),
(16, NULL, NULL, 16, 'hello', 'info', 'Bonjour.pdf', '79.62K', '2024-07-10 12:55:33'),
(17, NULL, NULL, 18, 'hello', 'info', 'Bonjour.pdf', '79.62K', '2024-07-10 12:55:34'),
(18, NULL, NULL, 19, 'hello', 'info', 'Bonjour.pdf', '79.62K', '2024-07-10 12:55:34'),
(19, NULL, NULL, 20, 'hello', 'info', 'Bonjour.pdf', '79.62K', '2024-07-10 12:55:35'),
(20, NULL, NULL, 21, 'hello', 'info', 'Bonjour.pdf', '79.62K', '2024-07-10 12:55:35'),
(21, NULL, NULL, 22, 'hello', 'info', 'Bonjour.pdf', '79.62K', '2024-07-10 12:55:36'),
(22, NULL, NULL, 23, 'hello', 'info', 'Bonjour.pdf', '79.62K', '2024-07-10 12:55:36'),
(23, NULL, NULL, 24, 'hello', 'info', 'Bonjour.pdf', '79.62K', '2024-07-10 12:55:37'),
(24, NULL, NULL, 25, 'hello', 'info', 'Bonjour.pdf', '79.62K', '2024-07-10 12:55:37'),
(25, NULL, NULL, 26, 'hello', 'info', 'Bonjour.pdf', '79.62K', '2024-07-10 12:55:37'),
(26, NULL, NULL, 27, 'hello', 'info', 'Bonjour.pdf', '79.62K', '2024-07-10 12:55:38'),
(27, NULL, NULL, 28, 'hello', 'info', 'Bonjour.pdf', '79.62K', '2024-07-10 12:55:38'),
(28, NULL, NULL, 29, 'hello', 'info', 'Bonjour.pdf', '79.62K', '2024-07-10 12:55:39'),
(29, NULL, NULL, 30, 'hello', 'info', 'Bonjour.pdf', '79.62K', '2024-07-10 12:55:39'),
(30, NULL, NULL, 31, 'hello', 'info', 'Bonjour.pdf', '79.62K', '2024-07-10 12:55:39'),
(31, NULL, NULL, 32, 'hello', 'info', 'Bonjour.pdf', '79.62K', '2024-07-10 12:55:40'),
(32, NULL, NULL, 5, 'Facture de location du 01/07/2021', 'location', 'invoice_668e84d2ecafd.pdf', '1.92K', '2021-07-01 00:00:00'),
(33, NULL, NULL, 4, 'Facture de location du 18/11/2027', 'location', 'invoice_668e84d34341a.pdf', '1.97K', '2027-11-18 00:00:00'),
(34, NULL, NULL, 1, 'Facture de location du 19/11/2024', 'location', 'invoice_668e84d34e579.pdf', '1.80K', '2024-11-19 00:00:00'),
(35, NULL, NULL, 7, 'Facture de location du 02/04/2020', 'location', 'invoice_668e84d359d4f.pdf', '1.90K', '2020-04-02 00:00:00'),
(36, NULL, NULL, 4, 'Facture de location du 27/07/2022', 'location', 'invoice_668e84d366cc6.pdf', '1.89K', '2022-07-27 00:00:00'),
(37, NULL, NULL, 10, 'Facture de location du 27/08/2020', 'location', 'invoice_668e84d37150d.pdf', '1.85K', '2020-08-27 00:00:00'),
(38, NULL, NULL, 6, 'Facture de location du 29/10/2020', 'location', 'invoice_668e84d37d298.pdf', '1.94K', '2020-10-29 00:00:00'),
(39, NULL, NULL, 9, 'Facture de location du 25/06/2022', 'location', 'invoice_668e84d388e2e.pdf', '1.81K', '2022-06-25 00:00:00'),
(40, NULL, NULL, 10, 'Facture de location du 11/03/2025', 'location', 'invoice_668e84d3974e1.pdf', '1.85K', '2025-03-11 00:00:00'),
(41, NULL, NULL, 7, 'Facture de location du 10/11/2027', 'location', 'invoice_668e84d3a24df.pdf', '1.89K', '2027-11-10 00:00:00'),
(42, NULL, NULL, 7, 'Facture de location du 23/09/2024', 'location', 'invoice_668e84d3adcf0.pdf', '1.92K', '2024-09-23 00:00:00'),
(43, NULL, NULL, 4, 'Facture de location du 07/04/2022', 'location', 'invoice_668e84d3bc485.pdf', '1.89K', '2022-04-07 00:00:00'),
(44, NULL, NULL, 5, 'Facture de location du 08/04/2021', 'location', 'invoice_668e84d3c789e.pdf', '1.86K', '2021-04-08 00:00:00'),
(45, NULL, NULL, 4, 'Facture de location du 10/07/2028', 'location', 'invoice_668e84d3d2389.pdf', '1.84K', '2028-07-10 00:00:00'),
(46, NULL, NULL, 10, 'Facture de location du 01/03/2022', 'location', 'invoice_668e84d3e04ad.pdf', '1.82K', '2022-03-01 00:00:00'),
(47, NULL, NULL, 3, 'Facture de location du 15/10/2025', 'location', 'invoice_668e84d3ec9cc.pdf', '1.90K', '2025-10-15 00:00:00'),
(48, NULL, NULL, 3, 'Facture de location du 15/08/2029', 'location', 'invoice_668e84d403ae3.pdf', '1.81K', '2029-08-15 00:00:00'),
(49, NULL, NULL, 6, 'Facture de location du 09/12/2025', 'location', 'invoice_668e84d4118cc.pdf', '1.86K', '2025-12-09 00:00:00'),
(50, NULL, NULL, 2, 'Facture de location du 06/06/2023', 'location', 'invoice_668e84d41d873.pdf', '1.81K', '2023-06-06 00:00:00'),
(51, NULL, NULL, 6, 'Facture de location du 12/10/2020', 'location', 'invoice_668e84d4294cb.pdf', '1.86K', '2020-10-12 00:00:00'),
(52, NULL, NULL, 8, 'Facture de location du 14/02/2024', 'location', 'invoice_668e84d439fea.pdf', '1.86K', '2024-02-14 00:00:00'),
(53, NULL, NULL, 2, 'Facture de location du 08/03/2029', 'location', 'invoice_668e84d44552c.pdf', '1.77K', '2029-03-08 00:00:00'),
(54, NULL, NULL, 10, 'Facture de location du 01/09/2029', 'location', 'invoice_668e84d451e7c.pdf', '1.98K', '2029-09-01 00:00:00'),
(55, NULL, NULL, 2, 'Facture de location du 04/07/2028', 'location', 'invoice_668e84d46049b.pdf', '1.77K', '2028-07-04 00:00:00'),
(56, NULL, NULL, 3, 'Facture de location du 28/06/2029', 'location', 'invoice_668e84d46cd8a.pdf', '1.81K', '2029-06-28 00:00:00'),
(57, NULL, NULL, 5, 'Facture de location du 04/02/2025', 'location', 'invoice_668e84d47d988.pdf', '1.94K', '2025-02-04 00:00:00'),
(58, NULL, NULL, 1, 'Facture de location du 04/08/2029', 'location', 'invoice_668e84d489f2c.pdf', '1.81K', '2029-08-04 00:00:00'),
(59, NULL, NULL, 8, 'Facture de location du 16/11/2029', 'location', 'invoice_668e84d4961ce.pdf', '1.89K', '2029-11-16 00:00:00'),
(60, NULL, NULL, 1, 'Facture de location du 13/04/2029', 'location', 'invoice_668e84d4a7158.pdf', '1.97K', '2029-04-13 00:00:00'),
(61, NULL, NULL, 6, 'Facture de location du 21/03/2027', 'location', 'invoice_668e84d4b3543.pdf', '1.85K', '2027-03-21 00:00:00'),
(62, NULL, NULL, 5, 'Facture de location du 17/12/2029', 'location', 'invoice_668e84d4c4354.pdf', '1.90K', '2029-12-17 00:00:00'),
(63, NULL, NULL, 2, 'Facture de location du 13/11/2024', 'location', 'invoice_668e84d4d009d.pdf', '1.84K', '2024-11-13 00:00:00'),
(64, NULL, NULL, 8, 'Facture de location du 01/05/2029', 'location', 'invoice_668e84d4e162e.pdf', '1.82K', '2029-05-01 00:00:00'),
(65, NULL, NULL, 7, 'Facture de location du 21/11/2027', 'location', 'invoice_668e84d4efdd2.pdf', '1.90K', '2027-11-21 00:00:00'),
(66, NULL, NULL, 10, 'Facture de location du 28/01/2025', 'location', 'invoice_668e84d50cfab.pdf', '1.95K', '2025-01-28 00:00:00'),
(67, NULL, NULL, 4, 'Facture de location du 23/01/2026', 'location', 'invoice_668e84d51a5b7.pdf', '1.89K', '2026-01-23 00:00:00'),
(68, NULL, NULL, 7, 'Facture de location du 28/04/2022', 'location', 'invoice_668e84d52c362.pdf', '1.97K', '2022-04-28 00:00:00'),
(69, NULL, NULL, 2, 'Facture de location du 04/12/2021', 'location', 'invoice_668e84d53a271.pdf', '1.97K', '2021-12-04 00:00:00'),
(70, NULL, NULL, 6, 'Facture de location du 12/12/2025', 'location', 'invoice_668e84d54b2af.pdf', '1.85K', '2025-12-12 00:00:00'),
(71, NULL, NULL, 8, 'Facture de location du 08/08/2029', 'location', 'invoice_668e84d557e2d.pdf', '1.81K', '2029-08-08 00:00:00'),
(72, NULL, NULL, 10, 'Facture de location du 11/01/2026', 'location', 'invoice_668e84d56b1bc.pdf', '1.91K', '2026-01-11 00:00:00'),
(73, NULL, NULL, 4, 'Facture de location du 28/03/2021', 'location', 'invoice_668e84d57741a.pdf', '1.81K', '2021-03-28 00:00:00'),
(74, NULL, NULL, 5, 'Facture de location du 25/03/2025', 'location', 'invoice_668e84d58a2c6.pdf', '2.00K', '2025-03-25 00:00:00'),
(75, NULL, NULL, 8, 'Facture de location du 07/06/2027', 'location', 'invoice_668e84d59b85b.pdf', '1.85K', '2027-06-07 00:00:00'),
(76, NULL, NULL, 6, 'Facture de location du 18/10/2022', 'location', 'invoice_668e84d5a97e4.pdf', '1.77K', '2022-10-18 00:00:00'),
(77, NULL, NULL, 4, 'Facture de location du 06/12/2020', 'location', 'invoice_668e84d5bbbe9.pdf', '1.85K', '2020-12-06 00:00:00'),
(78, NULL, NULL, 10, 'Facture de location du 19/02/2021', 'location', 'invoice_668e84d5cd869.pdf', '1.89K', '2021-02-19 00:00:00'),
(79, NULL, NULL, 8, 'Facture de location du 23/08/2024', 'location', 'invoice_668e84d5dcbf5.pdf', '1.85K', '2024-08-23 00:00:00'),
(80, NULL, NULL, 1, 'Facture de location du 01/12/2023', 'location', 'invoice_668e84d5f163e.pdf', '1.88K', '2023-12-01 00:00:00'),
(81, NULL, NULL, 8, 'Facture de location du 21/05/2026', 'location', 'invoice_668e84d60f739.pdf', '1.85K', '2026-05-21 00:00:00'),
(82, NULL, NULL, 1, 'Facture de location du 24/10/2023', 'location', 'invoice_668e84d64008e.pdf', '1.85K', '2023-10-24 00:00:00'),
(83, NULL, NULL, 9, 'Facture de location du 12/03/2026', 'location', 'invoice_668e84d663176.pdf', '1.88K', '2026-03-12 00:00:00'),
(84, NULL, NULL, 8, 'Facture de location du 02/04/2028', 'location', 'invoice_668e84d68b5f4.pdf', '1.81K', '2028-04-02 00:00:00'),
(85, NULL, NULL, 5, 'Facture de location du 20/11/2022', 'location', 'invoice_668e84d6ab885.pdf', '2.00K', '2022-11-20 00:00:00'),
(86, NULL, NULL, 5, 'Facture de location du 19/12/2027', 'location', 'invoice_668e84d6c6ff0.pdf', '1.93K', '2027-12-19 00:00:00'),
(87, NULL, NULL, 6, 'Facture de location du 02/07/2029', 'location', 'invoice_668e84d6e103c.pdf', '1.76K', '2029-07-02 00:00:00'),
(88, NULL, NULL, 4, 'Facture de location du 01/01/2025', 'location', 'invoice_668e84d7035d6.pdf', '1.85K', '2025-01-01 00:00:00'),
(89, NULL, NULL, 9, 'Facture de location du 11/02/2029', 'location', 'invoice_668e84d71a0f0.pdf', '1.76K', '2029-02-11 00:00:00'),
(90, NULL, NULL, 6, 'Facture de location du 14/11/2021', 'location', 'invoice_668e84d733286.pdf', '1.94K', '2021-11-14 00:00:00'),
(91, NULL, NULL, 5, 'Facture de location du 24/04/2023', 'location', 'invoice_668e84d74a719.pdf', '1.76K', '2023-04-24 00:00:00'),
(92, NULL, NULL, 10, 'Facture de location du 26/04/2026', 'location', 'invoice_668e84d764f78.pdf', '2.01K', '2026-04-26 00:00:00'),
(93, NULL, NULL, 4, 'Facture de location du 17/10/2026', 'location', 'invoice_668e84d77ce89.pdf', '1.82K', '2026-10-17 00:00:00'),
(94, NULL, NULL, 8, 'Facture de location du 19/03/2023', 'location', 'invoice_668e84d78fcd8.pdf', '1.81K', '2023-03-19 00:00:00'),
(95, NULL, NULL, 7, 'Facture de location du 16/09/2029', 'location', 'invoice_668e84d7a3487.pdf', '1.94K', '2029-09-16 00:00:00'),
(96, NULL, NULL, 8, 'Facture de location du 18/04/2029', 'location', 'invoice_668e84d7b68b8.pdf', '1.77K', '2029-04-18 00:00:00'),
(97, NULL, NULL, 10, 'Facture de location du 05/01/2024', 'location', 'invoice_668e84d7cd08b.pdf', '1.85K', '2024-01-05 00:00:00'),
(98, NULL, NULL, 10, 'Facture de location du 27/08/2026', 'location', 'invoice_668e84d7e400c.pdf', '1.78K', '2026-08-27 00:00:00'),
(99, NULL, NULL, 9, 'Facture de location du 05/07/2022', 'location', 'invoice_668e84d807de5.pdf', '1.89K', '2022-07-05 00:00:00'),
(100, NULL, NULL, 9, 'Facture de location du 23/07/2026', 'location', 'invoice_668e84d81ae27.pdf', '1.85K', '2026-07-23 00:00:00'),
(101, NULL, NULL, 9, 'Facture de location du 14/09/2029', 'location', 'invoice_668e84d82e27c.pdf', '1.88K', '2029-09-14 00:00:00'),
(102, NULL, NULL, 3, 'Facture de location du 02/06/2020', 'location', 'invoice_668e84d842966.pdf', '1.86K', '2020-06-02 00:00:00'),
(103, NULL, NULL, 10, 'Facture de location du 10/07/2021', 'location', 'invoice_668e84d85831e.pdf', '1.89K', '2021-07-10 00:00:00'),
(104, NULL, NULL, 4, 'Facture de location du 20/10/2023', 'location', 'invoice_668e84d87292f.pdf', '1.86K', '2023-10-20 00:00:00'),
(105, NULL, NULL, 2, 'Facture de location du 29/10/2022', 'location', 'invoice_668e84d880b49.pdf', '1.81K', '2022-10-29 00:00:00'),
(106, NULL, NULL, 2, 'Facture de location du 09/12/2028', 'location', 'invoice_668e84d88f635.pdf', '1.90K', '2028-12-09 00:00:00'),
(107, NULL, NULL, 7, 'Facture de location du 20/01/2024', 'location', 'invoice_668e84d89fac2.pdf', '1.84K', '2024-01-20 00:00:00'),
(108, NULL, NULL, 9, 'Facture de location du 19/11/2029', 'location', 'invoice_668e84d8af088.pdf', '1.84K', '2029-11-19 00:00:00'),
(109, NULL, NULL, 8, 'Facture de location du 22/08/2027', 'location', 'invoice_668e84d8c03fc.pdf', '1.93K', '2027-08-22 00:00:00'),
(110, NULL, NULL, 4, 'Facture de location du 28/07/2024', 'location', 'invoice_668e84d8d427b.pdf', '1.82K', '2024-07-28 00:00:00'),
(111, NULL, NULL, 10, 'Facture de location du 14/05/2029', 'location', 'invoice_668e84d8e8ba4.pdf', '1.98K', '2029-05-14 00:00:00'),
(112, NULL, NULL, 6, 'Facture de location du 07/03/2026', 'location', 'invoice_668e84d908080.pdf', '1.86K', '2026-03-07 00:00:00'),
(113, NULL, NULL, 10, 'Facture de location du 16/01/2023', 'location', 'invoice_668e84d91ca14.pdf', '1.97K', '2023-01-16 00:00:00'),
(114, NULL, NULL, 4, 'Facture de location du 10/07/2025', 'location', 'invoice_668e84d939295.pdf', '1.94K', '2025-07-10 00:00:00'),
(115, NULL, NULL, 4, 'Facture de location du 25/07/2025', 'location', 'invoice_668e84d949555.pdf', '1.89K', '2025-07-25 00:00:00'),
(116, NULL, NULL, 3, 'Facture de location du 21/07/2020', 'location', 'invoice_668e84d956b2f.pdf', '1.77K', '2020-07-21 00:00:00'),
(117, NULL, NULL, 4, 'Facture de location du 29/02/2020', 'location', 'invoice_668e84d9655da.pdf', '1.94K', '2020-02-29 00:00:00'),
(118, NULL, NULL, 5, 'Facture de location du 05/12/2028', 'location', 'invoice_668e84d975691.pdf', '1.81K', '2028-12-05 00:00:00'),
(119, NULL, NULL, 8, 'Facture de location du 02/02/2023', 'location', 'invoice_668e84d98cc78.pdf', '1.81K', '2023-02-02 00:00:00'),
(120, NULL, NULL, 10, 'Facture de location du 27/01/2026', 'location', 'invoice_668e84d9a56a5.pdf', '1.78K', '2026-01-27 00:00:00'),
(121, NULL, NULL, 6, 'Facture de location du 09/05/2023', 'location', 'invoice_668e84d9bc8dd.pdf', '1.85K', '2023-05-09 00:00:00'),
(122, NULL, NULL, 2, 'Facture de location du 03/12/2025', 'location', 'invoice_668e84d9d19c6.pdf', '1.90K', '2025-12-03 00:00:00'),
(123, NULL, NULL, 7, 'Facture de location du 02/12/2024', 'location', 'invoice_668e84d9ee34b.pdf', '1.89K', '2024-12-02 00:00:00'),
(124, NULL, NULL, 9, 'Facture de location du 07/09/2022', 'location', 'invoice_668e84da09498.pdf', '1.85K', '2022-09-07 00:00:00'),
(125, NULL, NULL, 3, 'Facture de location du 23/06/2024', 'location', 'invoice_668e84da19837.pdf', '1.97K', '2024-06-23 00:00:00'),
(126, NULL, NULL, 4, 'Facture de location du 03/02/2025', 'location', 'invoice_668e84da2b345.pdf', '1.81K', '2025-02-03 00:00:00'),
(127, NULL, NULL, 5, 'Facture de location du 28/07/2026', 'location', 'invoice_668e84da41b07.pdf', '1.84K', '2026-07-28 00:00:00'),
(128, NULL, NULL, 2, 'Facture de location du 26/05/2024', 'location', 'invoice_668e84da564cc.pdf', '1.81K', '2024-05-26 00:00:00'),
(129, NULL, NULL, 3, 'Facture de location du 23/05/2021', 'location', 'invoice_668e84da6e682.pdf', '1.82K', '2021-05-23 00:00:00'),
(130, NULL, NULL, 9, 'Facture de location du 03/07/2020', 'location', 'invoice_668e84daa7443.pdf', '1.92K', '2020-07-03 00:00:00');

--
-- Déchargement des données de la table `scp_location`
--

INSERT INTO `scp_location` (`id`, `appartement_id`, `locataire_id`, `facture_id`, `dateha`, `date_debut`, `date_fin`, `adults`, `kids`, `babies`, `price`, `fact_to_create`) VALUES
(1, 12, 5, NULL, '2021-07-06 00:00:00', '2021-07-01 00:00:00', '2021-07-04 00:00:00', 1, 1, 1, 666, 0),
(2, 95, 4, NULL, '2027-11-28 00:00:00', '2027-11-18 00:00:00', '2027-11-26 00:00:00', 3, 2, 1, 1002, 0),
(3, 24, 1, NULL, '2024-11-29 00:00:00', '2024-11-19 00:00:00', '2024-11-20 00:00:00', 2, 0, 1, 87, 0),
(4, 108, 7, NULL, '2020-04-30 00:00:00', '2020-04-02 00:00:00', '2020-04-23 00:00:00', 2, 2, 1, 1948, 0),
(5, 114, 4, NULL, '2022-07-31 00:00:00', '2022-07-27 00:00:00', '2022-07-31 00:00:00', 1, 0, 1, 362, 0),
(6, 81, 10, NULL, '2020-08-31 00:00:00', '2020-08-27 00:00:00', '2020-08-31 00:00:00', 4, 1, 0, 815, 0),
(7, 83, 6, NULL, '2020-10-30 00:00:00', '2020-10-29 00:00:00', '2020-10-31 00:00:00', 4, 2, 1, 465, 0),
(8, 53, 9, NULL, '2022-06-27 00:00:00', '2022-06-25 00:00:00', '2022-06-28 00:00:00', 3, 1, 1, 524, 0),
(9, 147, 10, NULL, '2025-03-29 00:00:00', '2025-03-11 00:00:00', '2025-03-26 00:00:00', 2, 2, 0, 2227, 0),
(10, 146, 7, NULL, '2027-11-25 00:00:00', '2027-11-10 00:00:00', '2027-11-17 00:00:00', 3, 1, 0, 710, 0),
(11, 5, 7, NULL, '2024-09-26 00:00:00', '2024-09-23 00:00:00', '2024-09-25 00:00:00', 4, 2, 1, 447, 0),
(12, 40, 4, NULL, '2022-04-25 00:00:00', '2022-04-07 00:00:00', '2022-04-28 00:00:00', 1, 0, 1, 1186, 0),
(13, 123, 5, NULL, '2021-04-17 00:00:00', '2021-04-08 00:00:00', '2021-04-13 00:00:00', 1, 1, 0, 1081, 0),
(14, 31, 4, NULL, '2028-07-24 00:00:00', '2028-07-10 00:00:00', '2028-07-18 00:00:00', 3, 2, 1, 615, 0),
(15, 14, 10, NULL, '2022-03-02 00:00:00', '2022-03-01 00:00:00', '2022-03-02 00:00:00', 4, 0, 1, 289, 0),
(16, 14, 3, NULL, '2025-10-26 00:00:00', '2025-10-15 00:00:00', '2025-10-21 00:00:00', 3, 0, 0, 1283, 0),
(17, 52, 3, NULL, '2029-08-22 00:00:00', '2029-08-15 00:00:00', '2029-08-17 00:00:00', 1, 1, 0, 307, 0),
(18, 38, 6, NULL, '2025-12-23 00:00:00', '2025-12-09 00:00:00', '2025-12-23 00:00:00', 3, 2, 0, 2303, 0),
(19, 59, 2, NULL, '2023-06-15 00:00:00', '2023-06-06 00:00:00', '2023-06-14 00:00:00', 3, 0, 0, 475, 0),
(20, 75, 6, NULL, '2020-10-17 00:00:00', '2020-10-12 00:00:00', '2020-10-18 00:00:00', 2, 1, 1, 1236, 0),
(21, 89, 8, NULL, '2024-03-01 00:00:00', '2024-02-14 00:00:00', '2024-02-25 00:00:00', 3, 1, 1, 1579, 0),
(22, 24, 2, NULL, '2029-03-18 00:00:00', '2029-03-08 00:00:00', '2029-03-09 00:00:00', 3, 2, 1, 119, 0),
(23, 114, 10, NULL, '2029-09-25 00:00:00', '2029-09-01 00:00:00', '2029-09-19 00:00:00', 2, 0, 0, 1152, 0),
(24, 23, 2, NULL, '2028-07-04 00:00:00', '2028-07-04 00:00:00', '2028-07-07 00:00:00', 4, 0, 0, 572, 0),
(25, 11, 3, NULL, '2029-06-30 00:00:00', '2029-06-28 00:00:00', '2029-07-01 00:00:00', 4, 2, 1, 645, 0),
(26, 124, 5, NULL, '2025-02-21 00:00:00', '2025-02-04 00:00:00', '2025-02-17 00:00:00', 4, 2, 1, 2286, 0),
(27, 50, 1, NULL, '2029-08-13 00:00:00', '2029-08-04 00:00:00', '2029-08-09 00:00:00', 4, 1, 1, 736, 0),
(28, 66, 8, NULL, '2029-11-29 00:00:00', '2029-11-16 00:00:00', '2029-11-30 00:00:00', 2, 0, 1, 1354, 0),
(29, 69, 1, NULL, '2029-04-16 00:00:00', '2029-04-13 00:00:00', '2029-04-17 00:00:00', 1, 2, 0, 542, 0),
(30, 133, 6, NULL, '2027-03-30 00:00:00', '2027-03-21 00:00:00', '2027-03-30 00:00:00', 1, 0, 1, 1098, 0),
(31, 68, 5, NULL, '2029-12-27 00:00:00', '2029-12-17 00:00:00', '2029-12-18 00:00:00', 4, 0, 1, 294, 0),
(32, 122, 2, NULL, '2024-11-13 00:00:00', '2024-11-13 00:00:00', '2024-11-22 00:00:00', 4, 1, 1, 375, 0),
(33, 149, 8, NULL, '2029-05-21 00:00:00', '2029-05-01 00:00:00', '2029-05-23 00:00:00', 3, 2, 1, 1723, 0),
(34, 83, 7, NULL, '2027-11-27 00:00:00', '2027-11-21 00:00:00', '2027-11-24 00:00:00', 4, 0, 0, 449, 0),
(35, 130, 10, NULL, '2025-01-31 00:00:00', '2025-01-28 00:00:00', '2025-01-31 00:00:00', 3, 1, 0, 849, 0),
(36, 79, 4, NULL, '2026-01-30 00:00:00', '2026-01-23 00:00:00', '2026-01-29 00:00:00', 4, 0, 0, 980, 0),
(37, 79, 7, NULL, '2022-04-28 00:00:00', '2022-04-28 00:00:00', '2022-04-29 00:00:00', 4, 2, 1, 398, 0),
(38, 58, 2, NULL, '2021-12-21 00:00:00', '2021-12-04 00:00:00', '2021-12-29 00:00:00', 1, 2, 0, 2123, 0),
(39, 118, 6, NULL, '2025-12-22 00:00:00', '2025-12-12 00:00:00', '2025-12-19 00:00:00', 4, 0, 1, 682, 0),
(40, 78, 8, NULL, '2029-08-21 00:00:00', '2029-08-08 00:00:00', '2029-08-29 00:00:00', 1, 2, 1, 2398, 0),
(41, 16, 10, NULL, '2026-01-24 00:00:00', '2026-01-11 00:00:00', '2026-01-28 00:00:00', 2, 0, 0, 2041, 0),
(42, 76, 4, NULL, '2021-03-28 00:00:00', '2021-03-28 00:00:00', '2021-03-30 00:00:00', 1, 1, 1, 366, 0),
(43, 27, 5, NULL, '2025-03-30 00:00:00', '2025-03-25 00:00:00', '2025-03-26 00:00:00', 1, 1, 1, 391, 0),
(44, 60, 8, NULL, '2027-06-23 00:00:00', '2027-06-07 00:00:00', '2027-06-15 00:00:00', 2, 0, 1, 663, 0),
(45, 138, 6, NULL, '2022-10-31 00:00:00', '2022-10-18 00:00:00', '2022-10-20 00:00:00', 3, 0, 1, 454, 0),
(46, 55, 4, NULL, '2020-12-28 00:00:00', '2020-12-06 00:00:00', '2020-12-09 00:00:00', 3, 2, 1, 647, 0),
(47, 31, 10, NULL, '2021-02-24 00:00:00', '2021-02-19 00:00:00', '2021-02-20 00:00:00', 1, 0, 1, 271, 0),
(48, 2, 8, NULL, '2024-08-31 00:00:00', '2024-08-23 00:00:00', '2024-08-28 00:00:00', 4, 2, 1, 933, 0),
(49, 80, 1, NULL, '2023-12-17 00:00:00', '2023-12-01 00:00:00', '2023-12-12 00:00:00', 2, 2, 1, 679, 0),
(50, 9, 8, NULL, '2026-05-31 00:00:00', '2026-05-21 00:00:00', '2026-05-27 00:00:00', 2, 1, 1, 854, 0),
(51, 73, 1, NULL, '2023-10-30 00:00:00', '2023-10-24 00:00:00', '2023-10-25 00:00:00', 1, 1, 1, 217, 0),
(52, 33, 9, NULL, '2026-03-21 00:00:00', '2026-03-12 00:00:00', '2026-03-21 00:00:00', 3, 2, 1, 991, 0),
(53, 98, 8, NULL, '2028-04-28 00:00:00', '2028-04-02 00:00:00', '2028-04-06 00:00:00', 2, 2, 0, 318, 0),
(54, 73, 5, NULL, '2022-11-20 00:00:00', '2022-11-20 00:00:00', '2022-11-26 00:00:00', 2, 0, 1, 756, 0),
(55, 89, 5, NULL, '2027-12-20 00:00:00', '2027-12-19 00:00:00', '2027-12-20 00:00:00', 3, 2, 1, 408, 0),
(56, 104, 6, NULL, '2029-07-02 00:00:00', '2029-07-02 00:00:00', '2029-07-24 00:00:00', 4, 2, 0, 1037, 0),
(57, 18, 4, NULL, '2025-01-06 00:00:00', '2025-01-01 00:00:00', '2025-01-26 00:00:00', 2, 1, 1, 4824, 0),
(58, 140, 9, NULL, '2029-02-28 00:00:00', '2029-02-11 00:00:00', '2029-02-19 00:00:00', 3, 0, 0, 284, 0),
(59, 8, 6, NULL, '2021-11-26 00:00:00', '2021-11-14 00:00:00', '2021-11-17 00:00:00', 2, 0, 0, 783, 0),
(60, 32, 5, NULL, '2023-04-27 00:00:00', '2023-04-24 00:00:00', '2023-05-01 00:00:00', 2, 0, 0, 721, 0),
(61, 128, 10, NULL, '2026-04-27 00:00:00', '2026-04-26 00:00:00', '2026-05-01 00:00:00', 1, 1, 0, 979, 0),
(62, 21, 4, NULL, '2026-10-30 00:00:00', '2026-10-17 00:00:00', '2026-10-28 00:00:00', 4, 0, 1, 2069, 0),
(63, 76, 8, NULL, '2023-03-31 00:00:00', '2023-03-19 00:00:00', '2023-03-27 00:00:00', 4, 1, 1, 1304, 0),
(64, 46, 7, NULL, '2029-09-27 00:00:00', '2029-09-16 00:00:00', '2029-09-25 00:00:00', 3, 1, 0, 1193, 0),
(65, 21, 8, NULL, '2029-04-28 00:00:00', '2029-04-18 00:00:00', '2029-04-25 00:00:00', 1, 0, 0, 1263, 0),
(66, 136, 10, NULL, '2024-01-17 00:00:00', '2024-01-05 00:00:00', '2024-01-31 00:00:00', 1, 2, 0, 3602, 0),
(67, 123, 10, NULL, '2026-08-29 00:00:00', '2026-08-27 00:00:00', '2026-08-29 00:00:00', 2, 2, 1, 443, 0),
(68, 122, 9, NULL, '2022-07-19 00:00:00', '2022-07-05 00:00:00', '2022-07-30 00:00:00', 3, 1, 0, 845, 0),
(69, 25, 9, NULL, '2026-07-23 00:00:00', '2026-07-23 00:00:00', '2026-07-25 00:00:00', 2, 2, 0, 445, 0),
(70, 109, 9, NULL, '2029-09-29 00:00:00', '2029-09-14 00:00:00', '2029-09-20 00:00:00', 4, 2, 1, 539, 0),
(71, 36, 3, NULL, '2020-06-21 00:00:00', '2020-06-02 00:00:00', '2020-06-30 00:00:00', 2, 0, 0, 3154, 0),
(72, 44, 10, NULL, '2021-07-26 00:00:00', '2021-07-10 00:00:00', '2021-07-13 00:00:00', 4, 1, 1, 522, 0),
(73, 19, 4, NULL, '2023-10-27 00:00:00', '2023-10-20 00:00:00', '2023-10-21 00:00:00', 3, 0, 1, 235, 0),
(74, 5, 2, NULL, '2022-10-30 00:00:00', '2022-10-29 00:00:00', '2022-10-31 00:00:00', 4, 2, 1, 331, 0),
(75, 139, 2, NULL, '2028-12-19 00:00:00', '2028-12-09 00:00:00', '2028-12-23 00:00:00', 2, 0, 1, 907, 0),
(76, 144, 7, NULL, '2024-01-23 00:00:00', '2024-01-20 00:00:00', '2024-01-30 00:00:00', 2, 1, 1, 1703, 0),
(77, 144, 9, NULL, '2029-11-19 00:00:00', '2029-11-19 00:00:00', '2029-11-22 00:00:00', 4, 0, 1, 659, 0),
(78, 109, 8, NULL, '2027-08-29 00:00:00', '2027-08-22 00:00:00', '2027-08-30 00:00:00', 4, 2, 0, 744, 0),
(79, 59, 4, NULL, '2024-07-29 00:00:00', '2024-07-28 00:00:00', '2024-07-30 00:00:00', 2, 2, 0, 155, 0),
(80, 4, 10, NULL, '2029-05-28 00:00:00', '2029-05-14 00:00:00', '2029-05-15 00:00:00', 1, 2, 0, 451, 0),
(81, 85, 6, NULL, '2026-03-29 00:00:00', '2026-03-07 00:00:00', '2026-03-23 00:00:00', 1, 2, 1, 1790, 0),
(82, 129, 10, NULL, '2023-01-28 00:00:00', '2023-01-16 00:00:00', '2023-01-27 00:00:00', 2, 0, 0, 2058, 0),
(83, 52, 4, NULL, '2025-07-15 00:00:00', '2025-07-10 00:00:00', '2025-07-25 00:00:00', 4, 1, 1, 1823, 0),
(84, 69, 4, NULL, '2025-07-31 00:00:00', '2025-07-25 00:00:00', '2025-07-31 00:00:00', 4, 0, 1, 750, 0),
(85, 145, 3, NULL, '2020-07-26 00:00:00', '2020-07-21 00:00:00', '2020-07-30 00:00:00', 4, 1, 0, 1134, 0),
(86, 17, 4, NULL, '2020-02-29 00:00:00', '2020-02-29 00:00:00', '2020-03-02 00:00:00', 3, 0, 0, 685, 0),
(87, 5, 5, NULL, '2028-12-23 00:00:00', '2028-12-05 00:00:00', '2028-12-29 00:00:00', 3, 1, 1, 2494, 0),
(88, 13, 8, NULL, '2023-02-27 00:00:00', '2023-02-02 00:00:00', '2023-02-04 00:00:00', 4, 0, 1, 433, 0),
(89, 92, 10, NULL, '2026-01-29 00:00:00', '2026-01-27 00:00:00', '2026-01-30 00:00:00', 1, 2, 0, 286, 0),
(90, 76, 6, NULL, '2023-05-11 00:00:00', '2023-05-09 00:00:00', '2023-05-22 00:00:00', 1, 1, 0, 2167, 0),
(91, 144, 2, NULL, '2025-12-08 00:00:00', '2025-12-03 00:00:00', '2025-12-09 00:00:00', 4, 1, 1, 1146, 0),
(92, 63, 7, NULL, '2024-12-03 00:00:00', '2024-12-02 00:00:00', '2024-12-04 00:00:00', 4, 1, 1, 481, 0),
(93, 23, 9, NULL, '2022-09-08 00:00:00', '2022-09-07 00:00:00', '2022-09-29 00:00:00', 3, 0, 0, 4263, 0),
(94, 24, 3, NULL, '2024-06-26 00:00:00', '2024-06-23 00:00:00', '2024-06-28 00:00:00', 1, 0, 1, 450, 0),
(95, 48, 4, NULL, '2025-02-06 00:00:00', '2025-02-03 00:00:00', '2025-02-14 00:00:00', 3, 0, 0, 930, 0),
(96, 135, 5, NULL, '2026-07-30 00:00:00', '2026-07-28 00:00:00', '2026-07-29 00:00:00', 2, 1, 1, 303, 0),
(97, 41, 2, NULL, '2024-05-27 00:00:00', '2024-05-26 00:00:00', '2024-05-27 00:00:00', 3, 2, 0, 220, 0),
(98, 135, 3, NULL, '2021-05-29 00:00:00', '2021-05-23 00:00:00', '2021-05-29 00:00:00', 3, 0, 1, 1148, 0),
(99, 125, 9, NULL, '2020-07-31 00:00:00', '2020-07-03 00:00:00', '2020-07-08 00:00:00', 2, 1, 0, 828, 0);

--
-- Déchargement des données de la table `scp_location_scp_service`
--

INSERT INTO `scp_location_scp_service` (`SCP_location_id`, `SCP_service_id`) VALUES
(1, 6),
(1, 7),
(1, 9),
(1, 13),
(1, 19),
(2, 6),
(2, 7),
(2, 13),
(2, 14),
(2, 15),
(2, 16),
(3, 17),
(3, 19),
(4, 3),
(4, 5),
(4, 14),
(4, 16),
(5, 1),
(5, 2),
(5, 11),
(5, 16),
(6, 2),
(6, 16),
(6, 18),
(7, 5),
(7, 7),
(7, 14),
(7, 16),
(7, 20),
(8, 3),
(8, 9),
(9, 12),
(9, 14),
(9, 18),
(10, 9),
(10, 11),
(10, 13),
(10, 16),
(11, 6),
(11, 9),
(11, 15),
(11, 19),
(11, 20),
(12, 1),
(12, 2),
(12, 12),
(12, 16),
(13, 2),
(13, 10),
(13, 11),
(14, 5),
(14, 14),
(14, 15),
(15, 5),
(15, 6),
(16, 7),
(16, 8),
(16, 13),
(16, 14),
(17, 16),
(17, 20),
(18, 7),
(18, 8),
(18, 16),
(19, 9),
(19, 14),
(20, 3),
(20, 9),
(20, 16),
(21, 4),
(21, 17),
(21, 20),
(22, 5),
(23, 2),
(23, 7),
(23, 8),
(23, 13),
(23, 16),
(23, 17),
(24, 2),
(25, 3),
(25, 12),
(26, 1),
(26, 5),
(26, 7),
(26, 13),
(26, 15),
(27, 8),
(27, 10),
(28, 1),
(28, 6),
(28, 15),
(28, 20),
(29, 1),
(29, 2),
(29, 4),
(29, 10),
(29, 11),
(29, 17),
(30, 5),
(30, 7),
(30, 14),
(31, 4),
(31, 9),
(31, 10),
(31, 11),
(32, 1),
(32, 2),
(32, 18),
(33, 9),
(33, 11),
(34, 2),
(34, 4),
(34, 5),
(34, 17),
(35, 1),
(35, 4),
(35, 6),
(35, 15),
(35, 16),
(36, 2),
(36, 3),
(36, 7),
(36, 14),
(37, 3),
(37, 4),
(37, 10),
(37, 13),
(37, 14),
(37, 17),
(38, 6),
(38, 8),
(38, 9),
(38, 12),
(38, 13),
(38, 16),
(39, 8),
(39, 10),
(39, 15),
(40, 15),
(40, 17),
(41, 1),
(41, 4),
(41, 8),
(41, 17),
(42, 1),
(42, 2),
(43, 1),
(43, 2),
(43, 3),
(43, 12),
(43, 15),
(43, 19),
(43, 20),
(44, 5),
(44, 8),
(44, 9),
(45, 20),
(46, 8),
(46, 14),
(46, 17),
(47, 5),
(47, 6),
(47, 7),
(47, 12),
(48, 10),
(48, 15),
(48, 20),
(49, 12),
(49, 14),
(49, 16),
(49, 18),
(50, 3),
(50, 6),
(50, 17),
(51, 3),
(51, 9),
(51, 16),
(52, 5),
(52, 12),
(52, 13),
(52, 19),
(53, 9),
(53, 15),
(54, 1),
(54, 9),
(54, 11),
(54, 13),
(54, 14),
(54, 18),
(54, 20),
(55, 3),
(55, 5),
(55, 8),
(55, 17),
(55, 20),
(56, 3),
(57, 2),
(57, 6),
(57, 19),
(58, 19),
(59, 2),
(59, 8),
(59, 9),
(59, 18),
(59, 19),
(60, 14),
(61, 1),
(61, 5),
(61, 7),
(61, 12),
(61, 15),
(61, 16),
(61, 18),
(62, 11),
(62, 13),
(63, 17),
(63, 20),
(64, 4),
(64, 5),
(64, 7),
(64, 13),
(64, 14),
(65, 6),
(66, 6),
(66, 11),
(66, 20),
(67, 1),
(68, 7),
(68, 11),
(68, 15),
(68, 16),
(69, 1),
(69, 9),
(69, 15),
(70, 10),
(70, 14),
(70, 17),
(70, 20),
(71, 2),
(71, 5),
(71, 11),
(72, 6),
(72, 11),
(72, 12),
(72, 20),
(73, 1),
(73, 15),
(73, 17),
(74, 7),
(74, 15),
(75, 1),
(75, 5),
(75, 9),
(75, 17),
(76, 2),
(76, 16),
(76, 18),
(77, 13),
(77, 18),
(77, 19),
(78, 4),
(78, 6),
(78, 12),
(78, 16),
(78, 19),
(79, 4),
(79, 10),
(80, 6),
(80, 9),
(80, 10),
(80, 11),
(80, 15),
(80, 17),
(81, 14),
(81, 15),
(81, 18),
(82, 1),
(82, 9),
(82, 10),
(82, 12),
(82, 15),
(82, 17),
(83, 4),
(83, 5),
(83, 9),
(83, 11),
(83, 16),
(84, 7),
(84, 9),
(84, 17),
(84, 18),
(85, 1),
(86, 4),
(86, 5),
(86, 7),
(86, 16),
(86, 17),
(87, 1),
(87, 12),
(88, 7),
(88, 9),
(89, 18),
(90, 1),
(90, 5),
(90, 9),
(91, 4),
(91, 7),
(91, 10),
(91, 13),
(92, 9),
(92, 12),
(92, 13),
(92, 15),
(93, 3),
(93, 13),
(93, 15),
(94, 4),
(94, 10),
(94, 12),
(94, 16),
(94, 17),
(94, 20),
(95, 1),
(95, 16),
(96, 2),
(96, 15),
(96, 20),
(97, 10),
(97, 17),
(98, 4),
(98, 11),
(99, 1),
(99, 7),
(99, 10),
(99, 19),
(99, 20);

--
-- Déchargement des données de la table `scp_note`
--

INSERT INTO `scp_note` (`id`, `location_id`, `user_id`, `service_id`, `note`) VALUES
(1, NULL, 7, 34, 1),
(2, NULL, 10, 36, 1),
(3, NULL, 3, 6, 2),
(4, NULL, 1, 21, 1),
(5, NULL, 10, 34, 1),
(6, NULL, 6, 16, 3),
(7, NULL, 10, 56, 3),
(8, NULL, 4, 5, 4),
(9, NULL, 6, 38, 3),
(10, NULL, 6, 56, 4),
(11, NULL, 2, 51, 4),
(12, NULL, 3, 51, 4),
(13, NULL, 4, 39, 3),
(14, NULL, 8, 11, 1),
(15, NULL, 5, 26, 5),
(16, NULL, 3, 17, 4),
(17, NULL, 5, 39, 4),
(18, NULL, 4, 29, 1),
(19, NULL, 10, 48, 4),
(20, NULL, 8, 13, 2),
(21, NULL, 8, 5, 1),
(22, NULL, 1, 34, 2),
(23, NULL, 10, 43, 3),
(24, NULL, 2, 54, 1),
(25, NULL, 7, 2, 3),
(26, NULL, 9, 25, 2),
(27, NULL, 1, 44, 3),
(28, NULL, 6, 49, 2),
(29, NULL, 6, 16, 2),
(30, NULL, 4, 34, 2),
(31, NULL, 9, 29, 4),
(32, NULL, 2, 4, 3),
(33, NULL, 6, 6, 2),
(34, NULL, 6, 3, 1),
(35, NULL, 8, 42, 4),
(36, NULL, 4, 27, 4),
(37, NULL, 5, 15, 1),
(38, NULL, 5, 39, 3),
(39, NULL, 9, 49, 2),
(40, NULL, 5, 47, 5),
(41, NULL, 4, 18, 5),
(42, NULL, 10, 28, 4),
(43, NULL, 7, 36, 3),
(44, NULL, 2, 7, 3),
(45, NULL, 6, 18, 2),
(46, NULL, 8, 27, 3),
(47, NULL, 4, 2, 2),
(48, NULL, 5, 26, 5),
(49, NULL, 4, 17, 3),
(50, NULL, 6, 44, 4),
(51, NULL, 1, 25, 1),
(52, NULL, 7, 43, 1),
(53, NULL, 9, 30, 5),
(54, NULL, 9, 2, 4),
(55, NULL, 9, 51, 4),
(56, NULL, 1, 59, 4),
(57, NULL, 10, 7, 1),
(58, NULL, 8, 16, 4),
(59, NULL, 5, 52, 2),
(60, NULL, 9, 19, 4),
(61, NULL, 8, 40, 4),
(62, NULL, 4, 40, 4),
(63, NULL, 7, 5, 4),
(64, NULL, 5, 2, 4),
(65, NULL, 9, 16, 3),
(66, NULL, 9, 36, 2),
(67, NULL, 1, 31, 2),
(68, NULL, 10, 47, 4),
(69, NULL, 10, 8, 2),
(70, NULL, 10, 40, 2),
(71, NULL, 9, 3, 4),
(72, NULL, 8, 28, 2),
(73, NULL, 2, 15, 4),
(74, NULL, 6, 53, 2),
(75, NULL, 7, 24, 4),
(76, NULL, 9, 44, 2),
(77, NULL, 7, 59, 5),
(78, NULL, 4, 33, 2),
(79, NULL, 1, 13, 4),
(80, NULL, 9, 59, 3),
(81, NULL, 3, 36, 4),
(82, NULL, 4, 32, 2),
(83, NULL, 8, 52, 3),
(84, NULL, 4, 47, 3),
(85, NULL, 5, 7, 4),
(86, NULL, 6, 20, 3),
(87, NULL, 8, 15, 4),
(88, NULL, 8, 38, 5),
(89, NULL, 5, 58, 5),
(90, NULL, 3, 17, 3),
(91, NULL, 3, 43, 3),
(92, NULL, 5, 31, 2),
(93, NULL, 5, 51, 5),
(94, NULL, 2, 5, 3),
(95, NULL, 3, 31, 5),
(96, NULL, 4, 19, 2),
(97, NULL, 9, 48, 2),
(98, NULL, 10, 60, 1),
(99, NULL, 1, 31, 3),
(100, NULL, 8, 33, 4),
(101, NULL, 6, 22, 3),
(102, NULL, 5, 30, 4),
(103, NULL, 1, 50, 2),
(104, NULL, 6, 24, 5),
(105, NULL, 9, 33, 3),
(106, NULL, 10, 2, 5),
(107, NULL, 9, 4, 5),
(108, NULL, 8, 40, 2),
(109, NULL, 5, 59, 1),
(110, NULL, 3, 50, 4),
(111, NULL, 7, 4, 4),
(112, NULL, 7, 17, 2),
(113, NULL, 6, 18, 1),
(114, NULL, 9, 36, 4),
(115, NULL, 8, 37, 4),
(116, NULL, 1, 54, 4),
(117, NULL, 9, 45, 2),
(118, NULL, 9, 18, 2),
(119, NULL, 7, 27, 2),
(120, NULL, 4, 3, 2),
(121, NULL, 8, 34, 4),
(122, NULL, 7, 10, 5),
(123, NULL, 4, 60, 5),
(124, NULL, 4, 15, 1),
(125, NULL, 3, 18, 4),
(126, NULL, 9, 11, 3),
(127, NULL, 8, 52, 5),
(128, NULL, 7, 24, 4),
(129, NULL, 6, 11, 3),
(130, NULL, 1, 31, 2),
(131, NULL, 5, 37, 1),
(132, NULL, 6, 38, 3),
(133, NULL, 10, 37, 2),
(134, NULL, 5, 16, 1),
(135, NULL, 2, 45, 5),
(136, NULL, 5, 42, 2),
(137, NULL, 1, 30, 1),
(138, NULL, 5, 53, 1),
(139, NULL, 4, 50, 4),
(140, NULL, 7, 41, 2),
(141, NULL, 2, 3, 5),
(142, NULL, 10, 13, 3),
(143, NULL, 2, 22, 5),
(144, NULL, 5, 25, 1),
(145, NULL, 2, 29, 3),
(146, NULL, 10, 49, 5),
(147, NULL, 3, 20, 4),
(148, NULL, 6, 39, 4),
(149, NULL, 2, 13, 1),
(150, NULL, 10, 47, 1),
(151, NULL, 9, 41, 1),
(152, NULL, 9, 43, 2),
(153, NULL, 4, 47, 4),
(154, NULL, 6, 19, 5),
(155, NULL, 7, 49, 4),
(156, NULL, 10, 28, 4),
(157, NULL, 7, 41, 5),
(158, NULL, 4, 8, 2),
(159, NULL, 8, 24, 4),
(160, NULL, 1, 14, 3),
(161, NULL, 5, 54, 1),
(162, NULL, 4, 21, 1),
(163, NULL, 5, 36, 2),
(164, NULL, 4, 1, 4),
(165, NULL, 5, 18, 5),
(166, NULL, 8, 16, 5),
(167, NULL, 2, 53, 4),
(168, NULL, 3, 23, 2),
(169, NULL, 5, 16, 1),
(170, NULL, 5, 31, 3),
(171, NULL, 9, 55, 4),
(172, NULL, 5, 15, 4),
(173, NULL, 9, 59, 5),
(174, NULL, 8, 43, 5),
(175, NULL, 10, 6, 1),
(176, NULL, 8, 37, 5),
(177, NULL, 10, 2, 1),
(178, NULL, 9, 41, 1),
(179, NULL, 1, 27, 1),
(180, NULL, 9, 39, 4),
(181, 1, 5, NULL, 2),
(182, 1, 5, NULL, 4),
(183, 1, 5, NULL, 1),
(184, 1, 5, NULL, 4),
(185, 1, 5, NULL, 2),
(186, 1, 5, NULL, 5),
(187, 1, 5, NULL, 1),
(188, 1, 5, NULL, 4),
(189, 1, 5, NULL, 5),
(190, 1, 5, NULL, 2),
(191, 1, 5, NULL, 4),
(192, 1, 5, NULL, 2),
(193, 1, 5, NULL, 3),
(194, 1, 5, NULL, 1),
(195, 1, 5, NULL, 1),
(196, 1, 5, NULL, 3),
(197, 1, 5, NULL, 3),
(198, 1, 5, NULL, 2),
(199, 1, 5, NULL, 5),
(200, 1, 5, NULL, 2),
(201, 1, 5, NULL, 1),
(202, 1, 5, NULL, 3),
(203, 1, 5, NULL, 1),
(204, 1, 5, NULL, 4),
(205, 1, 5, NULL, 4),
(206, 1, 5, NULL, 4),
(207, 1, 5, NULL, 3),
(208, 1, 5, NULL, 1),
(209, 1, 5, NULL, 5),
(210, 1, 5, NULL, 1),
(211, 1, 5, NULL, 5),
(212, 1, 5, NULL, 3),
(213, 1, 5, NULL, 5),
(214, 1, 5, NULL, 1),
(215, 1, 5, NULL, 3),
(216, 1, 5, NULL, 3),
(217, 1, 5, NULL, 1),
(218, 1, 5, NULL, 1),
(219, 1, 5, NULL, 1),
(220, 1, 5, NULL, 5),
(221, 2, 4, NULL, 1),
(222, 2, 4, NULL, 2),
(223, 2, 4, NULL, 5),
(224, 2, 4, NULL, 3),
(225, 2, 4, NULL, 1),
(226, 2, 4, NULL, 2),
(227, 2, 4, NULL, 3),
(228, 2, 4, NULL, 2),
(229, 2, 4, NULL, 3),
(230, 2, 4, NULL, 2),
(231, 2, 4, NULL, 4),
(232, 2, 4, NULL, 3),
(233, 2, 4, NULL, 5),
(234, 2, 4, NULL, 2),
(235, 2, 4, NULL, 5),
(236, 2, 4, NULL, 3),
(237, 2, 4, NULL, 2),
(238, 2, 4, NULL, 3),
(239, 2, 4, NULL, 2),
(240, 2, 4, NULL, 4),
(241, 2, 4, NULL, 2),
(242, 2, 4, NULL, 4),
(243, 2, 4, NULL, 1),
(244, 2, 4, NULL, 2),
(245, 2, 4, NULL, 5),
(246, 2, 4, NULL, 5),
(247, 2, 4, NULL, 1),
(248, 2, 4, NULL, 5),
(249, 2, 4, NULL, 3),
(250, 2, 4, NULL, 1),
(251, 2, 4, NULL, 3),
(252, 2, 4, NULL, 3),
(253, 2, 4, NULL, 5),
(254, 2, 4, NULL, 5),
(255, 2, 4, NULL, 5),
(256, 2, 4, NULL, 1),
(257, 2, 4, NULL, 2),
(258, 2, 4, NULL, 5),
(259, 2, 4, NULL, 3),
(260, 2, 4, NULL, 1),
(261, 3, 1, NULL, 5),
(262, 3, 1, NULL, 5),
(263, 3, 1, NULL, 2),
(264, 3, 1, NULL, 3),
(265, 3, 1, NULL, 1),
(266, 3, 1, NULL, 3),
(267, 3, 1, NULL, 5),
(268, 3, 1, NULL, 5),
(269, 3, 1, NULL, 5),
(270, 3, 1, NULL, 3),
(271, 3, 1, NULL, 5),
(272, 3, 1, NULL, 1),
(273, 3, 1, NULL, 4),
(274, 3, 1, NULL, 2),
(275, 3, 1, NULL, 2),
(276, 3, 1, NULL, 4),
(277, 3, 1, NULL, 2),
(278, 3, 1, NULL, 5),
(279, 3, 1, NULL, 4),
(280, 3, 1, NULL, 2),
(281, 3, 1, NULL, 2),
(282, 3, 1, NULL, 3),
(283, 3, 1, NULL, 5),
(284, 3, 1, NULL, 4),
(285, 3, 1, NULL, 2),
(286, 3, 1, NULL, 4),
(287, 3, 1, NULL, 5),
(288, 3, 1, NULL, 5),
(289, 3, 1, NULL, 2),
(290, 3, 1, NULL, 3),
(291, 3, 1, NULL, 1),
(292, 3, 1, NULL, 1),
(293, 3, 1, NULL, 1),
(294, 3, 1, NULL, 1),
(295, 3, 1, NULL, 4),
(296, 3, 1, NULL, 1),
(297, 3, 1, NULL, 2),
(298, 3, 1, NULL, 4),
(299, 3, 1, NULL, 5),
(300, 3, 1, NULL, 5),
(301, 4, 7, NULL, 1),
(302, 4, 7, NULL, 1),
(303, 4, 7, NULL, 5),
(304, 4, 7, NULL, 1),
(305, 4, 7, NULL, 5),
(306, 4, 7, NULL, 5),
(307, 4, 7, NULL, 4),
(308, 4, 7, NULL, 1),
(309, 4, 7, NULL, 2),
(310, 4, 7, NULL, 4),
(311, 4, 7, NULL, 2),
(312, 4, 7, NULL, 4),
(313, 4, 7, NULL, 4),
(314, 4, 7, NULL, 1),
(315, 4, 7, NULL, 3),
(316, 4, 7, NULL, 3),
(317, 4, 7, NULL, 4),
(318, 4, 7, NULL, 5),
(319, 4, 7, NULL, 2),
(320, 4, 7, NULL, 5),
(321, 4, 7, NULL, 2),
(322, 4, 7, NULL, 5),
(323, 4, 7, NULL, 3),
(324, 4, 7, NULL, 2),
(325, 4, 7, NULL, 5),
(326, 4, 7, NULL, 2),
(327, 4, 7, NULL, 5),
(328, 4, 7, NULL, 5),
(329, 4, 7, NULL, 3),
(330, 4, 7, NULL, 5),
(331, 4, 7, NULL, 4),
(332, 4, 7, NULL, 4),
(333, 4, 7, NULL, 3),
(334, 4, 7, NULL, 2),
(335, 4, 7, NULL, 4),
(336, 4, 7, NULL, 2),
(337, 4, 7, NULL, 4),
(338, 4, 7, NULL, 2),
(339, 4, 7, NULL, 5),
(340, 4, 7, NULL, 1),
(341, 5, 4, NULL, 3),
(342, 5, 4, NULL, 1),
(343, 5, 4, NULL, 3),
(344, 5, 4, NULL, 3),
(345, 5, 4, NULL, 2),
(346, 5, 4, NULL, 4),
(347, 5, 4, NULL, 5),
(348, 5, 4, NULL, 1),
(349, 5, 4, NULL, 4),
(350, 5, 4, NULL, 1),
(351, 5, 4, NULL, 1),
(352, 5, 4, NULL, 2),
(353, 5, 4, NULL, 5),
(354, 5, 4, NULL, 5),
(355, 5, 4, NULL, 4),
(356, 5, 4, NULL, 2),
(357, 5, 4, NULL, 1),
(358, 5, 4, NULL, 5),
(359, 5, 4, NULL, 2),
(360, 5, 4, NULL, 3),
(361, 5, 4, NULL, 1),
(362, 5, 4, NULL, 4),
(363, 5, 4, NULL, 2),
(364, 5, 4, NULL, 2),
(365, 5, 4, NULL, 4),
(366, 5, 4, NULL, 2),
(367, 5, 4, NULL, 5),
(368, 5, 4, NULL, 1),
(369, 5, 4, NULL, 4),
(370, 5, 4, NULL, 3),
(371, 5, 4, NULL, 5),
(372, 5, 4, NULL, 5),
(373, 5, 4, NULL, 1),
(374, 5, 4, NULL, 4),
(375, 5, 4, NULL, 2),
(376, 5, 4, NULL, 2),
(377, 5, 4, NULL, 1),
(378, 5, 4, NULL, 1),
(379, 5, 4, NULL, 2),
(380, 5, 4, NULL, 4),
(381, 6, 10, NULL, 4),
(382, 6, 10, NULL, 3),
(383, 6, 10, NULL, 1),
(384, 6, 10, NULL, 5),
(385, 6, 10, NULL, 2),
(386, 6, 10, NULL, 1),
(387, 6, 10, NULL, 2),
(388, 6, 10, NULL, 4),
(389, 6, 10, NULL, 3),
(390, 6, 10, NULL, 3),
(391, 6, 10, NULL, 1),
(392, 6, 10, NULL, 2),
(393, 6, 10, NULL, 5),
(394, 6, 10, NULL, 5),
(395, 6, 10, NULL, 1),
(396, 6, 10, NULL, 5),
(397, 6, 10, NULL, 5),
(398, 6, 10, NULL, 3),
(399, 6, 10, NULL, 2),
(400, 6, 10, NULL, 3),
(401, 6, 10, NULL, 3),
(402, 6, 10, NULL, 4),
(403, 6, 10, NULL, 5),
(404, 6, 10, NULL, 4),
(405, 6, 10, NULL, 4),
(406, 6, 10, NULL, 4),
(407, 6, 10, NULL, 3),
(408, 6, 10, NULL, 4),
(409, 6, 10, NULL, 4),
(410, 6, 10, NULL, 3),
(411, 6, 10, NULL, 3),
(412, 6, 10, NULL, 2),
(413, 6, 10, NULL, 3),
(414, 6, 10, NULL, 3),
(415, 6, 10, NULL, 4),
(416, 6, 10, NULL, 5),
(417, 6, 10, NULL, 5),
(418, 6, 10, NULL, 2),
(419, 6, 10, NULL, 3),
(420, 6, 10, NULL, 5),
(421, 7, 6, NULL, 2),
(422, 7, 6, NULL, 2),
(423, 7, 6, NULL, 3),
(424, 7, 6, NULL, 5),
(425, 7, 6, NULL, 5),
(426, 7, 6, NULL, 3),
(427, 7, 6, NULL, 2),
(428, 7, 6, NULL, 4),
(429, 7, 6, NULL, 1),
(430, 7, 6, NULL, 4),
(431, 7, 6, NULL, 1),
(432, 7, 6, NULL, 2),
(433, 7, 6, NULL, 1),
(434, 7, 6, NULL, 3),
(435, 7, 6, NULL, 5),
(436, 7, 6, NULL, 3),
(437, 7, 6, NULL, 5),
(438, 7, 6, NULL, 4),
(439, 7, 6, NULL, 5),
(440, 7, 6, NULL, 4),
(441, 7, 6, NULL, 2),
(442, 7, 6, NULL, 3),
(443, 7, 6, NULL, 2),
(444, 7, 6, NULL, 2),
(445, 7, 6, NULL, 2),
(446, 7, 6, NULL, 5),
(447, 7, 6, NULL, 2),
(448, 7, 6, NULL, 2),
(449, 7, 6, NULL, 2),
(450, 7, 6, NULL, 4),
(451, 7, 6, NULL, 1),
(452, 7, 6, NULL, 2),
(453, 7, 6, NULL, 3),
(454, 7, 6, NULL, 4),
(455, 7, 6, NULL, 3),
(456, 7, 6, NULL, 5),
(457, 7, 6, NULL, 5),
(458, 7, 6, NULL, 3),
(459, 7, 6, NULL, 5),
(460, 7, 6, NULL, 5),
(461, 8, 9, NULL, 3),
(462, 8, 9, NULL, 4),
(463, 8, 9, NULL, 5),
(464, 8, 9, NULL, 2),
(465, 8, 9, NULL, 3),
(466, 8, 9, NULL, 1),
(467, 8, 9, NULL, 4),
(468, 8, 9, NULL, 3),
(469, 8, 9, NULL, 4),
(470, 8, 9, NULL, 5),
(471, 8, 9, NULL, 2),
(472, 8, 9, NULL, 5),
(473, 8, 9, NULL, 5),
(474, 8, 9, NULL, 4),
(475, 8, 9, NULL, 1),
(476, 8, 9, NULL, 3),
(477, 8, 9, NULL, 5),
(478, 8, 9, NULL, 5),
(479, 8, 9, NULL, 1),
(480, 8, 9, NULL, 5),
(481, 8, 9, NULL, 4),
(482, 8, 9, NULL, 4),
(483, 8, 9, NULL, 3),
(484, 8, 9, NULL, 4),
(485, 8, 9, NULL, 1),
(486, 8, 9, NULL, 2),
(487, 8, 9, NULL, 5),
(488, 8, 9, NULL, 3),
(489, 8, 9, NULL, 4),
(490, 8, 9, NULL, 1),
(491, 8, 9, NULL, 4),
(492, 8, 9, NULL, 1),
(493, 8, 9, NULL, 2),
(494, 8, 9, NULL, 3),
(495, 8, 9, NULL, 3),
(496, 8, 9, NULL, 3),
(497, 8, 9, NULL, 1),
(498, 8, 9, NULL, 2),
(499, 8, 9, NULL, 1),
(500, 8, 9, NULL, 1),
(501, 9, 10, NULL, 4),
(502, 9, 10, NULL, 1),
(503, 9, 10, NULL, 3),
(504, 9, 10, NULL, 4),
(505, 9, 10, NULL, 1),
(506, 9, 10, NULL, 5),
(507, 9, 10, NULL, 2),
(508, 9, 10, NULL, 1),
(509, 9, 10, NULL, 4),
(510, 9, 10, NULL, 3),
(511, 9, 10, NULL, 2),
(512, 9, 10, NULL, 1),
(513, 9, 10, NULL, 4),
(514, 9, 10, NULL, 1),
(515, 9, 10, NULL, 3),
(516, 9, 10, NULL, 1),
(517, 9, 10, NULL, 2),
(518, 9, 10, NULL, 3),
(519, 9, 10, NULL, 5),
(520, 9, 10, NULL, 4),
(521, 9, 10, NULL, 3),
(522, 9, 10, NULL, 2),
(523, 9, 10, NULL, 5),
(524, 9, 10, NULL, 2),
(525, 9, 10, NULL, 1),
(526, 9, 10, NULL, 3),
(527, 9, 10, NULL, 4),
(528, 9, 10, NULL, 2),
(529, 9, 10, NULL, 1),
(530, 9, 10, NULL, 2),
(531, 9, 10, NULL, 2),
(532, 9, 10, NULL, 5),
(533, 9, 10, NULL, 1),
(534, 9, 10, NULL, 3),
(535, 9, 10, NULL, 3),
(536, 9, 10, NULL, 1),
(537, 9, 10, NULL, 2),
(538, 9, 10, NULL, 5),
(539, 9, 10, NULL, 1),
(540, 9, 10, NULL, 5),
(541, 10, 7, NULL, 3),
(542, 10, 7, NULL, 3),
(543, 10, 7, NULL, 3),
(544, 10, 7, NULL, 2),
(545, 10, 7, NULL, 5),
(546, 10, 7, NULL, 5),
(547, 10, 7, NULL, 4),
(548, 10, 7, NULL, 5),
(549, 10, 7, NULL, 2),
(550, 10, 7, NULL, 2),
(551, 10, 7, NULL, 3),
(552, 10, 7, NULL, 2),
(553, 10, 7, NULL, 3),
(554, 10, 7, NULL, 4),
(555, 10, 7, NULL, 3),
(556, 10, 7, NULL, 4),
(557, 10, 7, NULL, 3),
(558, 10, 7, NULL, 3),
(559, 10, 7, NULL, 1),
(560, 10, 7, NULL, 5),
(561, 10, 7, NULL, 3),
(562, 10, 7, NULL, 3),
(563, 10, 7, NULL, 3),
(564, 10, 7, NULL, 3),
(565, 10, 7, NULL, 1),
(566, 10, 7, NULL, 1),
(567, 10, 7, NULL, 4),
(568, 10, 7, NULL, 2),
(569, 10, 7, NULL, 1),
(570, 10, 7, NULL, 2),
(571, 10, 7, NULL, 2),
(572, 10, 7, NULL, 1),
(573, 10, 7, NULL, 2),
(574, 10, 7, NULL, 4),
(575, 10, 7, NULL, 4),
(576, 10, 7, NULL, 5),
(577, 10, 7, NULL, 2),
(578, 10, 7, NULL, 4),
(579, 10, 7, NULL, 4),
(580, 10, 7, NULL, 5),
(581, 11, 7, NULL, 1),
(582, 11, 7, NULL, 4),
(583, 11, 7, NULL, 3),
(584, 11, 7, NULL, 2),
(585, 11, 7, NULL, 1),
(586, 11, 7, NULL, 1),
(587, 11, 7, NULL, 1),
(588, 11, 7, NULL, 5),
(589, 11, 7, NULL, 4),
(590, 11, 7, NULL, 1),
(591, 11, 7, NULL, 1),
(592, 11, 7, NULL, 2),
(593, 11, 7, NULL, 4),
(594, 11, 7, NULL, 4),
(595, 11, 7, NULL, 1),
(596, 11, 7, NULL, 4),
(597, 11, 7, NULL, 5),
(598, 11, 7, NULL, 4),
(599, 11, 7, NULL, 5),
(600, 11, 7, NULL, 5),
(601, 11, 7, NULL, 3),
(602, 11, 7, NULL, 1),
(603, 11, 7, NULL, 2),
(604, 11, 7, NULL, 2),
(605, 11, 7, NULL, 2),
(606, 11, 7, NULL, 5),
(607, 11, 7, NULL, 5),
(608, 11, 7, NULL, 5),
(609, 11, 7, NULL, 2),
(610, 11, 7, NULL, 5),
(611, 11, 7, NULL, 5),
(612, 11, 7, NULL, 5),
(613, 11, 7, NULL, 4),
(614, 11, 7, NULL, 1),
(615, 11, 7, NULL, 5),
(616, 11, 7, NULL, 2),
(617, 11, 7, NULL, 1),
(618, 11, 7, NULL, 3),
(619, 11, 7, NULL, 4),
(620, 11, 7, NULL, 4),
(621, 12, 4, NULL, 1),
(622, 12, 4, NULL, 1),
(623, 12, 4, NULL, 4),
(624, 12, 4, NULL, 1),
(625, 12, 4, NULL, 4),
(626, 12, 4, NULL, 3),
(627, 12, 4, NULL, 3),
(628, 12, 4, NULL, 2),
(629, 12, 4, NULL, 5),
(630, 12, 4, NULL, 5),
(631, 12, 4, NULL, 2),
(632, 12, 4, NULL, 4),
(633, 12, 4, NULL, 1),
(634, 12, 4, NULL, 2),
(635, 12, 4, NULL, 4),
(636, 12, 4, NULL, 5),
(637, 12, 4, NULL, 3),
(638, 12, 4, NULL, 5),
(639, 12, 4, NULL, 5),
(640, 12, 4, NULL, 4),
(641, 12, 4, NULL, 3),
(642, 12, 4, NULL, 1),
(643, 12, 4, NULL, 4),
(644, 12, 4, NULL, 1),
(645, 12, 4, NULL, 2),
(646, 12, 4, NULL, 5),
(647, 12, 4, NULL, 5),
(648, 12, 4, NULL, 5),
(649, 12, 4, NULL, 5),
(650, 12, 4, NULL, 2),
(651, 12, 4, NULL, 2),
(652, 12, 4, NULL, 4),
(653, 12, 4, NULL, 1),
(654, 12, 4, NULL, 1),
(655, 12, 4, NULL, 3),
(656, 12, 4, NULL, 1),
(657, 12, 4, NULL, 5),
(658, 12, 4, NULL, 2),
(659, 12, 4, NULL, 3),
(660, 12, 4, NULL, 1),
(661, 13, 5, NULL, 1),
(662, 13, 5, NULL, 1),
(663, 13, 5, NULL, 4),
(664, 13, 5, NULL, 4),
(665, 13, 5, NULL, 4),
(666, 13, 5, NULL, 1),
(667, 13, 5, NULL, 4),
(668, 13, 5, NULL, 2),
(669, 13, 5, NULL, 3),
(670, 13, 5, NULL, 1),
(671, 13, 5, NULL, 2),
(672, 13, 5, NULL, 3),
(673, 13, 5, NULL, 3),
(674, 13, 5, NULL, 5),
(675, 13, 5, NULL, 3),
(676, 13, 5, NULL, 2),
(677, 13, 5, NULL, 1),
(678, 13, 5, NULL, 1),
(679, 13, 5, NULL, 2),
(680, 13, 5, NULL, 3),
(681, 13, 5, NULL, 2),
(682, 13, 5, NULL, 4),
(683, 13, 5, NULL, 5),
(684, 13, 5, NULL, 3),
(685, 13, 5, NULL, 4),
(686, 13, 5, NULL, 3),
(687, 13, 5, NULL, 5),
(688, 13, 5, NULL, 3),
(689, 13, 5, NULL, 4),
(690, 13, 5, NULL, 5),
(691, 13, 5, NULL, 4),
(692, 13, 5, NULL, 4),
(693, 13, 5, NULL, 3),
(694, 13, 5, NULL, 4),
(695, 13, 5, NULL, 4),
(696, 13, 5, NULL, 5),
(697, 13, 5, NULL, 2),
(698, 13, 5, NULL, 5),
(699, 13, 5, NULL, 2),
(700, 13, 5, NULL, 1),
(701, 14, 4, NULL, 4),
(702, 14, 4, NULL, 1),
(703, 14, 4, NULL, 1),
(704, 14, 4, NULL, 2),
(705, 14, 4, NULL, 5),
(706, 14, 4, NULL, 1),
(707, 14, 4, NULL, 5),
(708, 14, 4, NULL, 5),
(709, 14, 4, NULL, 4),
(710, 14, 4, NULL, 3),
(711, 14, 4, NULL, 4),
(712, 14, 4, NULL, 2),
(713, 14, 4, NULL, 2),
(714, 14, 4, NULL, 3),
(715, 14, 4, NULL, 1),
(716, 14, 4, NULL, 1),
(717, 14, 4, NULL, 1),
(718, 14, 4, NULL, 2),
(719, 14, 4, NULL, 2),
(720, 14, 4, NULL, 1),
(721, 14, 4, NULL, 4),
(722, 14, 4, NULL, 2),
(723, 14, 4, NULL, 1),
(724, 14, 4, NULL, 5),
(725, 14, 4, NULL, 5),
(726, 14, 4, NULL, 5),
(727, 14, 4, NULL, 1),
(728, 14, 4, NULL, 1),
(729, 14, 4, NULL, 5),
(730, 14, 4, NULL, 5),
(731, 14, 4, NULL, 1),
(732, 14, 4, NULL, 2),
(733, 14, 4, NULL, 4),
(734, 14, 4, NULL, 3),
(735, 14, 4, NULL, 5),
(736, 14, 4, NULL, 4),
(737, 14, 4, NULL, 4),
(738, 14, 4, NULL, 3),
(739, 14, 4, NULL, 5),
(740, 14, 4, NULL, 1),
(741, 15, 10, NULL, 2),
(742, 15, 10, NULL, 3),
(743, 15, 10, NULL, 4),
(744, 15, 10, NULL, 4),
(745, 15, 10, NULL, 1),
(746, 15, 10, NULL, 2),
(747, 15, 10, NULL, 5),
(748, 15, 10, NULL, 3),
(749, 15, 10, NULL, 3),
(750, 15, 10, NULL, 3),
(751, 15, 10, NULL, 2),
(752, 15, 10, NULL, 2),
(753, 15, 10, NULL, 4),
(754, 15, 10, NULL, 2),
(755, 15, 10, NULL, 1),
(756, 15, 10, NULL, 3),
(757, 15, 10, NULL, 2),
(758, 15, 10, NULL, 3),
(759, 15, 10, NULL, 3),
(760, 15, 10, NULL, 1),
(761, 15, 10, NULL, 1),
(762, 15, 10, NULL, 3),
(763, 15, 10, NULL, 2),
(764, 15, 10, NULL, 4),
(765, 15, 10, NULL, 2),
(766, 15, 10, NULL, 2),
(767, 15, 10, NULL, 3),
(768, 15, 10, NULL, 5),
(769, 15, 10, NULL, 3),
(770, 15, 10, NULL, 3),
(771, 15, 10, NULL, 1),
(772, 15, 10, NULL, 4),
(773, 15, 10, NULL, 4),
(774, 15, 10, NULL, 5),
(775, 15, 10, NULL, 4),
(776, 15, 10, NULL, 1),
(777, 15, 10, NULL, 5),
(778, 15, 10, NULL, 3),
(779, 15, 10, NULL, 4),
(780, 15, 10, NULL, 3),
(781, 16, 3, NULL, 2),
(782, 16, 3, NULL, 4),
(783, 16, 3, NULL, 3),
(784, 16, 3, NULL, 4),
(785, 16, 3, NULL, 5),
(786, 16, 3, NULL, 1),
(787, 16, 3, NULL, 1),
(788, 16, 3, NULL, 2),
(789, 16, 3, NULL, 2),
(790, 16, 3, NULL, 3),
(791, 16, 3, NULL, 3),
(792, 16, 3, NULL, 4),
(793, 16, 3, NULL, 1),
(794, 16, 3, NULL, 3),
(795, 16, 3, NULL, 3),
(796, 16, 3, NULL, 1),
(797, 16, 3, NULL, 3),
(798, 16, 3, NULL, 5),
(799, 16, 3, NULL, 5),
(800, 16, 3, NULL, 5),
(801, 16, 3, NULL, 1),
(802, 16, 3, NULL, 4),
(803, 16, 3, NULL, 5),
(804, 16, 3, NULL, 2),
(805, 16, 3, NULL, 1),
(806, 16, 3, NULL, 2),
(807, 16, 3, NULL, 2),
(808, 16, 3, NULL, 3),
(809, 16, 3, NULL, 5),
(810, 16, 3, NULL, 1),
(811, 16, 3, NULL, 4),
(812, 16, 3, NULL, 5),
(813, 16, 3, NULL, 3),
(814, 16, 3, NULL, 3),
(815, 16, 3, NULL, 2),
(816, 16, 3, NULL, 4),
(817, 16, 3, NULL, 3),
(818, 16, 3, NULL, 5),
(819, 16, 3, NULL, 1),
(820, 16, 3, NULL, 4),
(821, 17, 3, NULL, 1),
(822, 17, 3, NULL, 3),
(823, 17, 3, NULL, 4),
(824, 17, 3, NULL, 5),
(825, 17, 3, NULL, 1),
(826, 17, 3, NULL, 4),
(827, 17, 3, NULL, 5),
(828, 17, 3, NULL, 3),
(829, 17, 3, NULL, 5),
(830, 17, 3, NULL, 5),
(831, 17, 3, NULL, 1),
(832, 17, 3, NULL, 5),
(833, 17, 3, NULL, 2),
(834, 17, 3, NULL, 3),
(835, 17, 3, NULL, 2),
(836, 17, 3, NULL, 1),
(837, 17, 3, NULL, 5),
(838, 17, 3, NULL, 4),
(839, 17, 3, NULL, 2),
(840, 17, 3, NULL, 4),
(841, 17, 3, NULL, 4),
(842, 17, 3, NULL, 4),
(843, 17, 3, NULL, 4),
(844, 17, 3, NULL, 2),
(845, 17, 3, NULL, 5),
(846, 17, 3, NULL, 3),
(847, 17, 3, NULL, 1),
(848, 17, 3, NULL, 3),
(849, 17, 3, NULL, 2),
(850, 17, 3, NULL, 5),
(851, 17, 3, NULL, 3),
(852, 17, 3, NULL, 3),
(853, 17, 3, NULL, 2),
(854, 17, 3, NULL, 3),
(855, 17, 3, NULL, 4),
(856, 17, 3, NULL, 5),
(857, 17, 3, NULL, 5),
(858, 17, 3, NULL, 1),
(859, 17, 3, NULL, 4),
(860, 17, 3, NULL, 3),
(861, 18, 6, NULL, 4),
(862, 18, 6, NULL, 5),
(863, 18, 6, NULL, 5),
(864, 18, 6, NULL, 2),
(865, 18, 6, NULL, 5),
(866, 18, 6, NULL, 1),
(867, 18, 6, NULL, 1),
(868, 18, 6, NULL, 5),
(869, 18, 6, NULL, 1),
(870, 18, 6, NULL, 3),
(871, 18, 6, NULL, 1),
(872, 18, 6, NULL, 4),
(873, 18, 6, NULL, 2),
(874, 18, 6, NULL, 1),
(875, 18, 6, NULL, 5),
(876, 18, 6, NULL, 4),
(877, 18, 6, NULL, 2),
(878, 18, 6, NULL, 3),
(879, 18, 6, NULL, 5),
(880, 18, 6, NULL, 5),
(881, 18, 6, NULL, 4),
(882, 18, 6, NULL, 5),
(883, 18, 6, NULL, 1),
(884, 18, 6, NULL, 1),
(885, 18, 6, NULL, 3),
(886, 18, 6, NULL, 5),
(887, 18, 6, NULL, 5),
(888, 18, 6, NULL, 2),
(889, 18, 6, NULL, 5),
(890, 18, 6, NULL, 3),
(891, 18, 6, NULL, 2),
(892, 18, 6, NULL, 4),
(893, 18, 6, NULL, 5),
(894, 18, 6, NULL, 3),
(895, 18, 6, NULL, 5),
(896, 18, 6, NULL, 2),
(897, 18, 6, NULL, 4),
(898, 18, 6, NULL, 5),
(899, 18, 6, NULL, 4),
(900, 18, 6, NULL, 3),
(901, 19, 2, NULL, 1),
(902, 19, 2, NULL, 5),
(903, 19, 2, NULL, 1),
(904, 19, 2, NULL, 3),
(905, 19, 2, NULL, 3),
(906, 19, 2, NULL, 4),
(907, 19, 2, NULL, 5),
(908, 19, 2, NULL, 2),
(909, 19, 2, NULL, 4),
(910, 19, 2, NULL, 1),
(911, 19, 2, NULL, 4),
(912, 19, 2, NULL, 1),
(913, 19, 2, NULL, 4),
(914, 19, 2, NULL, 4),
(915, 19, 2, NULL, 2),
(916, 19, 2, NULL, 5),
(917, 19, 2, NULL, 4),
(918, 19, 2, NULL, 4),
(919, 19, 2, NULL, 1),
(920, 19, 2, NULL, 2),
(921, 19, 2, NULL, 1),
(922, 19, 2, NULL, 4),
(923, 19, 2, NULL, 1),
(924, 19, 2, NULL, 1),
(925, 19, 2, NULL, 5),
(926, 19, 2, NULL, 1),
(927, 19, 2, NULL, 5),
(928, 19, 2, NULL, 5),
(929, 19, 2, NULL, 5),
(930, 19, 2, NULL, 1),
(931, 19, 2, NULL, 2),
(932, 19, 2, NULL, 3),
(933, 19, 2, NULL, 4),
(934, 19, 2, NULL, 3),
(935, 19, 2, NULL, 4),
(936, 19, 2, NULL, 2),
(937, 19, 2, NULL, 4),
(938, 19, 2, NULL, 1),
(939, 19, 2, NULL, 5),
(940, 19, 2, NULL, 5),
(941, 20, 6, NULL, 3),
(942, 20, 6, NULL, 3),
(943, 20, 6, NULL, 4),
(944, 20, 6, NULL, 4),
(945, 20, 6, NULL, 1),
(946, 20, 6, NULL, 1),
(947, 20, 6, NULL, 2),
(948, 20, 6, NULL, 4),
(949, 20, 6, NULL, 4),
(950, 20, 6, NULL, 1),
(951, 20, 6, NULL, 3),
(952, 20, 6, NULL, 1),
(953, 20, 6, NULL, 5),
(954, 20, 6, NULL, 4),
(955, 20, 6, NULL, 4),
(956, 20, 6, NULL, 3),
(957, 20, 6, NULL, 3),
(958, 20, 6, NULL, 2),
(959, 20, 6, NULL, 1),
(960, 20, 6, NULL, 4),
(961, 20, 6, NULL, 2),
(962, 20, 6, NULL, 2),
(963, 20, 6, NULL, 4),
(964, 20, 6, NULL, 5),
(965, 20, 6, NULL, 1),
(966, 20, 6, NULL, 3),
(967, 20, 6, NULL, 1),
(968, 20, 6, NULL, 4),
(969, 20, 6, NULL, 1),
(970, 20, 6, NULL, 1),
(971, 20, 6, NULL, 1),
(972, 20, 6, NULL, 3),
(973, 20, 6, NULL, 1),
(974, 20, 6, NULL, 5),
(975, 20, 6, NULL, 5),
(976, 20, 6, NULL, 5),
(977, 20, 6, NULL, 2),
(978, 20, 6, NULL, 3),
(979, 20, 6, NULL, 2),
(980, 20, 6, NULL, 1),
(981, 21, 8, NULL, 3),
(982, 21, 8, NULL, 3),
(983, 21, 8, NULL, 1),
(984, 21, 8, NULL, 4),
(985, 21, 8, NULL, 1),
(986, 21, 8, NULL, 2),
(987, 21, 8, NULL, 5),
(988, 21, 8, NULL, 1),
(989, 21, 8, NULL, 3),
(990, 21, 8, NULL, 3),
(991, 21, 8, NULL, 2),
(992, 21, 8, NULL, 1),
(993, 21, 8, NULL, 4),
(994, 21, 8, NULL, 4),
(995, 21, 8, NULL, 1),
(996, 21, 8, NULL, 1),
(997, 21, 8, NULL, 5),
(998, 21, 8, NULL, 1),
(999, 21, 8, NULL, 2),
(1000, 21, 8, NULL, 4),
(1001, 21, 8, NULL, 5),
(1002, 21, 8, NULL, 3),
(1003, 21, 8, NULL, 3),
(1004, 21, 8, NULL, 2),
(1005, 21, 8, NULL, 4),
(1006, 21, 8, NULL, 4),
(1007, 21, 8, NULL, 2),
(1008, 21, 8, NULL, 4),
(1009, 21, 8, NULL, 4),
(1010, 21, 8, NULL, 2),
(1011, 21, 8, NULL, 2),
(1012, 21, 8, NULL, 3),
(1013, 21, 8, NULL, 4),
(1014, 21, 8, NULL, 5),
(1015, 21, 8, NULL, 5),
(1016, 21, 8, NULL, 3),
(1017, 21, 8, NULL, 5),
(1018, 21, 8, NULL, 4),
(1019, 21, 8, NULL, 1),
(1020, 21, 8, NULL, 4),
(1021, 22, 2, NULL, 2),
(1022, 22, 2, NULL, 2),
(1023, 22, 2, NULL, 1),
(1024, 22, 2, NULL, 4),
(1025, 22, 2, NULL, 4),
(1026, 22, 2, NULL, 3),
(1027, 22, 2, NULL, 4),
(1028, 22, 2, NULL, 1),
(1029, 22, 2, NULL, 5),
(1030, 22, 2, NULL, 2),
(1031, 22, 2, NULL, 4),
(1032, 22, 2, NULL, 5),
(1033, 22, 2, NULL, 3),
(1034, 22, 2, NULL, 4),
(1035, 22, 2, NULL, 1),
(1036, 22, 2, NULL, 2),
(1037, 22, 2, NULL, 1),
(1038, 22, 2, NULL, 1),
(1039, 22, 2, NULL, 2),
(1040, 22, 2, NULL, 5),
(1041, 22, 2, NULL, 4),
(1042, 22, 2, NULL, 2),
(1043, 22, 2, NULL, 4),
(1044, 22, 2, NULL, 5),
(1045, 22, 2, NULL, 3),
(1046, 22, 2, NULL, 2),
(1047, 22, 2, NULL, 4),
(1048, 22, 2, NULL, 3),
(1049, 22, 2, NULL, 4),
(1050, 22, 2, NULL, 1),
(1051, 22, 2, NULL, 5),
(1052, 22, 2, NULL, 3),
(1053, 22, 2, NULL, 3),
(1054, 22, 2, NULL, 1),
(1055, 22, 2, NULL, 4),
(1056, 22, 2, NULL, 3),
(1057, 22, 2, NULL, 1),
(1058, 22, 2, NULL, 1),
(1059, 22, 2, NULL, 1),
(1060, 22, 2, NULL, 5),
(1061, 23, 10, NULL, 4),
(1062, 23, 10, NULL, 3),
(1063, 23, 10, NULL, 5),
(1064, 23, 10, NULL, 2),
(1065, 23, 10, NULL, 4),
(1066, 23, 10, NULL, 4),
(1067, 23, 10, NULL, 2),
(1068, 23, 10, NULL, 5),
(1069, 23, 10, NULL, 2),
(1070, 23, 10, NULL, 4),
(1071, 23, 10, NULL, 3),
(1072, 23, 10, NULL, 1),
(1073, 23, 10, NULL, 5),
(1074, 23, 10, NULL, 3),
(1075, 23, 10, NULL, 2),
(1076, 23, 10, NULL, 4),
(1077, 23, 10, NULL, 4),
(1078, 23, 10, NULL, 5),
(1079, 23, 10, NULL, 2),
(1080, 23, 10, NULL, 3),
(1081, 23, 10, NULL, 1),
(1082, 23, 10, NULL, 5),
(1083, 23, 10, NULL, 5),
(1084, 23, 10, NULL, 4),
(1085, 23, 10, NULL, 4),
(1086, 23, 10, NULL, 3),
(1087, 23, 10, NULL, 1),
(1088, 23, 10, NULL, 4),
(1089, 23, 10, NULL, 2),
(1090, 23, 10, NULL, 4),
(1091, 23, 10, NULL, 1),
(1092, 23, 10, NULL, 1),
(1093, 23, 10, NULL, 3),
(1094, 23, 10, NULL, 3),
(1095, 23, 10, NULL, 3),
(1096, 23, 10, NULL, 1),
(1097, 23, 10, NULL, 4),
(1098, 23, 10, NULL, 4),
(1099, 23, 10, NULL, 2),
(1100, 23, 10, NULL, 5),
(1101, 24, 2, NULL, 2),
(1102, 24, 2, NULL, 5),
(1103, 24, 2, NULL, 3),
(1104, 24, 2, NULL, 1),
(1105, 24, 2, NULL, 2),
(1106, 24, 2, NULL, 1),
(1107, 24, 2, NULL, 3),
(1108, 24, 2, NULL, 1),
(1109, 24, 2, NULL, 5),
(1110, 24, 2, NULL, 3),
(1111, 24, 2, NULL, 3),
(1112, 24, 2, NULL, 5),
(1113, 24, 2, NULL, 3),
(1114, 24, 2, NULL, 1),
(1115, 24, 2, NULL, 5),
(1116, 24, 2, NULL, 3),
(1117, 24, 2, NULL, 5),
(1118, 24, 2, NULL, 2),
(1119, 24, 2, NULL, 1),
(1120, 24, 2, NULL, 4),
(1121, 24, 2, NULL, 2),
(1122, 24, 2, NULL, 5),
(1123, 24, 2, NULL, 4),
(1124, 24, 2, NULL, 2),
(1125, 24, 2, NULL, 2),
(1126, 24, 2, NULL, 1),
(1127, 24, 2, NULL, 3),
(1128, 24, 2, NULL, 4),
(1129, 24, 2, NULL, 4),
(1130, 24, 2, NULL, 5),
(1131, 24, 2, NULL, 3),
(1132, 24, 2, NULL, 3),
(1133, 24, 2, NULL, 1),
(1134, 24, 2, NULL, 3),
(1135, 24, 2, NULL, 4),
(1136, 24, 2, NULL, 5),
(1137, 24, 2, NULL, 3),
(1138, 24, 2, NULL, 4),
(1139, 24, 2, NULL, 1),
(1140, 24, 2, NULL, 3),
(1141, 25, 3, NULL, 5),
(1142, 25, 3, NULL, 4),
(1143, 25, 3, NULL, 3),
(1144, 25, 3, NULL, 1),
(1145, 25, 3, NULL, 3),
(1146, 25, 3, NULL, 4),
(1147, 25, 3, NULL, 5),
(1148, 25, 3, NULL, 2),
(1149, 25, 3, NULL, 2),
(1150, 25, 3, NULL, 3),
(1151, 25, 3, NULL, 2),
(1152, 25, 3, NULL, 5),
(1153, 25, 3, NULL, 3),
(1154, 25, 3, NULL, 1),
(1155, 25, 3, NULL, 4),
(1156, 25, 3, NULL, 2),
(1157, 25, 3, NULL, 1),
(1158, 25, 3, NULL, 3),
(1159, 25, 3, NULL, 4),
(1160, 25, 3, NULL, 3),
(1161, 25, 3, NULL, 2),
(1162, 25, 3, NULL, 2),
(1163, 25, 3, NULL, 3),
(1164, 25, 3, NULL, 2),
(1165, 25, 3, NULL, 3),
(1166, 25, 3, NULL, 5),
(1167, 25, 3, NULL, 1),
(1168, 25, 3, NULL, 4),
(1169, 25, 3, NULL, 2),
(1170, 25, 3, NULL, 2),
(1171, 25, 3, NULL, 4),
(1172, 25, 3, NULL, 4),
(1173, 25, 3, NULL, 4),
(1174, 25, 3, NULL, 2),
(1175, 25, 3, NULL, 5),
(1176, 25, 3, NULL, 5),
(1177, 25, 3, NULL, 1),
(1178, 25, 3, NULL, 3),
(1179, 25, 3, NULL, 1),
(1180, 25, 3, NULL, 1),
(1181, 26, 5, NULL, 1),
(1182, 26, 5, NULL, 5),
(1183, 26, 5, NULL, 1),
(1184, 26, 5, NULL, 3),
(1185, 26, 5, NULL, 1),
(1186, 26, 5, NULL, 4),
(1187, 26, 5, NULL, 3),
(1188, 26, 5, NULL, 4),
(1189, 26, 5, NULL, 5),
(1190, 26, 5, NULL, 3),
(1191, 26, 5, NULL, 4),
(1192, 26, 5, NULL, 4),
(1193, 26, 5, NULL, 1),
(1194, 26, 5, NULL, 5),
(1195, 26, 5, NULL, 1),
(1196, 26, 5, NULL, 3),
(1197, 26, 5, NULL, 4),
(1198, 26, 5, NULL, 4),
(1199, 26, 5, NULL, 3),
(1200, 26, 5, NULL, 1),
(1201, 26, 5, NULL, 5),
(1202, 26, 5, NULL, 4),
(1203, 26, 5, NULL, 2),
(1204, 26, 5, NULL, 4),
(1205, 26, 5, NULL, 4),
(1206, 26, 5, NULL, 4),
(1207, 26, 5, NULL, 5),
(1208, 26, 5, NULL, 3),
(1209, 26, 5, NULL, 3),
(1210, 26, 5, NULL, 5),
(1211, 26, 5, NULL, 3),
(1212, 26, 5, NULL, 2),
(1213, 26, 5, NULL, 3),
(1214, 26, 5, NULL, 5),
(1215, 26, 5, NULL, 3),
(1216, 26, 5, NULL, 2),
(1217, 26, 5, NULL, 2),
(1218, 26, 5, NULL, 5),
(1219, 26, 5, NULL, 3),
(1220, 26, 5, NULL, 4),
(1221, 27, 1, NULL, 1),
(1222, 27, 1, NULL, 5),
(1223, 27, 1, NULL, 3),
(1224, 27, 1, NULL, 5),
(1225, 27, 1, NULL, 1),
(1226, 27, 1, NULL, 5),
(1227, 27, 1, NULL, 4),
(1228, 27, 1, NULL, 3),
(1229, 27, 1, NULL, 4),
(1230, 27, 1, NULL, 4),
(1231, 27, 1, NULL, 5),
(1232, 27, 1, NULL, 1),
(1233, 27, 1, NULL, 2),
(1234, 27, 1, NULL, 2),
(1235, 27, 1, NULL, 5),
(1236, 27, 1, NULL, 1),
(1237, 27, 1, NULL, 5),
(1238, 27, 1, NULL, 3),
(1239, 27, 1, NULL, 5),
(1240, 27, 1, NULL, 1),
(1241, 27, 1, NULL, 1),
(1242, 27, 1, NULL, 1),
(1243, 27, 1, NULL, 4),
(1244, 27, 1, NULL, 3),
(1245, 27, 1, NULL, 1),
(1246, 27, 1, NULL, 1),
(1247, 27, 1, NULL, 1),
(1248, 27, 1, NULL, 3),
(1249, 27, 1, NULL, 4),
(1250, 27, 1, NULL, 1),
(1251, 27, 1, NULL, 3),
(1252, 27, 1, NULL, 4),
(1253, 27, 1, NULL, 4),
(1254, 27, 1, NULL, 4),
(1255, 27, 1, NULL, 3),
(1256, 27, 1, NULL, 2),
(1257, 27, 1, NULL, 3),
(1258, 27, 1, NULL, 4),
(1259, 27, 1, NULL, 3),
(1260, 27, 1, NULL, 4),
(1261, 28, 8, NULL, 3),
(1262, 28, 8, NULL, 4),
(1263, 28, 8, NULL, 5),
(1264, 28, 8, NULL, 5),
(1265, 28, 8, NULL, 3),
(1266, 28, 8, NULL, 1),
(1267, 28, 8, NULL, 5),
(1268, 28, 8, NULL, 4),
(1269, 28, 8, NULL, 2),
(1270, 28, 8, NULL, 1),
(1271, 28, 8, NULL, 2),
(1272, 28, 8, NULL, 5),
(1273, 28, 8, NULL, 3),
(1274, 28, 8, NULL, 3),
(1275, 28, 8, NULL, 2),
(1276, 28, 8, NULL, 1),
(1277, 28, 8, NULL, 5),
(1278, 28, 8, NULL, 3),
(1279, 28, 8, NULL, 5),
(1280, 28, 8, NULL, 5),
(1281, 28, 8, NULL, 1),
(1282, 28, 8, NULL, 5),
(1283, 28, 8, NULL, 4),
(1284, 28, 8, NULL, 2),
(1285, 28, 8, NULL, 2),
(1286, 28, 8, NULL, 3),
(1287, 28, 8, NULL, 1),
(1288, 28, 8, NULL, 2),
(1289, 28, 8, NULL, 4),
(1290, 28, 8, NULL, 1),
(1291, 28, 8, NULL, 4),
(1292, 28, 8, NULL, 5),
(1293, 28, 8, NULL, 4),
(1294, 28, 8, NULL, 3),
(1295, 28, 8, NULL, 1),
(1296, 28, 8, NULL, 2),
(1297, 28, 8, NULL, 5),
(1298, 28, 8, NULL, 3),
(1299, 28, 8, NULL, 4),
(1300, 28, 8, NULL, 4),
(1301, 29, 1, NULL, 1),
(1302, 29, 1, NULL, 2),
(1303, 29, 1, NULL, 5),
(1304, 29, 1, NULL, 5),
(1305, 29, 1, NULL, 5),
(1306, 29, 1, NULL, 3),
(1307, 29, 1, NULL, 2),
(1308, 29, 1, NULL, 2),
(1309, 29, 1, NULL, 2),
(1310, 29, 1, NULL, 1),
(1311, 29, 1, NULL, 2),
(1312, 29, 1, NULL, 5),
(1313, 29, 1, NULL, 5),
(1314, 29, 1, NULL, 3),
(1315, 29, 1, NULL, 2),
(1316, 29, 1, NULL, 4),
(1317, 29, 1, NULL, 1),
(1318, 29, 1, NULL, 3),
(1319, 29, 1, NULL, 3),
(1320, 29, 1, NULL, 4),
(1321, 29, 1, NULL, 5),
(1322, 29, 1, NULL, 1),
(1323, 29, 1, NULL, 1),
(1324, 29, 1, NULL, 2),
(1325, 29, 1, NULL, 1),
(1326, 29, 1, NULL, 2),
(1327, 29, 1, NULL, 3),
(1328, 29, 1, NULL, 4),
(1329, 29, 1, NULL, 4),
(1330, 29, 1, NULL, 2),
(1331, 29, 1, NULL, 1),
(1332, 29, 1, NULL, 1),
(1333, 29, 1, NULL, 3),
(1334, 29, 1, NULL, 5),
(1335, 29, 1, NULL, 3),
(1336, 29, 1, NULL, 3),
(1337, 29, 1, NULL, 1),
(1338, 29, 1, NULL, 3),
(1339, 29, 1, NULL, 3),
(1340, 29, 1, NULL, 1),
(1341, 30, 6, NULL, 2),
(1342, 30, 6, NULL, 3),
(1343, 30, 6, NULL, 1),
(1344, 30, 6, NULL, 3),
(1345, 30, 6, NULL, 2),
(1346, 30, 6, NULL, 4),
(1347, 30, 6, NULL, 3),
(1348, 30, 6, NULL, 5),
(1349, 30, 6, NULL, 4),
(1350, 30, 6, NULL, 4),
(1351, 30, 6, NULL, 5),
(1352, 30, 6, NULL, 1),
(1353, 30, 6, NULL, 5),
(1354, 30, 6, NULL, 3),
(1355, 30, 6, NULL, 4),
(1356, 30, 6, NULL, 5),
(1357, 30, 6, NULL, 4),
(1358, 30, 6, NULL, 4),
(1359, 30, 6, NULL, 1),
(1360, 30, 6, NULL, 5),
(1361, 30, 6, NULL, 3),
(1362, 30, 6, NULL, 1),
(1363, 30, 6, NULL, 3),
(1364, 30, 6, NULL, 2),
(1365, 30, 6, NULL, 4),
(1366, 30, 6, NULL, 4),
(1367, 30, 6, NULL, 3),
(1368, 30, 6, NULL, 3),
(1369, 30, 6, NULL, 2),
(1370, 30, 6, NULL, 1),
(1371, 30, 6, NULL, 4),
(1372, 30, 6, NULL, 4),
(1373, 30, 6, NULL, 2),
(1374, 30, 6, NULL, 4),
(1375, 30, 6, NULL, 3),
(1376, 30, 6, NULL, 5),
(1377, 30, 6, NULL, 3),
(1378, 30, 6, NULL, 5),
(1379, 30, 6, NULL, 1),
(1380, 30, 6, NULL, 3),
(1381, 31, 5, NULL, 4),
(1382, 31, 5, NULL, 3),
(1383, 31, 5, NULL, 5),
(1384, 31, 5, NULL, 4),
(1385, 31, 5, NULL, 2),
(1386, 31, 5, NULL, 2),
(1387, 31, 5, NULL, 5),
(1388, 31, 5, NULL, 5),
(1389, 31, 5, NULL, 4),
(1390, 31, 5, NULL, 4),
(1391, 31, 5, NULL, 5),
(1392, 31, 5, NULL, 2),
(1393, 31, 5, NULL, 4),
(1394, 31, 5, NULL, 3),
(1395, 31, 5, NULL, 3),
(1396, 31, 5, NULL, 4),
(1397, 31, 5, NULL, 4),
(1398, 31, 5, NULL, 2),
(1399, 31, 5, NULL, 3),
(1400, 31, 5, NULL, 3),
(1401, 31, 5, NULL, 1),
(1402, 31, 5, NULL, 3),
(1403, 31, 5, NULL, 4),
(1404, 31, 5, NULL, 3),
(1405, 31, 5, NULL, 2),
(1406, 31, 5, NULL, 1),
(1407, 31, 5, NULL, 3),
(1408, 31, 5, NULL, 4),
(1409, 31, 5, NULL, 1),
(1410, 31, 5, NULL, 5),
(1411, 31, 5, NULL, 2),
(1412, 31, 5, NULL, 3),
(1413, 31, 5, NULL, 4),
(1414, 31, 5, NULL, 3),
(1415, 31, 5, NULL, 3),
(1416, 31, 5, NULL, 4),
(1417, 31, 5, NULL, 3),
(1418, 31, 5, NULL, 3),
(1419, 31, 5, NULL, 2),
(1420, 31, 5, NULL, 4),
(1421, 32, 2, NULL, 1),
(1422, 32, 2, NULL, 5),
(1423, 32, 2, NULL, 2),
(1424, 32, 2, NULL, 4),
(1425, 32, 2, NULL, 1),
(1426, 32, 2, NULL, 5),
(1427, 32, 2, NULL, 4),
(1428, 32, 2, NULL, 1),
(1429, 32, 2, NULL, 2),
(1430, 32, 2, NULL, 1),
(1431, 32, 2, NULL, 1),
(1432, 32, 2, NULL, 4),
(1433, 32, 2, NULL, 5),
(1434, 32, 2, NULL, 5),
(1435, 32, 2, NULL, 3),
(1436, 32, 2, NULL, 2),
(1437, 32, 2, NULL, 3),
(1438, 32, 2, NULL, 2),
(1439, 32, 2, NULL, 1),
(1440, 32, 2, NULL, 1),
(1441, 32, 2, NULL, 1),
(1442, 32, 2, NULL, 2),
(1443, 32, 2, NULL, 3),
(1444, 32, 2, NULL, 5),
(1445, 32, 2, NULL, 2),
(1446, 32, 2, NULL, 3),
(1447, 32, 2, NULL, 4),
(1448, 32, 2, NULL, 5),
(1449, 32, 2, NULL, 4),
(1450, 32, 2, NULL, 3),
(1451, 32, 2, NULL, 4),
(1452, 32, 2, NULL, 5),
(1453, 32, 2, NULL, 1),
(1454, 32, 2, NULL, 5),
(1455, 32, 2, NULL, 5),
(1456, 32, 2, NULL, 2),
(1457, 32, 2, NULL, 4),
(1458, 32, 2, NULL, 3),
(1459, 32, 2, NULL, 4),
(1460, 32, 2, NULL, 3),
(1461, 33, 8, NULL, 1),
(1462, 33, 8, NULL, 3),
(1463, 33, 8, NULL, 2),
(1464, 33, 8, NULL, 3),
(1465, 33, 8, NULL, 5),
(1466, 33, 8, NULL, 3),
(1467, 33, 8, NULL, 1),
(1468, 33, 8, NULL, 3),
(1469, 33, 8, NULL, 3),
(1470, 33, 8, NULL, 4),
(1471, 33, 8, NULL, 5),
(1472, 33, 8, NULL, 2),
(1473, 33, 8, NULL, 1),
(1474, 33, 8, NULL, 1),
(1475, 33, 8, NULL, 3),
(1476, 33, 8, NULL, 1),
(1477, 33, 8, NULL, 2),
(1478, 33, 8, NULL, 2),
(1479, 33, 8, NULL, 2),
(1480, 33, 8, NULL, 3),
(1481, 33, 8, NULL, 5),
(1482, 33, 8, NULL, 2),
(1483, 33, 8, NULL, 1),
(1484, 33, 8, NULL, 1),
(1485, 33, 8, NULL, 1),
(1486, 33, 8, NULL, 5),
(1487, 33, 8, NULL, 5),
(1488, 33, 8, NULL, 4),
(1489, 33, 8, NULL, 2),
(1490, 33, 8, NULL, 2),
(1491, 33, 8, NULL, 4),
(1492, 33, 8, NULL, 2),
(1493, 33, 8, NULL, 5),
(1494, 33, 8, NULL, 2),
(1495, 33, 8, NULL, 2),
(1496, 33, 8, NULL, 3),
(1497, 33, 8, NULL, 2),
(1498, 33, 8, NULL, 4),
(1499, 33, 8, NULL, 4),
(1500, 33, 8, NULL, 1),
(1501, 34, 7, NULL, 1),
(1502, 34, 7, NULL, 5),
(1503, 34, 7, NULL, 1),
(1504, 34, 7, NULL, 4),
(1505, 34, 7, NULL, 3),
(1506, 34, 7, NULL, 1),
(1507, 34, 7, NULL, 2),
(1508, 34, 7, NULL, 1),
(1509, 34, 7, NULL, 3),
(1510, 34, 7, NULL, 5),
(1511, 34, 7, NULL, 3),
(1512, 34, 7, NULL, 4),
(1513, 34, 7, NULL, 3),
(1514, 34, 7, NULL, 3),
(1515, 34, 7, NULL, 2),
(1516, 34, 7, NULL, 1),
(1517, 34, 7, NULL, 3),
(1518, 34, 7, NULL, 5),
(1519, 34, 7, NULL, 5),
(1520, 34, 7, NULL, 5),
(1521, 34, 7, NULL, 3),
(1522, 34, 7, NULL, 2),
(1523, 34, 7, NULL, 2),
(1524, 34, 7, NULL, 2),
(1525, 34, 7, NULL, 3),
(1526, 34, 7, NULL, 1),
(1527, 34, 7, NULL, 1),
(1528, 34, 7, NULL, 3),
(1529, 34, 7, NULL, 1),
(1530, 34, 7, NULL, 3),
(1531, 34, 7, NULL, 4),
(1532, 34, 7, NULL, 1),
(1533, 34, 7, NULL, 3),
(1534, 34, 7, NULL, 1),
(1535, 34, 7, NULL, 1),
(1536, 34, 7, NULL, 2),
(1537, 34, 7, NULL, 5),
(1538, 34, 7, NULL, 4),
(1539, 34, 7, NULL, 5),
(1540, 34, 7, NULL, 3),
(1541, 35, 10, NULL, 3),
(1542, 35, 10, NULL, 1),
(1543, 35, 10, NULL, 1),
(1544, 35, 10, NULL, 5),
(1545, 35, 10, NULL, 2),
(1546, 35, 10, NULL, 2),
(1547, 35, 10, NULL, 5),
(1548, 35, 10, NULL, 4),
(1549, 35, 10, NULL, 2),
(1550, 35, 10, NULL, 3),
(1551, 35, 10, NULL, 5),
(1552, 35, 10, NULL, 3),
(1553, 35, 10, NULL, 4),
(1554, 35, 10, NULL, 3),
(1555, 35, 10, NULL, 2),
(1556, 35, 10, NULL, 4),
(1557, 35, 10, NULL, 2),
(1558, 35, 10, NULL, 4),
(1559, 35, 10, NULL, 1),
(1560, 35, 10, NULL, 4),
(1561, 35, 10, NULL, 3),
(1562, 35, 10, NULL, 2),
(1563, 35, 10, NULL, 5),
(1564, 35, 10, NULL, 4),
(1565, 35, 10, NULL, 1),
(1566, 35, 10, NULL, 2),
(1567, 35, 10, NULL, 5),
(1568, 35, 10, NULL, 5),
(1569, 35, 10, NULL, 5),
(1570, 35, 10, NULL, 4),
(1571, 35, 10, NULL, 4),
(1572, 35, 10, NULL, 3),
(1573, 35, 10, NULL, 2),
(1574, 35, 10, NULL, 5),
(1575, 35, 10, NULL, 1),
(1576, 35, 10, NULL, 3),
(1577, 35, 10, NULL, 5),
(1578, 35, 10, NULL, 5),
(1579, 35, 10, NULL, 3),
(1580, 35, 10, NULL, 4),
(1581, 36, 4, NULL, 2),
(1582, 36, 4, NULL, 1),
(1583, 36, 4, NULL, 2),
(1584, 36, 4, NULL, 5),
(1585, 36, 4, NULL, 5),
(1586, 36, 4, NULL, 4),
(1587, 36, 4, NULL, 1),
(1588, 36, 4, NULL, 5),
(1589, 36, 4, NULL, 5),
(1590, 36, 4, NULL, 3),
(1591, 36, 4, NULL, 2),
(1592, 36, 4, NULL, 4),
(1593, 36, 4, NULL, 1),
(1594, 36, 4, NULL, 5),
(1595, 36, 4, NULL, 4),
(1596, 36, 4, NULL, 5),
(1597, 36, 4, NULL, 4),
(1598, 36, 4, NULL, 4),
(1599, 36, 4, NULL, 2),
(1600, 36, 4, NULL, 3),
(1601, 36, 4, NULL, 3),
(1602, 36, 4, NULL, 2),
(1603, 36, 4, NULL, 5),
(1604, 36, 4, NULL, 5),
(1605, 36, 4, NULL, 1),
(1606, 36, 4, NULL, 2),
(1607, 36, 4, NULL, 3),
(1608, 36, 4, NULL, 3),
(1609, 36, 4, NULL, 4),
(1610, 36, 4, NULL, 5),
(1611, 36, 4, NULL, 5),
(1612, 36, 4, NULL, 4),
(1613, 36, 4, NULL, 4),
(1614, 36, 4, NULL, 1),
(1615, 36, 4, NULL, 1),
(1616, 36, 4, NULL, 5),
(1617, 36, 4, NULL, 3),
(1618, 36, 4, NULL, 5),
(1619, 36, 4, NULL, 3),
(1620, 36, 4, NULL, 4),
(1621, 37, 7, NULL, 4),
(1622, 37, 7, NULL, 3),
(1623, 37, 7, NULL, 5),
(1624, 37, 7, NULL, 5),
(1625, 37, 7, NULL, 3),
(1626, 37, 7, NULL, 1),
(1627, 37, 7, NULL, 5),
(1628, 37, 7, NULL, 2),
(1629, 37, 7, NULL, 5),
(1630, 37, 7, NULL, 1),
(1631, 37, 7, NULL, 4),
(1632, 37, 7, NULL, 5),
(1633, 37, 7, NULL, 1),
(1634, 37, 7, NULL, 1),
(1635, 37, 7, NULL, 2),
(1636, 37, 7, NULL, 1),
(1637, 37, 7, NULL, 2),
(1638, 37, 7, NULL, 1),
(1639, 37, 7, NULL, 4),
(1640, 37, 7, NULL, 1),
(1641, 37, 7, NULL, 1),
(1642, 37, 7, NULL, 3),
(1643, 37, 7, NULL, 3),
(1644, 37, 7, NULL, 5),
(1645, 37, 7, NULL, 4),
(1646, 37, 7, NULL, 1),
(1647, 37, 7, NULL, 3),
(1648, 37, 7, NULL, 5),
(1649, 37, 7, NULL, 4),
(1650, 37, 7, NULL, 5),
(1651, 37, 7, NULL, 5),
(1652, 37, 7, NULL, 1),
(1653, 37, 7, NULL, 3),
(1654, 37, 7, NULL, 4),
(1655, 37, 7, NULL, 5),
(1656, 37, 7, NULL, 5),
(1657, 37, 7, NULL, 2),
(1658, 37, 7, NULL, 2),
(1659, 37, 7, NULL, 5),
(1660, 37, 7, NULL, 1),
(1661, 38, 2, NULL, 5),
(1662, 38, 2, NULL, 1),
(1663, 38, 2, NULL, 2),
(1664, 38, 2, NULL, 1),
(1665, 38, 2, NULL, 4),
(1666, 38, 2, NULL, 5),
(1667, 38, 2, NULL, 5),
(1668, 38, 2, NULL, 3),
(1669, 38, 2, NULL, 4),
(1670, 38, 2, NULL, 2),
(1671, 38, 2, NULL, 3),
(1672, 38, 2, NULL, 3),
(1673, 38, 2, NULL, 1),
(1674, 38, 2, NULL, 3),
(1675, 38, 2, NULL, 3),
(1676, 38, 2, NULL, 1),
(1677, 38, 2, NULL, 1),
(1678, 38, 2, NULL, 4),
(1679, 38, 2, NULL, 4),
(1680, 38, 2, NULL, 2),
(1681, 38, 2, NULL, 4),
(1682, 38, 2, NULL, 5),
(1683, 38, 2, NULL, 5),
(1684, 38, 2, NULL, 4),
(1685, 38, 2, NULL, 5),
(1686, 38, 2, NULL, 5),
(1687, 38, 2, NULL, 3),
(1688, 38, 2, NULL, 4),
(1689, 38, 2, NULL, 3),
(1690, 38, 2, NULL, 1),
(1691, 38, 2, NULL, 4),
(1692, 38, 2, NULL, 1),
(1693, 38, 2, NULL, 3),
(1694, 38, 2, NULL, 5),
(1695, 38, 2, NULL, 2),
(1696, 38, 2, NULL, 5),
(1697, 38, 2, NULL, 1),
(1698, 38, 2, NULL, 5),
(1699, 38, 2, NULL, 4),
(1700, 38, 2, NULL, 5),
(1701, 39, 6, NULL, 4),
(1702, 39, 6, NULL, 3),
(1703, 39, 6, NULL, 2),
(1704, 39, 6, NULL, 4),
(1705, 39, 6, NULL, 5),
(1706, 39, 6, NULL, 2),
(1707, 39, 6, NULL, 2),
(1708, 39, 6, NULL, 5),
(1709, 39, 6, NULL, 4),
(1710, 39, 6, NULL, 1),
(1711, 39, 6, NULL, 2),
(1712, 39, 6, NULL, 4),
(1713, 39, 6, NULL, 4),
(1714, 39, 6, NULL, 1),
(1715, 39, 6, NULL, 5),
(1716, 39, 6, NULL, 2),
(1717, 39, 6, NULL, 3),
(1718, 39, 6, NULL, 1),
(1719, 39, 6, NULL, 2),
(1720, 39, 6, NULL, 1),
(1721, 39, 6, NULL, 3),
(1722, 39, 6, NULL, 3),
(1723, 39, 6, NULL, 4),
(1724, 39, 6, NULL, 1),
(1725, 39, 6, NULL, 3),
(1726, 39, 6, NULL, 3),
(1727, 39, 6, NULL, 5),
(1728, 39, 6, NULL, 3),
(1729, 39, 6, NULL, 3),
(1730, 39, 6, NULL, 3),
(1731, 39, 6, NULL, 4),
(1732, 39, 6, NULL, 4),
(1733, 39, 6, NULL, 4),
(1734, 39, 6, NULL, 4),
(1735, 39, 6, NULL, 5),
(1736, 39, 6, NULL, 2),
(1737, 39, 6, NULL, 1),
(1738, 39, 6, NULL, 1),
(1739, 39, 6, NULL, 1),
(1740, 39, 6, NULL, 3),
(1741, 40, 8, NULL, 2),
(1742, 40, 8, NULL, 2),
(1743, 40, 8, NULL, 5),
(1744, 40, 8, NULL, 1),
(1745, 40, 8, NULL, 2),
(1746, 40, 8, NULL, 2),
(1747, 40, 8, NULL, 4),
(1748, 40, 8, NULL, 2),
(1749, 40, 8, NULL, 2),
(1750, 40, 8, NULL, 5),
(1751, 40, 8, NULL, 5),
(1752, 40, 8, NULL, 5),
(1753, 40, 8, NULL, 5),
(1754, 40, 8, NULL, 5),
(1755, 40, 8, NULL, 3),
(1756, 40, 8, NULL, 2),
(1757, 40, 8, NULL, 1),
(1758, 40, 8, NULL, 1),
(1759, 40, 8, NULL, 3),
(1760, 40, 8, NULL, 5),
(1761, 40, 8, NULL, 2),
(1762, 40, 8, NULL, 3),
(1763, 40, 8, NULL, 2),
(1764, 40, 8, NULL, 4),
(1765, 40, 8, NULL, 4),
(1766, 40, 8, NULL, 1),
(1767, 40, 8, NULL, 3),
(1768, 40, 8, NULL, 2),
(1769, 40, 8, NULL, 2),
(1770, 40, 8, NULL, 4),
(1771, 40, 8, NULL, 3),
(1772, 40, 8, NULL, 3),
(1773, 40, 8, NULL, 2),
(1774, 40, 8, NULL, 3),
(1775, 40, 8, NULL, 3),
(1776, 40, 8, NULL, 3),
(1777, 40, 8, NULL, 3),
(1778, 40, 8, NULL, 4),
(1779, 40, 8, NULL, 1),
(1780, 40, 8, NULL, 1),
(1781, 41, 10, NULL, 4),
(1782, 41, 10, NULL, 1),
(1783, 41, 10, NULL, 5),
(1784, 41, 10, NULL, 5),
(1785, 41, 10, NULL, 1),
(1786, 41, 10, NULL, 2),
(1787, 41, 10, NULL, 3),
(1788, 41, 10, NULL, 4),
(1789, 41, 10, NULL, 5),
(1790, 41, 10, NULL, 1),
(1791, 41, 10, NULL, 5),
(1792, 41, 10, NULL, 5),
(1793, 41, 10, NULL, 5),
(1794, 41, 10, NULL, 3),
(1795, 41, 10, NULL, 1),
(1796, 41, 10, NULL, 2),
(1797, 41, 10, NULL, 1),
(1798, 41, 10, NULL, 5),
(1799, 41, 10, NULL, 3),
(1800, 41, 10, NULL, 1),
(1801, 41, 10, NULL, 3),
(1802, 41, 10, NULL, 4),
(1803, 41, 10, NULL, 4),
(1804, 41, 10, NULL, 2),
(1805, 41, 10, NULL, 2),
(1806, 41, 10, NULL, 4),
(1807, 41, 10, NULL, 5),
(1808, 41, 10, NULL, 5),
(1809, 41, 10, NULL, 2),
(1810, 41, 10, NULL, 3),
(1811, 41, 10, NULL, 2),
(1812, 41, 10, NULL, 2),
(1813, 41, 10, NULL, 4),
(1814, 41, 10, NULL, 3),
(1815, 41, 10, NULL, 4),
(1816, 41, 10, NULL, 5),
(1817, 41, 10, NULL, 1),
(1818, 41, 10, NULL, 3),
(1819, 41, 10, NULL, 3),
(1820, 41, 10, NULL, 3),
(1821, 42, 4, NULL, 1),
(1822, 42, 4, NULL, 5),
(1823, 42, 4, NULL, 2),
(1824, 42, 4, NULL, 4),
(1825, 42, 4, NULL, 2),
(1826, 42, 4, NULL, 3),
(1827, 42, 4, NULL, 5),
(1828, 42, 4, NULL, 1),
(1829, 42, 4, NULL, 5),
(1830, 42, 4, NULL, 1),
(1831, 42, 4, NULL, 4),
(1832, 42, 4, NULL, 1),
(1833, 42, 4, NULL, 4),
(1834, 42, 4, NULL, 2),
(1835, 42, 4, NULL, 3),
(1836, 42, 4, NULL, 5),
(1837, 42, 4, NULL, 5),
(1838, 42, 4, NULL, 5),
(1839, 42, 4, NULL, 4),
(1840, 42, 4, NULL, 5),
(1841, 42, 4, NULL, 2),
(1842, 42, 4, NULL, 2),
(1843, 42, 4, NULL, 4),
(1844, 42, 4, NULL, 1),
(1845, 42, 4, NULL, 3),
(1846, 42, 4, NULL, 1),
(1847, 42, 4, NULL, 5),
(1848, 42, 4, NULL, 2),
(1849, 42, 4, NULL, 3),
(1850, 42, 4, NULL, 2),
(1851, 42, 4, NULL, 3),
(1852, 42, 4, NULL, 3),
(1853, 42, 4, NULL, 1),
(1854, 42, 4, NULL, 5),
(1855, 42, 4, NULL, 5),
(1856, 42, 4, NULL, 5),
(1857, 42, 4, NULL, 3),
(1858, 42, 4, NULL, 3),
(1859, 42, 4, NULL, 3),
(1860, 42, 4, NULL, 3),
(1861, 43, 5, NULL, 1),
(1862, 43, 5, NULL, 2),
(1863, 43, 5, NULL, 1),
(1864, 43, 5, NULL, 4),
(1865, 43, 5, NULL, 2),
(1866, 43, 5, NULL, 3),
(1867, 43, 5, NULL, 3),
(1868, 43, 5, NULL, 2),
(1869, 43, 5, NULL, 2),
(1870, 43, 5, NULL, 1),
(1871, 43, 5, NULL, 4),
(1872, 43, 5, NULL, 1),
(1873, 43, 5, NULL, 2),
(1874, 43, 5, NULL, 1),
(1875, 43, 5, NULL, 4),
(1876, 43, 5, NULL, 3),
(1877, 43, 5, NULL, 4),
(1878, 43, 5, NULL, 5),
(1879, 43, 5, NULL, 4),
(1880, 43, 5, NULL, 1),
(1881, 43, 5, NULL, 5),
(1882, 43, 5, NULL, 3),
(1883, 43, 5, NULL, 4),
(1884, 43, 5, NULL, 4),
(1885, 43, 5, NULL, 5),
(1886, 43, 5, NULL, 2),
(1887, 43, 5, NULL, 2),
(1888, 43, 5, NULL, 3),
(1889, 43, 5, NULL, 3),
(1890, 43, 5, NULL, 1),
(1891, 43, 5, NULL, 2),
(1892, 43, 5, NULL, 1),
(1893, 43, 5, NULL, 3),
(1894, 43, 5, NULL, 2),
(1895, 43, 5, NULL, 3),
(1896, 43, 5, NULL, 4),
(1897, 43, 5, NULL, 4),
(1898, 43, 5, NULL, 1),
(1899, 43, 5, NULL, 5),
(1900, 43, 5, NULL, 2),
(1901, 44, 8, NULL, 4),
(1902, 44, 8, NULL, 5),
(1903, 44, 8, NULL, 5),
(1904, 44, 8, NULL, 4),
(1905, 44, 8, NULL, 1),
(1906, 44, 8, NULL, 1),
(1907, 44, 8, NULL, 2),
(1908, 44, 8, NULL, 1),
(1909, 44, 8, NULL, 3),
(1910, 44, 8, NULL, 5),
(1911, 44, 8, NULL, 4),
(1912, 44, 8, NULL, 4),
(1913, 44, 8, NULL, 4),
(1914, 44, 8, NULL, 3),
(1915, 44, 8, NULL, 5),
(1916, 44, 8, NULL, 5),
(1917, 44, 8, NULL, 1),
(1918, 44, 8, NULL, 4),
(1919, 44, 8, NULL, 1),
(1920, 44, 8, NULL, 5),
(1921, 44, 8, NULL, 5),
(1922, 44, 8, NULL, 5),
(1923, 44, 8, NULL, 5),
(1924, 44, 8, NULL, 5),
(1925, 44, 8, NULL, 4),
(1926, 44, 8, NULL, 5),
(1927, 44, 8, NULL, 3),
(1928, 44, 8, NULL, 5),
(1929, 44, 8, NULL, 4),
(1930, 44, 8, NULL, 5),
(1931, 44, 8, NULL, 2),
(1932, 44, 8, NULL, 4),
(1933, 44, 8, NULL, 1),
(1934, 44, 8, NULL, 4),
(1935, 44, 8, NULL, 3),
(1936, 44, 8, NULL, 2),
(1937, 44, 8, NULL, 5),
(1938, 44, 8, NULL, 3),
(1939, 44, 8, NULL, 1),
(1940, 44, 8, NULL, 5),
(1941, 45, 6, NULL, 4),
(1942, 45, 6, NULL, 5),
(1943, 45, 6, NULL, 2),
(1944, 45, 6, NULL, 1),
(1945, 45, 6, NULL, 3),
(1946, 45, 6, NULL, 2),
(1947, 45, 6, NULL, 1),
(1948, 45, 6, NULL, 5),
(1949, 45, 6, NULL, 1),
(1950, 45, 6, NULL, 5),
(1951, 45, 6, NULL, 3),
(1952, 45, 6, NULL, 2),
(1953, 45, 6, NULL, 3),
(1954, 45, 6, NULL, 1),
(1955, 45, 6, NULL, 1),
(1956, 45, 6, NULL, 4),
(1957, 45, 6, NULL, 2),
(1958, 45, 6, NULL, 4),
(1959, 45, 6, NULL, 5),
(1960, 45, 6, NULL, 1),
(1961, 45, 6, NULL, 1),
(1962, 45, 6, NULL, 5),
(1963, 45, 6, NULL, 4),
(1964, 45, 6, NULL, 4),
(1965, 45, 6, NULL, 3),
(1966, 45, 6, NULL, 5),
(1967, 45, 6, NULL, 3),
(1968, 45, 6, NULL, 2),
(1969, 45, 6, NULL, 4),
(1970, 45, 6, NULL, 4),
(1971, 45, 6, NULL, 5),
(1972, 45, 6, NULL, 1),
(1973, 45, 6, NULL, 3),
(1974, 45, 6, NULL, 5),
(1975, 45, 6, NULL, 2),
(1976, 45, 6, NULL, 4),
(1977, 45, 6, NULL, 3),
(1978, 45, 6, NULL, 2),
(1979, 45, 6, NULL, 5),
(1980, 45, 6, NULL, 1),
(1981, 46, 4, NULL, 2),
(1982, 46, 4, NULL, 2),
(1983, 46, 4, NULL, 2),
(1984, 46, 4, NULL, 3),
(1985, 46, 4, NULL, 4),
(1986, 46, 4, NULL, 2),
(1987, 46, 4, NULL, 5),
(1988, 46, 4, NULL, 4),
(1989, 46, 4, NULL, 2),
(1990, 46, 4, NULL, 5),
(1991, 46, 4, NULL, 5),
(1992, 46, 4, NULL, 5),
(1993, 46, 4, NULL, 3),
(1994, 46, 4, NULL, 4),
(1995, 46, 4, NULL, 2),
(1996, 46, 4, NULL, 4),
(1997, 46, 4, NULL, 1),
(1998, 46, 4, NULL, 4),
(1999, 46, 4, NULL, 1),
(2000, 46, 4, NULL, 5),
(2001, 46, 4, NULL, 4),
(2002, 46, 4, NULL, 4),
(2003, 46, 4, NULL, 1),
(2004, 46, 4, NULL, 1),
(2005, 46, 4, NULL, 5),
(2006, 46, 4, NULL, 5),
(2007, 46, 4, NULL, 5),
(2008, 46, 4, NULL, 1),
(2009, 46, 4, NULL, 2),
(2010, 46, 4, NULL, 3),
(2011, 46, 4, NULL, 4),
(2012, 46, 4, NULL, 3),
(2013, 46, 4, NULL, 5),
(2014, 46, 4, NULL, 1),
(2015, 46, 4, NULL, 3),
(2016, 46, 4, NULL, 4),
(2017, 46, 4, NULL, 5),
(2018, 46, 4, NULL, 3),
(2019, 46, 4, NULL, 3),
(2020, 46, 4, NULL, 4),
(2021, 47, 10, NULL, 2),
(2022, 47, 10, NULL, 3),
(2023, 47, 10, NULL, 5),
(2024, 47, 10, NULL, 3),
(2025, 47, 10, NULL, 5),
(2026, 47, 10, NULL, 1),
(2027, 47, 10, NULL, 4),
(2028, 47, 10, NULL, 4),
(2029, 47, 10, NULL, 4),
(2030, 47, 10, NULL, 1),
(2031, 47, 10, NULL, 5),
(2032, 47, 10, NULL, 3),
(2033, 47, 10, NULL, 5),
(2034, 47, 10, NULL, 1),
(2035, 47, 10, NULL, 1),
(2036, 47, 10, NULL, 5),
(2037, 47, 10, NULL, 3),
(2038, 47, 10, NULL, 4),
(2039, 47, 10, NULL, 3),
(2040, 47, 10, NULL, 5),
(2041, 47, 10, NULL, 5),
(2042, 47, 10, NULL, 5),
(2043, 47, 10, NULL, 4),
(2044, 47, 10, NULL, 3),
(2045, 47, 10, NULL, 1),
(2046, 47, 10, NULL, 4),
(2047, 47, 10, NULL, 1),
(2048, 47, 10, NULL, 2),
(2049, 47, 10, NULL, 5),
(2050, 47, 10, NULL, 1),
(2051, 47, 10, NULL, 3),
(2052, 47, 10, NULL, 1),
(2053, 47, 10, NULL, 2),
(2054, 47, 10, NULL, 1),
(2055, 47, 10, NULL, 1),
(2056, 47, 10, NULL, 1),
(2057, 47, 10, NULL, 4),
(2058, 47, 10, NULL, 3),
(2059, 47, 10, NULL, 2),
(2060, 47, 10, NULL, 4),
(2061, 48, 8, NULL, 1),
(2062, 48, 8, NULL, 4),
(2063, 48, 8, NULL, 5),
(2064, 48, 8, NULL, 3),
(2065, 48, 8, NULL, 1),
(2066, 48, 8, NULL, 2),
(2067, 48, 8, NULL, 1),
(2068, 48, 8, NULL, 3),
(2069, 48, 8, NULL, 4),
(2070, 48, 8, NULL, 5),
(2071, 48, 8, NULL, 3),
(2072, 48, 8, NULL, 3),
(2073, 48, 8, NULL, 2),
(2074, 48, 8, NULL, 1),
(2075, 48, 8, NULL, 1),
(2076, 48, 8, NULL, 2),
(2077, 48, 8, NULL, 2),
(2078, 48, 8, NULL, 4),
(2079, 48, 8, NULL, 3),
(2080, 48, 8, NULL, 3),
(2081, 48, 8, NULL, 3),
(2082, 48, 8, NULL, 1),
(2083, 48, 8, NULL, 1),
(2084, 48, 8, NULL, 2),
(2085, 48, 8, NULL, 3),
(2086, 48, 8, NULL, 1),
(2087, 48, 8, NULL, 5),
(2088, 48, 8, NULL, 2),
(2089, 48, 8, NULL, 5),
(2090, 48, 8, NULL, 2),
(2091, 48, 8, NULL, 3),
(2092, 48, 8, NULL, 5),
(2093, 48, 8, NULL, 5),
(2094, 48, 8, NULL, 2),
(2095, 48, 8, NULL, 3),
(2096, 48, 8, NULL, 5),
(2097, 48, 8, NULL, 1),
(2098, 48, 8, NULL, 4),
(2099, 48, 8, NULL, 4),
(2100, 48, 8, NULL, 2),
(2101, 49, 1, NULL, 2),
(2102, 49, 1, NULL, 1),
(2103, 49, 1, NULL, 5),
(2104, 49, 1, NULL, 3),
(2105, 49, 1, NULL, 2),
(2106, 49, 1, NULL, 5),
(2107, 49, 1, NULL, 5),
(2108, 49, 1, NULL, 4),
(2109, 49, 1, NULL, 2),
(2110, 49, 1, NULL, 2),
(2111, 49, 1, NULL, 2),
(2112, 49, 1, NULL, 4),
(2113, 49, 1, NULL, 3),
(2114, 49, 1, NULL, 4),
(2115, 49, 1, NULL, 3),
(2116, 49, 1, NULL, 2),
(2117, 49, 1, NULL, 1),
(2118, 49, 1, NULL, 3),
(2119, 49, 1, NULL, 1),
(2120, 49, 1, NULL, 2),
(2121, 49, 1, NULL, 1),
(2122, 49, 1, NULL, 1),
(2123, 49, 1, NULL, 2),
(2124, 49, 1, NULL, 3),
(2125, 49, 1, NULL, 3),
(2126, 49, 1, NULL, 5),
(2127, 49, 1, NULL, 4),
(2128, 49, 1, NULL, 4),
(2129, 49, 1, NULL, 1),
(2130, 49, 1, NULL, 3),
(2131, 49, 1, NULL, 4),
(2132, 49, 1, NULL, 1),
(2133, 49, 1, NULL, 4),
(2134, 49, 1, NULL, 4),
(2135, 49, 1, NULL, 3),
(2136, 49, 1, NULL, 1),
(2137, 49, 1, NULL, 3),
(2138, 49, 1, NULL, 5),
(2139, 49, 1, NULL, 1),
(2140, 49, 1, NULL, 1),
(2141, 50, 8, NULL, 2),
(2142, 50, 8, NULL, 5),
(2143, 50, 8, NULL, 1),
(2144, 50, 8, NULL, 1),
(2145, 50, 8, NULL, 1),
(2146, 50, 8, NULL, 2),
(2147, 50, 8, NULL, 5),
(2148, 50, 8, NULL, 5),
(2149, 50, 8, NULL, 4),
(2150, 50, 8, NULL, 1),
(2151, 50, 8, NULL, 2),
(2152, 50, 8, NULL, 1),
(2153, 50, 8, NULL, 4),
(2154, 50, 8, NULL, 5),
(2155, 50, 8, NULL, 4),
(2156, 50, 8, NULL, 3),
(2157, 50, 8, NULL, 5),
(2158, 50, 8, NULL, 4),
(2159, 50, 8, NULL, 4),
(2160, 50, 8, NULL, 4),
(2161, 50, 8, NULL, 4),
(2162, 50, 8, NULL, 1),
(2163, 50, 8, NULL, 2),
(2164, 50, 8, NULL, 4),
(2165, 50, 8, NULL, 4),
(2166, 50, 8, NULL, 5),
(2167, 50, 8, NULL, 4),
(2168, 50, 8, NULL, 2),
(2169, 50, 8, NULL, 4),
(2170, 50, 8, NULL, 4),
(2171, 50, 8, NULL, 3),
(2172, 50, 8, NULL, 1),
(2173, 50, 8, NULL, 2),
(2174, 50, 8, NULL, 4),
(2175, 50, 8, NULL, 1),
(2176, 50, 8, NULL, 3),
(2177, 50, 8, NULL, 4),
(2178, 50, 8, NULL, 2),
(2179, 50, 8, NULL, 1),
(2180, 50, 8, NULL, 1),
(2181, 51, 1, NULL, 3),
(2182, 51, 1, NULL, 1),
(2183, 51, 1, NULL, 1),
(2184, 51, 1, NULL, 3),
(2185, 51, 1, NULL, 3),
(2186, 51, 1, NULL, 4),
(2187, 51, 1, NULL, 3),
(2188, 51, 1, NULL, 3),
(2189, 51, 1, NULL, 1),
(2190, 51, 1, NULL, 4),
(2191, 51, 1, NULL, 5),
(2192, 51, 1, NULL, 2),
(2193, 51, 1, NULL, 3),
(2194, 51, 1, NULL, 1),
(2195, 51, 1, NULL, 2),
(2196, 51, 1, NULL, 5),
(2197, 51, 1, NULL, 1),
(2198, 51, 1, NULL, 5),
(2199, 51, 1, NULL, 4),
(2200, 51, 1, NULL, 4),
(2201, 51, 1, NULL, 1),
(2202, 51, 1, NULL, 4),
(2203, 51, 1, NULL, 3),
(2204, 51, 1, NULL, 5),
(2205, 51, 1, NULL, 3),
(2206, 51, 1, NULL, 5),
(2207, 51, 1, NULL, 2),
(2208, 51, 1, NULL, 1),
(2209, 51, 1, NULL, 3),
(2210, 51, 1, NULL, 3),
(2211, 51, 1, NULL, 4),
(2212, 51, 1, NULL, 1),
(2213, 51, 1, NULL, 1),
(2214, 51, 1, NULL, 5),
(2215, 51, 1, NULL, 3),
(2216, 51, 1, NULL, 1),
(2217, 51, 1, NULL, 1),
(2218, 51, 1, NULL, 5),
(2219, 51, 1, NULL, 5),
(2220, 51, 1, NULL, 4),
(2221, 52, 9, NULL, 1),
(2222, 52, 9, NULL, 1),
(2223, 52, 9, NULL, 2),
(2224, 52, 9, NULL, 1),
(2225, 52, 9, NULL, 4),
(2226, 52, 9, NULL, 4),
(2227, 52, 9, NULL, 3),
(2228, 52, 9, NULL, 3),
(2229, 52, 9, NULL, 2),
(2230, 52, 9, NULL, 4),
(2231, 52, 9, NULL, 2),
(2232, 52, 9, NULL, 3),
(2233, 52, 9, NULL, 3),
(2234, 52, 9, NULL, 5),
(2235, 52, 9, NULL, 5),
(2236, 52, 9, NULL, 4),
(2237, 52, 9, NULL, 4),
(2238, 52, 9, NULL, 3),
(2239, 52, 9, NULL, 1),
(2240, 52, 9, NULL, 4),
(2241, 52, 9, NULL, 4),
(2242, 52, 9, NULL, 5),
(2243, 52, 9, NULL, 1),
(2244, 52, 9, NULL, 4),
(2245, 52, 9, NULL, 1),
(2246, 52, 9, NULL, 2),
(2247, 52, 9, NULL, 4),
(2248, 52, 9, NULL, 4),
(2249, 52, 9, NULL, 4),
(2250, 52, 9, NULL, 1),
(2251, 52, 9, NULL, 5),
(2252, 52, 9, NULL, 1),
(2253, 52, 9, NULL, 1),
(2254, 52, 9, NULL, 2),
(2255, 52, 9, NULL, 4),
(2256, 52, 9, NULL, 3),
(2257, 52, 9, NULL, 4),
(2258, 52, 9, NULL, 5),
(2259, 52, 9, NULL, 1),
(2260, 52, 9, NULL, 2),
(2261, 53, 8, NULL, 3),
(2262, 53, 8, NULL, 2),
(2263, 53, 8, NULL, 1),
(2264, 53, 8, NULL, 2),
(2265, 53, 8, NULL, 3),
(2266, 53, 8, NULL, 3),
(2267, 53, 8, NULL, 1),
(2268, 53, 8, NULL, 2),
(2269, 53, 8, NULL, 2),
(2270, 53, 8, NULL, 2),
(2271, 53, 8, NULL, 2),
(2272, 53, 8, NULL, 1),
(2273, 53, 8, NULL, 4),
(2274, 53, 8, NULL, 1),
(2275, 53, 8, NULL, 5),
(2276, 53, 8, NULL, 4),
(2277, 53, 8, NULL, 5),
(2278, 53, 8, NULL, 3),
(2279, 53, 8, NULL, 1),
(2280, 53, 8, NULL, 4),
(2281, 53, 8, NULL, 1),
(2282, 53, 8, NULL, 4),
(2283, 53, 8, NULL, 5),
(2284, 53, 8, NULL, 5),
(2285, 53, 8, NULL, 1),
(2286, 53, 8, NULL, 4),
(2287, 53, 8, NULL, 2),
(2288, 53, 8, NULL, 1),
(2289, 53, 8, NULL, 1),
(2290, 53, 8, NULL, 3),
(2291, 53, 8, NULL, 3),
(2292, 53, 8, NULL, 3),
(2293, 53, 8, NULL, 2),
(2294, 53, 8, NULL, 1),
(2295, 53, 8, NULL, 3),
(2296, 53, 8, NULL, 1),
(2297, 53, 8, NULL, 4),
(2298, 53, 8, NULL, 1),
(2299, 53, 8, NULL, 4),
(2300, 53, 8, NULL, 2),
(2301, 54, 5, NULL, 4),
(2302, 54, 5, NULL, 2),
(2303, 54, 5, NULL, 4),
(2304, 54, 5, NULL, 1),
(2305, 54, 5, NULL, 3),
(2306, 54, 5, NULL, 5),
(2307, 54, 5, NULL, 3),
(2308, 54, 5, NULL, 5),
(2309, 54, 5, NULL, 4),
(2310, 54, 5, NULL, 2),
(2311, 54, 5, NULL, 4),
(2312, 54, 5, NULL, 3),
(2313, 54, 5, NULL, 3),
(2314, 54, 5, NULL, 3),
(2315, 54, 5, NULL, 4),
(2316, 54, 5, NULL, 4),
(2317, 54, 5, NULL, 1),
(2318, 54, 5, NULL, 2),
(2319, 54, 5, NULL, 3),
(2320, 54, 5, NULL, 3),
(2321, 54, 5, NULL, 1),
(2322, 54, 5, NULL, 5),
(2323, 54, 5, NULL, 4);
INSERT INTO `scp_note` (`id`, `location_id`, `user_id`, `service_id`, `note`) VALUES
(2324, 54, 5, NULL, 4),
(2325, 54, 5, NULL, 3),
(2326, 54, 5, NULL, 2),
(2327, 54, 5, NULL, 1),
(2328, 54, 5, NULL, 1),
(2329, 54, 5, NULL, 4),
(2330, 54, 5, NULL, 2),
(2331, 54, 5, NULL, 4),
(2332, 54, 5, NULL, 3),
(2333, 54, 5, NULL, 1),
(2334, 54, 5, NULL, 4),
(2335, 54, 5, NULL, 5),
(2336, 54, 5, NULL, 1),
(2337, 54, 5, NULL, 5),
(2338, 54, 5, NULL, 2),
(2339, 54, 5, NULL, 5),
(2340, 54, 5, NULL, 4),
(2341, 55, 5, NULL, 2),
(2342, 55, 5, NULL, 2),
(2343, 55, 5, NULL, 4),
(2344, 55, 5, NULL, 4),
(2345, 55, 5, NULL, 5),
(2346, 55, 5, NULL, 5),
(2347, 55, 5, NULL, 4),
(2348, 55, 5, NULL, 5),
(2349, 55, 5, NULL, 2),
(2350, 55, 5, NULL, 3),
(2351, 55, 5, NULL, 2),
(2352, 55, 5, NULL, 4),
(2353, 55, 5, NULL, 1),
(2354, 55, 5, NULL, 1),
(2355, 55, 5, NULL, 3),
(2356, 55, 5, NULL, 1),
(2357, 55, 5, NULL, 5),
(2358, 55, 5, NULL, 5),
(2359, 55, 5, NULL, 2),
(2360, 55, 5, NULL, 1),
(2361, 55, 5, NULL, 3),
(2362, 55, 5, NULL, 1),
(2363, 55, 5, NULL, 5),
(2364, 55, 5, NULL, 5),
(2365, 55, 5, NULL, 2),
(2366, 55, 5, NULL, 4),
(2367, 55, 5, NULL, 4),
(2368, 55, 5, NULL, 2),
(2369, 55, 5, NULL, 4),
(2370, 55, 5, NULL, 1),
(2371, 55, 5, NULL, 4),
(2372, 55, 5, NULL, 5),
(2373, 55, 5, NULL, 4),
(2374, 55, 5, NULL, 4),
(2375, 55, 5, NULL, 5),
(2376, 55, 5, NULL, 4),
(2377, 55, 5, NULL, 4),
(2378, 55, 5, NULL, 3),
(2379, 55, 5, NULL, 3),
(2380, 55, 5, NULL, 4),
(2381, 56, 6, NULL, 3),
(2382, 56, 6, NULL, 5),
(2383, 56, 6, NULL, 5),
(2384, 56, 6, NULL, 4),
(2385, 56, 6, NULL, 5),
(2386, 56, 6, NULL, 1),
(2387, 56, 6, NULL, 2),
(2388, 56, 6, NULL, 5),
(2389, 56, 6, NULL, 4),
(2390, 56, 6, NULL, 2),
(2391, 56, 6, NULL, 5),
(2392, 56, 6, NULL, 1),
(2393, 56, 6, NULL, 2),
(2394, 56, 6, NULL, 4),
(2395, 56, 6, NULL, 5),
(2396, 56, 6, NULL, 1),
(2397, 56, 6, NULL, 4),
(2398, 56, 6, NULL, 1),
(2399, 56, 6, NULL, 4),
(2400, 56, 6, NULL, 2),
(2401, 56, 6, NULL, 3),
(2402, 56, 6, NULL, 5),
(2403, 56, 6, NULL, 4),
(2404, 56, 6, NULL, 2),
(2405, 56, 6, NULL, 3),
(2406, 56, 6, NULL, 3),
(2407, 56, 6, NULL, 5),
(2408, 56, 6, NULL, 2),
(2409, 56, 6, NULL, 4),
(2410, 56, 6, NULL, 1),
(2411, 56, 6, NULL, 4),
(2412, 56, 6, NULL, 5),
(2413, 56, 6, NULL, 1),
(2414, 56, 6, NULL, 1),
(2415, 56, 6, NULL, 5),
(2416, 56, 6, NULL, 5),
(2417, 56, 6, NULL, 3),
(2418, 56, 6, NULL, 4),
(2419, 56, 6, NULL, 2),
(2420, 56, 6, NULL, 3),
(2421, 57, 4, NULL, 3),
(2422, 57, 4, NULL, 4),
(2423, 57, 4, NULL, 5),
(2424, 57, 4, NULL, 2),
(2425, 57, 4, NULL, 4),
(2426, 57, 4, NULL, 5),
(2427, 57, 4, NULL, 4),
(2428, 57, 4, NULL, 2),
(2429, 57, 4, NULL, 5),
(2430, 57, 4, NULL, 5),
(2431, 57, 4, NULL, 3),
(2432, 57, 4, NULL, 4),
(2433, 57, 4, NULL, 1),
(2434, 57, 4, NULL, 5),
(2435, 57, 4, NULL, 2),
(2436, 57, 4, NULL, 4),
(2437, 57, 4, NULL, 1),
(2438, 57, 4, NULL, 1),
(2439, 57, 4, NULL, 1),
(2440, 57, 4, NULL, 2),
(2441, 57, 4, NULL, 4),
(2442, 57, 4, NULL, 3),
(2443, 57, 4, NULL, 3),
(2444, 57, 4, NULL, 4),
(2445, 57, 4, NULL, 4),
(2446, 57, 4, NULL, 1),
(2447, 57, 4, NULL, 2),
(2448, 57, 4, NULL, 3),
(2449, 57, 4, NULL, 1),
(2450, 57, 4, NULL, 3),
(2451, 57, 4, NULL, 5),
(2452, 57, 4, NULL, 5),
(2453, 57, 4, NULL, 3),
(2454, 57, 4, NULL, 1),
(2455, 57, 4, NULL, 2),
(2456, 57, 4, NULL, 1),
(2457, 57, 4, NULL, 3),
(2458, 57, 4, NULL, 2),
(2459, 57, 4, NULL, 4),
(2460, 57, 4, NULL, 5),
(2461, 58, 9, NULL, 4),
(2462, 58, 9, NULL, 3),
(2463, 58, 9, NULL, 3),
(2464, 58, 9, NULL, 5),
(2465, 58, 9, NULL, 1),
(2466, 58, 9, NULL, 1),
(2467, 58, 9, NULL, 3),
(2468, 58, 9, NULL, 2),
(2469, 58, 9, NULL, 5),
(2470, 58, 9, NULL, 4),
(2471, 58, 9, NULL, 2),
(2472, 58, 9, NULL, 4),
(2473, 58, 9, NULL, 1),
(2474, 58, 9, NULL, 2),
(2475, 58, 9, NULL, 1),
(2476, 58, 9, NULL, 5),
(2477, 58, 9, NULL, 3),
(2478, 58, 9, NULL, 3),
(2479, 58, 9, NULL, 2),
(2480, 58, 9, NULL, 1),
(2481, 58, 9, NULL, 5),
(2482, 58, 9, NULL, 4),
(2483, 58, 9, NULL, 3),
(2484, 58, 9, NULL, 4),
(2485, 58, 9, NULL, 5),
(2486, 58, 9, NULL, 4),
(2487, 58, 9, NULL, 5),
(2488, 58, 9, NULL, 3),
(2489, 58, 9, NULL, 3),
(2490, 58, 9, NULL, 3),
(2491, 58, 9, NULL, 1),
(2492, 58, 9, NULL, 1),
(2493, 58, 9, NULL, 3),
(2494, 58, 9, NULL, 4),
(2495, 58, 9, NULL, 5),
(2496, 58, 9, NULL, 4),
(2497, 58, 9, NULL, 2),
(2498, 58, 9, NULL, 1),
(2499, 58, 9, NULL, 2),
(2500, 58, 9, NULL, 5),
(2501, 59, 6, NULL, 3),
(2502, 59, 6, NULL, 3),
(2503, 59, 6, NULL, 3),
(2504, 59, 6, NULL, 5),
(2505, 59, 6, NULL, 4),
(2506, 59, 6, NULL, 3),
(2507, 59, 6, NULL, 2),
(2508, 59, 6, NULL, 3),
(2509, 59, 6, NULL, 5),
(2510, 59, 6, NULL, 2),
(2511, 59, 6, NULL, 4),
(2512, 59, 6, NULL, 3),
(2513, 59, 6, NULL, 3),
(2514, 59, 6, NULL, 2),
(2515, 59, 6, NULL, 4),
(2516, 59, 6, NULL, 4),
(2517, 59, 6, NULL, 3),
(2518, 59, 6, NULL, 3),
(2519, 59, 6, NULL, 3),
(2520, 59, 6, NULL, 5),
(2521, 59, 6, NULL, 1),
(2522, 59, 6, NULL, 1),
(2523, 59, 6, NULL, 2),
(2524, 59, 6, NULL, 2),
(2525, 59, 6, NULL, 2),
(2526, 59, 6, NULL, 3),
(2527, 59, 6, NULL, 4),
(2528, 59, 6, NULL, 1),
(2529, 59, 6, NULL, 4),
(2530, 59, 6, NULL, 2),
(2531, 59, 6, NULL, 3),
(2532, 59, 6, NULL, 1),
(2533, 59, 6, NULL, 4),
(2534, 59, 6, NULL, 4),
(2535, 59, 6, NULL, 2),
(2536, 59, 6, NULL, 5),
(2537, 59, 6, NULL, 3),
(2538, 59, 6, NULL, 3),
(2539, 59, 6, NULL, 5),
(2540, 59, 6, NULL, 1),
(2541, 60, 5, NULL, 5),
(2542, 60, 5, NULL, 2),
(2543, 60, 5, NULL, 3),
(2544, 60, 5, NULL, 1),
(2545, 60, 5, NULL, 4),
(2546, 60, 5, NULL, 1),
(2547, 60, 5, NULL, 3),
(2548, 60, 5, NULL, 5),
(2549, 60, 5, NULL, 3),
(2550, 60, 5, NULL, 4),
(2551, 60, 5, NULL, 4),
(2552, 60, 5, NULL, 1),
(2553, 60, 5, NULL, 4),
(2554, 60, 5, NULL, 5),
(2555, 60, 5, NULL, 1),
(2556, 60, 5, NULL, 2),
(2557, 60, 5, NULL, 2),
(2558, 60, 5, NULL, 2),
(2559, 60, 5, NULL, 5),
(2560, 60, 5, NULL, 5),
(2561, 60, 5, NULL, 5),
(2562, 60, 5, NULL, 2),
(2563, 60, 5, NULL, 1),
(2564, 60, 5, NULL, 5),
(2565, 60, 5, NULL, 2),
(2566, 60, 5, NULL, 3),
(2567, 60, 5, NULL, 3),
(2568, 60, 5, NULL, 2),
(2569, 60, 5, NULL, 2),
(2570, 60, 5, NULL, 4),
(2571, 60, 5, NULL, 5),
(2572, 60, 5, NULL, 3),
(2573, 60, 5, NULL, 3),
(2574, 60, 5, NULL, 1),
(2575, 60, 5, NULL, 3),
(2576, 60, 5, NULL, 1),
(2577, 60, 5, NULL, 4),
(2578, 60, 5, NULL, 4),
(2579, 60, 5, NULL, 4),
(2580, 60, 5, NULL, 2),
(2581, 61, 10, NULL, 2),
(2582, 61, 10, NULL, 2),
(2583, 61, 10, NULL, 2),
(2584, 61, 10, NULL, 1),
(2585, 61, 10, NULL, 5),
(2586, 61, 10, NULL, 3),
(2587, 61, 10, NULL, 1),
(2588, 61, 10, NULL, 5),
(2589, 61, 10, NULL, 1),
(2590, 61, 10, NULL, 4),
(2591, 61, 10, NULL, 4),
(2592, 61, 10, NULL, 5),
(2593, 61, 10, NULL, 3),
(2594, 61, 10, NULL, 4),
(2595, 61, 10, NULL, 5),
(2596, 61, 10, NULL, 1),
(2597, 61, 10, NULL, 5),
(2598, 61, 10, NULL, 1),
(2599, 61, 10, NULL, 4),
(2600, 61, 10, NULL, 3),
(2601, 61, 10, NULL, 3),
(2602, 61, 10, NULL, 2),
(2603, 61, 10, NULL, 1),
(2604, 61, 10, NULL, 5),
(2605, 61, 10, NULL, 4),
(2606, 61, 10, NULL, 4),
(2607, 61, 10, NULL, 3),
(2608, 61, 10, NULL, 3),
(2609, 61, 10, NULL, 4),
(2610, 61, 10, NULL, 4),
(2611, 61, 10, NULL, 2),
(2612, 61, 10, NULL, 2),
(2613, 61, 10, NULL, 1),
(2614, 61, 10, NULL, 3),
(2615, 61, 10, NULL, 4),
(2616, 61, 10, NULL, 2),
(2617, 61, 10, NULL, 1),
(2618, 61, 10, NULL, 5),
(2619, 61, 10, NULL, 5),
(2620, 61, 10, NULL, 5),
(2621, 62, 4, NULL, 4),
(2622, 62, 4, NULL, 5),
(2623, 62, 4, NULL, 4),
(2624, 62, 4, NULL, 3),
(2625, 62, 4, NULL, 2),
(2626, 62, 4, NULL, 4),
(2627, 62, 4, NULL, 2),
(2628, 62, 4, NULL, 2),
(2629, 62, 4, NULL, 5),
(2630, 62, 4, NULL, 2),
(2631, 62, 4, NULL, 5),
(2632, 62, 4, NULL, 2),
(2633, 62, 4, NULL, 5),
(2634, 62, 4, NULL, 2),
(2635, 62, 4, NULL, 5),
(2636, 62, 4, NULL, 5),
(2637, 62, 4, NULL, 4),
(2638, 62, 4, NULL, 2),
(2639, 62, 4, NULL, 5),
(2640, 62, 4, NULL, 2),
(2641, 62, 4, NULL, 1),
(2642, 62, 4, NULL, 3),
(2643, 62, 4, NULL, 5),
(2644, 62, 4, NULL, 2),
(2645, 62, 4, NULL, 4),
(2646, 62, 4, NULL, 2),
(2647, 62, 4, NULL, 4),
(2648, 62, 4, NULL, 1),
(2649, 62, 4, NULL, 5),
(2650, 62, 4, NULL, 4),
(2651, 62, 4, NULL, 4),
(2652, 62, 4, NULL, 3),
(2653, 62, 4, NULL, 2),
(2654, 62, 4, NULL, 4),
(2655, 62, 4, NULL, 5),
(2656, 62, 4, NULL, 2),
(2657, 62, 4, NULL, 1),
(2658, 62, 4, NULL, 3),
(2659, 62, 4, NULL, 1),
(2660, 62, 4, NULL, 2),
(2661, 63, 8, NULL, 3),
(2662, 63, 8, NULL, 4),
(2663, 63, 8, NULL, 4),
(2664, 63, 8, NULL, 2),
(2665, 63, 8, NULL, 3),
(2666, 63, 8, NULL, 5),
(2667, 63, 8, NULL, 4),
(2668, 63, 8, NULL, 1),
(2669, 63, 8, NULL, 3),
(2670, 63, 8, NULL, 5),
(2671, 63, 8, NULL, 3),
(2672, 63, 8, NULL, 4),
(2673, 63, 8, NULL, 3),
(2674, 63, 8, NULL, 5),
(2675, 63, 8, NULL, 1),
(2676, 63, 8, NULL, 3),
(2677, 63, 8, NULL, 3),
(2678, 63, 8, NULL, 3),
(2679, 63, 8, NULL, 5),
(2680, 63, 8, NULL, 4),
(2681, 63, 8, NULL, 3),
(2682, 63, 8, NULL, 1),
(2683, 63, 8, NULL, 3),
(2684, 63, 8, NULL, 5),
(2685, 63, 8, NULL, 1),
(2686, 63, 8, NULL, 5),
(2687, 63, 8, NULL, 4),
(2688, 63, 8, NULL, 2),
(2689, 63, 8, NULL, 2),
(2690, 63, 8, NULL, 4),
(2691, 63, 8, NULL, 4),
(2692, 63, 8, NULL, 3),
(2693, 63, 8, NULL, 4),
(2694, 63, 8, NULL, 3),
(2695, 63, 8, NULL, 5),
(2696, 63, 8, NULL, 1),
(2697, 63, 8, NULL, 3),
(2698, 63, 8, NULL, 2),
(2699, 63, 8, NULL, 4),
(2700, 63, 8, NULL, 5),
(2701, 64, 7, NULL, 3),
(2702, 64, 7, NULL, 5),
(2703, 64, 7, NULL, 4),
(2704, 64, 7, NULL, 5),
(2705, 64, 7, NULL, 3),
(2706, 64, 7, NULL, 5),
(2707, 64, 7, NULL, 2),
(2708, 64, 7, NULL, 4),
(2709, 64, 7, NULL, 3),
(2710, 64, 7, NULL, 4),
(2711, 64, 7, NULL, 1),
(2712, 64, 7, NULL, 5),
(2713, 64, 7, NULL, 5),
(2714, 64, 7, NULL, 5),
(2715, 64, 7, NULL, 2),
(2716, 64, 7, NULL, 1),
(2717, 64, 7, NULL, 5),
(2718, 64, 7, NULL, 4),
(2719, 64, 7, NULL, 1),
(2720, 64, 7, NULL, 2),
(2721, 64, 7, NULL, 5),
(2722, 64, 7, NULL, 1),
(2723, 64, 7, NULL, 5),
(2724, 64, 7, NULL, 2),
(2725, 64, 7, NULL, 3),
(2726, 64, 7, NULL, 1),
(2727, 64, 7, NULL, 3),
(2728, 64, 7, NULL, 4),
(2729, 64, 7, NULL, 4),
(2730, 64, 7, NULL, 5),
(2731, 64, 7, NULL, 2),
(2732, 64, 7, NULL, 3),
(2733, 64, 7, NULL, 5),
(2734, 64, 7, NULL, 5),
(2735, 64, 7, NULL, 1),
(2736, 64, 7, NULL, 5),
(2737, 64, 7, NULL, 2),
(2738, 64, 7, NULL, 4),
(2739, 64, 7, NULL, 3),
(2740, 64, 7, NULL, 3),
(2741, 65, 8, NULL, 1),
(2742, 65, 8, NULL, 3),
(2743, 65, 8, NULL, 2),
(2744, 65, 8, NULL, 3),
(2745, 65, 8, NULL, 2),
(2746, 65, 8, NULL, 4),
(2747, 65, 8, NULL, 2),
(2748, 65, 8, NULL, 1),
(2749, 65, 8, NULL, 3),
(2750, 65, 8, NULL, 4),
(2751, 65, 8, NULL, 2),
(2752, 65, 8, NULL, 4),
(2753, 65, 8, NULL, 3),
(2754, 65, 8, NULL, 5),
(2755, 65, 8, NULL, 4),
(2756, 65, 8, NULL, 5),
(2757, 65, 8, NULL, 3),
(2758, 65, 8, NULL, 5),
(2759, 65, 8, NULL, 1),
(2760, 65, 8, NULL, 5),
(2761, 65, 8, NULL, 2),
(2762, 65, 8, NULL, 2),
(2763, 65, 8, NULL, 5),
(2764, 65, 8, NULL, 1),
(2765, 65, 8, NULL, 5),
(2766, 65, 8, NULL, 1),
(2767, 65, 8, NULL, 5),
(2768, 65, 8, NULL, 3),
(2769, 65, 8, NULL, 5),
(2770, 65, 8, NULL, 2),
(2771, 65, 8, NULL, 1),
(2772, 65, 8, NULL, 2),
(2773, 65, 8, NULL, 2),
(2774, 65, 8, NULL, 3),
(2775, 65, 8, NULL, 1),
(2776, 65, 8, NULL, 3),
(2777, 65, 8, NULL, 2),
(2778, 65, 8, NULL, 4),
(2779, 65, 8, NULL, 4),
(2780, 65, 8, NULL, 3),
(2781, 66, 10, NULL, 3),
(2782, 66, 10, NULL, 5),
(2783, 66, 10, NULL, 4),
(2784, 66, 10, NULL, 5),
(2785, 66, 10, NULL, 1),
(2786, 66, 10, NULL, 2),
(2787, 66, 10, NULL, 2),
(2788, 66, 10, NULL, 5),
(2789, 66, 10, NULL, 3),
(2790, 66, 10, NULL, 5),
(2791, 66, 10, NULL, 5),
(2792, 66, 10, NULL, 5),
(2793, 66, 10, NULL, 3),
(2794, 66, 10, NULL, 5),
(2795, 66, 10, NULL, 3),
(2796, 66, 10, NULL, 3),
(2797, 66, 10, NULL, 2),
(2798, 66, 10, NULL, 2),
(2799, 66, 10, NULL, 5),
(2800, 66, 10, NULL, 3),
(2801, 66, 10, NULL, 5),
(2802, 66, 10, NULL, 4),
(2803, 66, 10, NULL, 2),
(2804, 66, 10, NULL, 3),
(2805, 66, 10, NULL, 3),
(2806, 66, 10, NULL, 4),
(2807, 66, 10, NULL, 4),
(2808, 66, 10, NULL, 2),
(2809, 66, 10, NULL, 3),
(2810, 66, 10, NULL, 2),
(2811, 66, 10, NULL, 1),
(2812, 66, 10, NULL, 1),
(2813, 66, 10, NULL, 5),
(2814, 66, 10, NULL, 1),
(2815, 66, 10, NULL, 4),
(2816, 66, 10, NULL, 1),
(2817, 66, 10, NULL, 3),
(2818, 66, 10, NULL, 5),
(2819, 66, 10, NULL, 2),
(2820, 66, 10, NULL, 1),
(2821, 67, 10, NULL, 2),
(2822, 67, 10, NULL, 2),
(2823, 67, 10, NULL, 2),
(2824, 67, 10, NULL, 3),
(2825, 67, 10, NULL, 3),
(2826, 67, 10, NULL, 1),
(2827, 67, 10, NULL, 5),
(2828, 67, 10, NULL, 4),
(2829, 67, 10, NULL, 4),
(2830, 67, 10, NULL, 2),
(2831, 67, 10, NULL, 1),
(2832, 67, 10, NULL, 4),
(2833, 67, 10, NULL, 2),
(2834, 67, 10, NULL, 1),
(2835, 67, 10, NULL, 2),
(2836, 67, 10, NULL, 2),
(2837, 67, 10, NULL, 3),
(2838, 67, 10, NULL, 4),
(2839, 67, 10, NULL, 4),
(2840, 67, 10, NULL, 5),
(2841, 67, 10, NULL, 5),
(2842, 67, 10, NULL, 2),
(2843, 67, 10, NULL, 1),
(2844, 67, 10, NULL, 4),
(2845, 67, 10, NULL, 4),
(2846, 67, 10, NULL, 2),
(2847, 67, 10, NULL, 4),
(2848, 67, 10, NULL, 2),
(2849, 67, 10, NULL, 4),
(2850, 67, 10, NULL, 1),
(2851, 67, 10, NULL, 4),
(2852, 67, 10, NULL, 5),
(2853, 67, 10, NULL, 1),
(2854, 67, 10, NULL, 5),
(2855, 67, 10, NULL, 4),
(2856, 67, 10, NULL, 2),
(2857, 67, 10, NULL, 2),
(2858, 67, 10, NULL, 3),
(2859, 67, 10, NULL, 1),
(2860, 67, 10, NULL, 5),
(2861, 68, 9, NULL, 4),
(2862, 68, 9, NULL, 5),
(2863, 68, 9, NULL, 1),
(2864, 68, 9, NULL, 2),
(2865, 68, 9, NULL, 2),
(2866, 68, 9, NULL, 2),
(2867, 68, 9, NULL, 2),
(2868, 68, 9, NULL, 5),
(2869, 68, 9, NULL, 4),
(2870, 68, 9, NULL, 1),
(2871, 68, 9, NULL, 2),
(2872, 68, 9, NULL, 3),
(2873, 68, 9, NULL, 5),
(2874, 68, 9, NULL, 4),
(2875, 68, 9, NULL, 2),
(2876, 68, 9, NULL, 4),
(2877, 68, 9, NULL, 4),
(2878, 68, 9, NULL, 1),
(2879, 68, 9, NULL, 2),
(2880, 68, 9, NULL, 1),
(2881, 68, 9, NULL, 5),
(2882, 68, 9, NULL, 5),
(2883, 68, 9, NULL, 1),
(2884, 68, 9, NULL, 2),
(2885, 68, 9, NULL, 4),
(2886, 68, 9, NULL, 1),
(2887, 68, 9, NULL, 2),
(2888, 68, 9, NULL, 5),
(2889, 68, 9, NULL, 3),
(2890, 68, 9, NULL, 2),
(2891, 68, 9, NULL, 5),
(2892, 68, 9, NULL, 4),
(2893, 68, 9, NULL, 1),
(2894, 68, 9, NULL, 4),
(2895, 68, 9, NULL, 1),
(2896, 68, 9, NULL, 2),
(2897, 68, 9, NULL, 2),
(2898, 68, 9, NULL, 4),
(2899, 68, 9, NULL, 4),
(2900, 68, 9, NULL, 3),
(2901, 69, 9, NULL, 4),
(2902, 69, 9, NULL, 5),
(2903, 69, 9, NULL, 1),
(2904, 69, 9, NULL, 5),
(2905, 69, 9, NULL, 4),
(2906, 69, 9, NULL, 5),
(2907, 69, 9, NULL, 1),
(2908, 69, 9, NULL, 4),
(2909, 69, 9, NULL, 3),
(2910, 69, 9, NULL, 1),
(2911, 69, 9, NULL, 2),
(2912, 69, 9, NULL, 1),
(2913, 69, 9, NULL, 4),
(2914, 69, 9, NULL, 4),
(2915, 69, 9, NULL, 5),
(2916, 69, 9, NULL, 3),
(2917, 69, 9, NULL, 5),
(2918, 69, 9, NULL, 2),
(2919, 69, 9, NULL, 5),
(2920, 69, 9, NULL, 1),
(2921, 69, 9, NULL, 2),
(2922, 69, 9, NULL, 3),
(2923, 69, 9, NULL, 2),
(2924, 69, 9, NULL, 4),
(2925, 69, 9, NULL, 1),
(2926, 69, 9, NULL, 4),
(2927, 69, 9, NULL, 5),
(2928, 69, 9, NULL, 1),
(2929, 69, 9, NULL, 2),
(2930, 69, 9, NULL, 4),
(2931, 69, 9, NULL, 2),
(2932, 69, 9, NULL, 3),
(2933, 69, 9, NULL, 5),
(2934, 69, 9, NULL, 2),
(2935, 69, 9, NULL, 3),
(2936, 69, 9, NULL, 2),
(2937, 69, 9, NULL, 3),
(2938, 69, 9, NULL, 5),
(2939, 69, 9, NULL, 4),
(2940, 69, 9, NULL, 1),
(2941, 70, 9, NULL, 3),
(2942, 70, 9, NULL, 4),
(2943, 70, 9, NULL, 1),
(2944, 70, 9, NULL, 3),
(2945, 70, 9, NULL, 3),
(2946, 70, 9, NULL, 3),
(2947, 70, 9, NULL, 3),
(2948, 70, 9, NULL, 1),
(2949, 70, 9, NULL, 3),
(2950, 70, 9, NULL, 4),
(2951, 70, 9, NULL, 1),
(2952, 70, 9, NULL, 4),
(2953, 70, 9, NULL, 2),
(2954, 70, 9, NULL, 3),
(2955, 70, 9, NULL, 4),
(2956, 70, 9, NULL, 2),
(2957, 70, 9, NULL, 2),
(2958, 70, 9, NULL, 3),
(2959, 70, 9, NULL, 4),
(2960, 70, 9, NULL, 1),
(2961, 70, 9, NULL, 5),
(2962, 70, 9, NULL, 4),
(2963, 70, 9, NULL, 3),
(2964, 70, 9, NULL, 5),
(2965, 70, 9, NULL, 3),
(2966, 70, 9, NULL, 1),
(2967, 70, 9, NULL, 2),
(2968, 70, 9, NULL, 1),
(2969, 70, 9, NULL, 5),
(2970, 70, 9, NULL, 5),
(2971, 70, 9, NULL, 1),
(2972, 70, 9, NULL, 3),
(2973, 70, 9, NULL, 4),
(2974, 70, 9, NULL, 5),
(2975, 70, 9, NULL, 1),
(2976, 70, 9, NULL, 5),
(2977, 70, 9, NULL, 3),
(2978, 70, 9, NULL, 5),
(2979, 70, 9, NULL, 5),
(2980, 70, 9, NULL, 2),
(2981, 71, 3, NULL, 2),
(2982, 71, 3, NULL, 2),
(2983, 71, 3, NULL, 3),
(2984, 71, 3, NULL, 3),
(2985, 71, 3, NULL, 5),
(2986, 71, 3, NULL, 1),
(2987, 71, 3, NULL, 4),
(2988, 71, 3, NULL, 5),
(2989, 71, 3, NULL, 1),
(2990, 71, 3, NULL, 1),
(2991, 71, 3, NULL, 2),
(2992, 71, 3, NULL, 4),
(2993, 71, 3, NULL, 5),
(2994, 71, 3, NULL, 1),
(2995, 71, 3, NULL, 5),
(2996, 71, 3, NULL, 1),
(2997, 71, 3, NULL, 5),
(2998, 71, 3, NULL, 3),
(2999, 71, 3, NULL, 5),
(3000, 71, 3, NULL, 4),
(3001, 71, 3, NULL, 2),
(3002, 71, 3, NULL, 2),
(3003, 71, 3, NULL, 1),
(3004, 71, 3, NULL, 5),
(3005, 71, 3, NULL, 2),
(3006, 71, 3, NULL, 5),
(3007, 71, 3, NULL, 3),
(3008, 71, 3, NULL, 2),
(3009, 71, 3, NULL, 4),
(3010, 71, 3, NULL, 4),
(3011, 71, 3, NULL, 5),
(3012, 71, 3, NULL, 2),
(3013, 71, 3, NULL, 4),
(3014, 71, 3, NULL, 1),
(3015, 71, 3, NULL, 5),
(3016, 71, 3, NULL, 2),
(3017, 71, 3, NULL, 1),
(3018, 71, 3, NULL, 4),
(3019, 71, 3, NULL, 4),
(3020, 71, 3, NULL, 3),
(3021, 72, 10, NULL, 5),
(3022, 72, 10, NULL, 2),
(3023, 72, 10, NULL, 5),
(3024, 72, 10, NULL, 1),
(3025, 72, 10, NULL, 3),
(3026, 72, 10, NULL, 3),
(3027, 72, 10, NULL, 2),
(3028, 72, 10, NULL, 3),
(3029, 72, 10, NULL, 4),
(3030, 72, 10, NULL, 5),
(3031, 72, 10, NULL, 5),
(3032, 72, 10, NULL, 5),
(3033, 72, 10, NULL, 1),
(3034, 72, 10, NULL, 4),
(3035, 72, 10, NULL, 2),
(3036, 72, 10, NULL, 4),
(3037, 72, 10, NULL, 4),
(3038, 72, 10, NULL, 2),
(3039, 72, 10, NULL, 2),
(3040, 72, 10, NULL, 4),
(3041, 72, 10, NULL, 2),
(3042, 72, 10, NULL, 3),
(3043, 72, 10, NULL, 1),
(3044, 72, 10, NULL, 5),
(3045, 72, 10, NULL, 3),
(3046, 72, 10, NULL, 5),
(3047, 72, 10, NULL, 1),
(3048, 72, 10, NULL, 4),
(3049, 72, 10, NULL, 1),
(3050, 72, 10, NULL, 1),
(3051, 72, 10, NULL, 3),
(3052, 72, 10, NULL, 2),
(3053, 72, 10, NULL, 5),
(3054, 72, 10, NULL, 3),
(3055, 72, 10, NULL, 3),
(3056, 72, 10, NULL, 2),
(3057, 72, 10, NULL, 1),
(3058, 72, 10, NULL, 4),
(3059, 72, 10, NULL, 4),
(3060, 72, 10, NULL, 3),
(3061, 73, 4, NULL, 1),
(3062, 73, 4, NULL, 2),
(3063, 73, 4, NULL, 3),
(3064, 73, 4, NULL, 4),
(3065, 73, 4, NULL, 2),
(3066, 73, 4, NULL, 3),
(3067, 73, 4, NULL, 5),
(3068, 73, 4, NULL, 3),
(3069, 73, 4, NULL, 2),
(3070, 73, 4, NULL, 4),
(3071, 73, 4, NULL, 3),
(3072, 73, 4, NULL, 1),
(3073, 73, 4, NULL, 3),
(3074, 73, 4, NULL, 5),
(3075, 73, 4, NULL, 4),
(3076, 73, 4, NULL, 1),
(3077, 73, 4, NULL, 2),
(3078, 73, 4, NULL, 5),
(3079, 73, 4, NULL, 2),
(3080, 73, 4, NULL, 4),
(3081, 73, 4, NULL, 5),
(3082, 73, 4, NULL, 3),
(3083, 73, 4, NULL, 1),
(3084, 73, 4, NULL, 1),
(3085, 73, 4, NULL, 5),
(3086, 73, 4, NULL, 2),
(3087, 73, 4, NULL, 5),
(3088, 73, 4, NULL, 2),
(3089, 73, 4, NULL, 3),
(3090, 73, 4, NULL, 4),
(3091, 73, 4, NULL, 2),
(3092, 73, 4, NULL, 4),
(3093, 73, 4, NULL, 3),
(3094, 73, 4, NULL, 4),
(3095, 73, 4, NULL, 1),
(3096, 73, 4, NULL, 1),
(3097, 73, 4, NULL, 5),
(3098, 73, 4, NULL, 4),
(3099, 73, 4, NULL, 5),
(3100, 73, 4, NULL, 5),
(3101, 74, 2, NULL, 5),
(3102, 74, 2, NULL, 1),
(3103, 74, 2, NULL, 5),
(3104, 74, 2, NULL, 1),
(3105, 74, 2, NULL, 4),
(3106, 74, 2, NULL, 2),
(3107, 74, 2, NULL, 1),
(3108, 74, 2, NULL, 3),
(3109, 74, 2, NULL, 4),
(3110, 74, 2, NULL, 4),
(3111, 74, 2, NULL, 2),
(3112, 74, 2, NULL, 2),
(3113, 74, 2, NULL, 4),
(3114, 74, 2, NULL, 3),
(3115, 74, 2, NULL, 4),
(3116, 74, 2, NULL, 5),
(3117, 74, 2, NULL, 3),
(3118, 74, 2, NULL, 4),
(3119, 74, 2, NULL, 4),
(3120, 74, 2, NULL, 3),
(3121, 74, 2, NULL, 2),
(3122, 74, 2, NULL, 4),
(3123, 74, 2, NULL, 4),
(3124, 74, 2, NULL, 4),
(3125, 74, 2, NULL, 4),
(3126, 74, 2, NULL, 1),
(3127, 74, 2, NULL, 5),
(3128, 74, 2, NULL, 5),
(3129, 74, 2, NULL, 3),
(3130, 74, 2, NULL, 2),
(3131, 74, 2, NULL, 1),
(3132, 74, 2, NULL, 3),
(3133, 74, 2, NULL, 5),
(3134, 74, 2, NULL, 2),
(3135, 74, 2, NULL, 2),
(3136, 74, 2, NULL, 4),
(3137, 74, 2, NULL, 3),
(3138, 74, 2, NULL, 1),
(3139, 74, 2, NULL, 1),
(3140, 74, 2, NULL, 1),
(3141, 75, 2, NULL, 1),
(3142, 75, 2, NULL, 2),
(3143, 75, 2, NULL, 5),
(3144, 75, 2, NULL, 4),
(3145, 75, 2, NULL, 5),
(3146, 75, 2, NULL, 2),
(3147, 75, 2, NULL, 3),
(3148, 75, 2, NULL, 2),
(3149, 75, 2, NULL, 4),
(3150, 75, 2, NULL, 3),
(3151, 75, 2, NULL, 4),
(3152, 75, 2, NULL, 4),
(3153, 75, 2, NULL, 3),
(3154, 75, 2, NULL, 1),
(3155, 75, 2, NULL, 5),
(3156, 75, 2, NULL, 4),
(3157, 75, 2, NULL, 5),
(3158, 75, 2, NULL, 4),
(3159, 75, 2, NULL, 1),
(3160, 75, 2, NULL, 1),
(3161, 75, 2, NULL, 2),
(3162, 75, 2, NULL, 3),
(3163, 75, 2, NULL, 2),
(3164, 75, 2, NULL, 2),
(3165, 75, 2, NULL, 5),
(3166, 75, 2, NULL, 2),
(3167, 75, 2, NULL, 2),
(3168, 75, 2, NULL, 1),
(3169, 75, 2, NULL, 3),
(3170, 75, 2, NULL, 1),
(3171, 75, 2, NULL, 1),
(3172, 75, 2, NULL, 1),
(3173, 75, 2, NULL, 4),
(3174, 75, 2, NULL, 2),
(3175, 75, 2, NULL, 1),
(3176, 75, 2, NULL, 5),
(3177, 75, 2, NULL, 4),
(3178, 75, 2, NULL, 3),
(3179, 75, 2, NULL, 4),
(3180, 75, 2, NULL, 3),
(3181, 76, 7, NULL, 3),
(3182, 76, 7, NULL, 1),
(3183, 76, 7, NULL, 2),
(3184, 76, 7, NULL, 3),
(3185, 76, 7, NULL, 4),
(3186, 76, 7, NULL, 1),
(3187, 76, 7, NULL, 1),
(3188, 76, 7, NULL, 4),
(3189, 76, 7, NULL, 5),
(3190, 76, 7, NULL, 3),
(3191, 76, 7, NULL, 5),
(3192, 76, 7, NULL, 2),
(3193, 76, 7, NULL, 4),
(3194, 76, 7, NULL, 4),
(3195, 76, 7, NULL, 2),
(3196, 76, 7, NULL, 5),
(3197, 76, 7, NULL, 4),
(3198, 76, 7, NULL, 2),
(3199, 76, 7, NULL, 1),
(3200, 76, 7, NULL, 4),
(3201, 76, 7, NULL, 2),
(3202, 76, 7, NULL, 4),
(3203, 76, 7, NULL, 4),
(3204, 76, 7, NULL, 5),
(3205, 76, 7, NULL, 3),
(3206, 76, 7, NULL, 5),
(3207, 76, 7, NULL, 3),
(3208, 76, 7, NULL, 2),
(3209, 76, 7, NULL, 4),
(3210, 76, 7, NULL, 1),
(3211, 76, 7, NULL, 5),
(3212, 76, 7, NULL, 5),
(3213, 76, 7, NULL, 4),
(3214, 76, 7, NULL, 2),
(3215, 76, 7, NULL, 4),
(3216, 76, 7, NULL, 1),
(3217, 76, 7, NULL, 1),
(3218, 76, 7, NULL, 2),
(3219, 76, 7, NULL, 4),
(3220, 76, 7, NULL, 1),
(3221, 77, 9, NULL, 4),
(3222, 77, 9, NULL, 3),
(3223, 77, 9, NULL, 2),
(3224, 77, 9, NULL, 4),
(3225, 77, 9, NULL, 1),
(3226, 77, 9, NULL, 1),
(3227, 77, 9, NULL, 4),
(3228, 77, 9, NULL, 1),
(3229, 77, 9, NULL, 3),
(3230, 77, 9, NULL, 3),
(3231, 77, 9, NULL, 2),
(3232, 77, 9, NULL, 3),
(3233, 77, 9, NULL, 3),
(3234, 77, 9, NULL, 5),
(3235, 77, 9, NULL, 5),
(3236, 77, 9, NULL, 1),
(3237, 77, 9, NULL, 3),
(3238, 77, 9, NULL, 5),
(3239, 77, 9, NULL, 2),
(3240, 77, 9, NULL, 3),
(3241, 77, 9, NULL, 1),
(3242, 77, 9, NULL, 3),
(3243, 77, 9, NULL, 1),
(3244, 77, 9, NULL, 1),
(3245, 77, 9, NULL, 4),
(3246, 77, 9, NULL, 2),
(3247, 77, 9, NULL, 4),
(3248, 77, 9, NULL, 5),
(3249, 77, 9, NULL, 2),
(3250, 77, 9, NULL, 2),
(3251, 77, 9, NULL, 3),
(3252, 77, 9, NULL, 1),
(3253, 77, 9, NULL, 3),
(3254, 77, 9, NULL, 2),
(3255, 77, 9, NULL, 3),
(3256, 77, 9, NULL, 1),
(3257, 77, 9, NULL, 3),
(3258, 77, 9, NULL, 4),
(3259, 77, 9, NULL, 1),
(3260, 77, 9, NULL, 4),
(3261, 78, 8, NULL, 1),
(3262, 78, 8, NULL, 5),
(3263, 78, 8, NULL, 4),
(3264, 78, 8, NULL, 2),
(3265, 78, 8, NULL, 2),
(3266, 78, 8, NULL, 5),
(3267, 78, 8, NULL, 1),
(3268, 78, 8, NULL, 4),
(3269, 78, 8, NULL, 1),
(3270, 78, 8, NULL, 2),
(3271, 78, 8, NULL, 4),
(3272, 78, 8, NULL, 3),
(3273, 78, 8, NULL, 5),
(3274, 78, 8, NULL, 3),
(3275, 78, 8, NULL, 5),
(3276, 78, 8, NULL, 2),
(3277, 78, 8, NULL, 3),
(3278, 78, 8, NULL, 3),
(3279, 78, 8, NULL, 5),
(3280, 78, 8, NULL, 1),
(3281, 78, 8, NULL, 3),
(3282, 78, 8, NULL, 1),
(3283, 78, 8, NULL, 4),
(3284, 78, 8, NULL, 1),
(3285, 78, 8, NULL, 3),
(3286, 78, 8, NULL, 2),
(3287, 78, 8, NULL, 4),
(3288, 78, 8, NULL, 1),
(3289, 78, 8, NULL, 3),
(3290, 78, 8, NULL, 3),
(3291, 78, 8, NULL, 2),
(3292, 78, 8, NULL, 3),
(3293, 78, 8, NULL, 5),
(3294, 78, 8, NULL, 3),
(3295, 78, 8, NULL, 5),
(3296, 78, 8, NULL, 3),
(3297, 78, 8, NULL, 2),
(3298, 78, 8, NULL, 5),
(3299, 78, 8, NULL, 2),
(3300, 78, 8, NULL, 2),
(3301, 79, 4, NULL, 5),
(3302, 79, 4, NULL, 4),
(3303, 79, 4, NULL, 1),
(3304, 79, 4, NULL, 3),
(3305, 79, 4, NULL, 1),
(3306, 79, 4, NULL, 4),
(3307, 79, 4, NULL, 1),
(3308, 79, 4, NULL, 2),
(3309, 79, 4, NULL, 2),
(3310, 79, 4, NULL, 5),
(3311, 79, 4, NULL, 5),
(3312, 79, 4, NULL, 5),
(3313, 79, 4, NULL, 4),
(3314, 79, 4, NULL, 1),
(3315, 79, 4, NULL, 5),
(3316, 79, 4, NULL, 1),
(3317, 79, 4, NULL, 1),
(3318, 79, 4, NULL, 1),
(3319, 79, 4, NULL, 4),
(3320, 79, 4, NULL, 4),
(3321, 79, 4, NULL, 1),
(3322, 79, 4, NULL, 3),
(3323, 79, 4, NULL, 5),
(3324, 79, 4, NULL, 1),
(3325, 79, 4, NULL, 3),
(3326, 79, 4, NULL, 2),
(3327, 79, 4, NULL, 1),
(3328, 79, 4, NULL, 4),
(3329, 79, 4, NULL, 1),
(3330, 79, 4, NULL, 5),
(3331, 79, 4, NULL, 1),
(3332, 79, 4, NULL, 2),
(3333, 79, 4, NULL, 2),
(3334, 79, 4, NULL, 4),
(3335, 79, 4, NULL, 4),
(3336, 79, 4, NULL, 2),
(3337, 79, 4, NULL, 5),
(3338, 79, 4, NULL, 1),
(3339, 79, 4, NULL, 4),
(3340, 79, 4, NULL, 3),
(3341, 80, 10, NULL, 2),
(3342, 80, 10, NULL, 1),
(3343, 80, 10, NULL, 5),
(3344, 80, 10, NULL, 4),
(3345, 80, 10, NULL, 2),
(3346, 80, 10, NULL, 1),
(3347, 80, 10, NULL, 4),
(3348, 80, 10, NULL, 5),
(3349, 80, 10, NULL, 2),
(3350, 80, 10, NULL, 4),
(3351, 80, 10, NULL, 3),
(3352, 80, 10, NULL, 4),
(3353, 80, 10, NULL, 2),
(3354, 80, 10, NULL, 1),
(3355, 80, 10, NULL, 1),
(3356, 80, 10, NULL, 2),
(3357, 80, 10, NULL, 3),
(3358, 80, 10, NULL, 3),
(3359, 80, 10, NULL, 3),
(3360, 80, 10, NULL, 4),
(3361, 80, 10, NULL, 5),
(3362, 80, 10, NULL, 4),
(3363, 80, 10, NULL, 1),
(3364, 80, 10, NULL, 4),
(3365, 80, 10, NULL, 2),
(3366, 80, 10, NULL, 5),
(3367, 80, 10, NULL, 3),
(3368, 80, 10, NULL, 5),
(3369, 80, 10, NULL, 4),
(3370, 80, 10, NULL, 3),
(3371, 80, 10, NULL, 2),
(3372, 80, 10, NULL, 2),
(3373, 80, 10, NULL, 1),
(3374, 80, 10, NULL, 3),
(3375, 80, 10, NULL, 2),
(3376, 80, 10, NULL, 1),
(3377, 80, 10, NULL, 4),
(3378, 80, 10, NULL, 1),
(3379, 80, 10, NULL, 5),
(3380, 80, 10, NULL, 3),
(3381, 81, 6, NULL, 3),
(3382, 81, 6, NULL, 1),
(3383, 81, 6, NULL, 1),
(3384, 81, 6, NULL, 5),
(3385, 81, 6, NULL, 5),
(3386, 81, 6, NULL, 2),
(3387, 81, 6, NULL, 2),
(3388, 81, 6, NULL, 1),
(3389, 81, 6, NULL, 4),
(3390, 81, 6, NULL, 2),
(3391, 81, 6, NULL, 3),
(3392, 81, 6, NULL, 2),
(3393, 81, 6, NULL, 1),
(3394, 81, 6, NULL, 5),
(3395, 81, 6, NULL, 4),
(3396, 81, 6, NULL, 4),
(3397, 81, 6, NULL, 2),
(3398, 81, 6, NULL, 3),
(3399, 81, 6, NULL, 4),
(3400, 81, 6, NULL, 1),
(3401, 81, 6, NULL, 1),
(3402, 81, 6, NULL, 2),
(3403, 81, 6, NULL, 3),
(3404, 81, 6, NULL, 2),
(3405, 81, 6, NULL, 2),
(3406, 81, 6, NULL, 1),
(3407, 81, 6, NULL, 2),
(3408, 81, 6, NULL, 4),
(3409, 81, 6, NULL, 2),
(3410, 81, 6, NULL, 2),
(3411, 81, 6, NULL, 3),
(3412, 81, 6, NULL, 4),
(3413, 81, 6, NULL, 3),
(3414, 81, 6, NULL, 1),
(3415, 81, 6, NULL, 4),
(3416, 81, 6, NULL, 4),
(3417, 81, 6, NULL, 3),
(3418, 81, 6, NULL, 4),
(3419, 81, 6, NULL, 4),
(3420, 81, 6, NULL, 2),
(3421, 82, 10, NULL, 5),
(3422, 82, 10, NULL, 1),
(3423, 82, 10, NULL, 5),
(3424, 82, 10, NULL, 1),
(3425, 82, 10, NULL, 2),
(3426, 82, 10, NULL, 5),
(3427, 82, 10, NULL, 5),
(3428, 82, 10, NULL, 5),
(3429, 82, 10, NULL, 3),
(3430, 82, 10, NULL, 2),
(3431, 82, 10, NULL, 5),
(3432, 82, 10, NULL, 2),
(3433, 82, 10, NULL, 1),
(3434, 82, 10, NULL, 4),
(3435, 82, 10, NULL, 4),
(3436, 82, 10, NULL, 2),
(3437, 82, 10, NULL, 1),
(3438, 82, 10, NULL, 4),
(3439, 82, 10, NULL, 4),
(3440, 82, 10, NULL, 1),
(3441, 82, 10, NULL, 2),
(3442, 82, 10, NULL, 4),
(3443, 82, 10, NULL, 4),
(3444, 82, 10, NULL, 3),
(3445, 82, 10, NULL, 1),
(3446, 82, 10, NULL, 1),
(3447, 82, 10, NULL, 5),
(3448, 82, 10, NULL, 5),
(3449, 82, 10, NULL, 3),
(3450, 82, 10, NULL, 5),
(3451, 82, 10, NULL, 3),
(3452, 82, 10, NULL, 4),
(3453, 82, 10, NULL, 4),
(3454, 82, 10, NULL, 5),
(3455, 82, 10, NULL, 3),
(3456, 82, 10, NULL, 4),
(3457, 82, 10, NULL, 4),
(3458, 82, 10, NULL, 4),
(3459, 82, 10, NULL, 5),
(3460, 82, 10, NULL, 1),
(3461, 83, 4, NULL, 4),
(3462, 83, 4, NULL, 3),
(3463, 83, 4, NULL, 1),
(3464, 83, 4, NULL, 3),
(3465, 83, 4, NULL, 3),
(3466, 83, 4, NULL, 1),
(3467, 83, 4, NULL, 4),
(3468, 83, 4, NULL, 1),
(3469, 83, 4, NULL, 5),
(3470, 83, 4, NULL, 2),
(3471, 83, 4, NULL, 2),
(3472, 83, 4, NULL, 2),
(3473, 83, 4, NULL, 5),
(3474, 83, 4, NULL, 3),
(3475, 83, 4, NULL, 3),
(3476, 83, 4, NULL, 4),
(3477, 83, 4, NULL, 5),
(3478, 83, 4, NULL, 5),
(3479, 83, 4, NULL, 1),
(3480, 83, 4, NULL, 1),
(3481, 83, 4, NULL, 1),
(3482, 83, 4, NULL, 5),
(3483, 83, 4, NULL, 3),
(3484, 83, 4, NULL, 2),
(3485, 83, 4, NULL, 4),
(3486, 83, 4, NULL, 5),
(3487, 83, 4, NULL, 1),
(3488, 83, 4, NULL, 3),
(3489, 83, 4, NULL, 3),
(3490, 83, 4, NULL, 2),
(3491, 83, 4, NULL, 5),
(3492, 83, 4, NULL, 1),
(3493, 83, 4, NULL, 4),
(3494, 83, 4, NULL, 1),
(3495, 83, 4, NULL, 5),
(3496, 83, 4, NULL, 4),
(3497, 83, 4, NULL, 2),
(3498, 83, 4, NULL, 4),
(3499, 83, 4, NULL, 2),
(3500, 83, 4, NULL, 5),
(3501, 84, 4, NULL, 3),
(3502, 84, 4, NULL, 5),
(3503, 84, 4, NULL, 4),
(3504, 84, 4, NULL, 2),
(3505, 84, 4, NULL, 1),
(3506, 84, 4, NULL, 4),
(3507, 84, 4, NULL, 2),
(3508, 84, 4, NULL, 2),
(3509, 84, 4, NULL, 4),
(3510, 84, 4, NULL, 2),
(3511, 84, 4, NULL, 1),
(3512, 84, 4, NULL, 5),
(3513, 84, 4, NULL, 3),
(3514, 84, 4, NULL, 5),
(3515, 84, 4, NULL, 1),
(3516, 84, 4, NULL, 3),
(3517, 84, 4, NULL, 3),
(3518, 84, 4, NULL, 3),
(3519, 84, 4, NULL, 5),
(3520, 84, 4, NULL, 1),
(3521, 84, 4, NULL, 5),
(3522, 84, 4, NULL, 4),
(3523, 84, 4, NULL, 1),
(3524, 84, 4, NULL, 5),
(3525, 84, 4, NULL, 1),
(3526, 84, 4, NULL, 4),
(3527, 84, 4, NULL, 1),
(3528, 84, 4, NULL, 1),
(3529, 84, 4, NULL, 2),
(3530, 84, 4, NULL, 1),
(3531, 84, 4, NULL, 2),
(3532, 84, 4, NULL, 4),
(3533, 84, 4, NULL, 5),
(3534, 84, 4, NULL, 4),
(3535, 84, 4, NULL, 4),
(3536, 84, 4, NULL, 1),
(3537, 84, 4, NULL, 1),
(3538, 84, 4, NULL, 5),
(3539, 84, 4, NULL, 4),
(3540, 84, 4, NULL, 1),
(3541, 85, 3, NULL, 5),
(3542, 85, 3, NULL, 3),
(3543, 85, 3, NULL, 3),
(3544, 85, 3, NULL, 5),
(3545, 85, 3, NULL, 1),
(3546, 85, 3, NULL, 5),
(3547, 85, 3, NULL, 4),
(3548, 85, 3, NULL, 1),
(3549, 85, 3, NULL, 5),
(3550, 85, 3, NULL, 1),
(3551, 85, 3, NULL, 5),
(3552, 85, 3, NULL, 5),
(3553, 85, 3, NULL, 2),
(3554, 85, 3, NULL, 1),
(3555, 85, 3, NULL, 1),
(3556, 85, 3, NULL, 1),
(3557, 85, 3, NULL, 2),
(3558, 85, 3, NULL, 1),
(3559, 85, 3, NULL, 5),
(3560, 85, 3, NULL, 5),
(3561, 85, 3, NULL, 3),
(3562, 85, 3, NULL, 3),
(3563, 85, 3, NULL, 2),
(3564, 85, 3, NULL, 5),
(3565, 85, 3, NULL, 2),
(3566, 85, 3, NULL, 4),
(3567, 85, 3, NULL, 4),
(3568, 85, 3, NULL, 1),
(3569, 85, 3, NULL, 3),
(3570, 85, 3, NULL, 2),
(3571, 85, 3, NULL, 1),
(3572, 85, 3, NULL, 1),
(3573, 85, 3, NULL, 4),
(3574, 85, 3, NULL, 3),
(3575, 85, 3, NULL, 2),
(3576, 85, 3, NULL, 5),
(3577, 85, 3, NULL, 4),
(3578, 85, 3, NULL, 1),
(3579, 85, 3, NULL, 2),
(3580, 85, 3, NULL, 5),
(3581, 86, 4, NULL, 1),
(3582, 86, 4, NULL, 5),
(3583, 86, 4, NULL, 1),
(3584, 86, 4, NULL, 4),
(3585, 86, 4, NULL, 4),
(3586, 86, 4, NULL, 4),
(3587, 86, 4, NULL, 2),
(3588, 86, 4, NULL, 5),
(3589, 86, 4, NULL, 3),
(3590, 86, 4, NULL, 4),
(3591, 86, 4, NULL, 3),
(3592, 86, 4, NULL, 3),
(3593, 86, 4, NULL, 1),
(3594, 86, 4, NULL, 4),
(3595, 86, 4, NULL, 5),
(3596, 86, 4, NULL, 5),
(3597, 86, 4, NULL, 5),
(3598, 86, 4, NULL, 5),
(3599, 86, 4, NULL, 4),
(3600, 86, 4, NULL, 1),
(3601, 86, 4, NULL, 3),
(3602, 86, 4, NULL, 3),
(3603, 86, 4, NULL, 4),
(3604, 86, 4, NULL, 4),
(3605, 86, 4, NULL, 1),
(3606, 86, 4, NULL, 4),
(3607, 86, 4, NULL, 3),
(3608, 86, 4, NULL, 4),
(3609, 86, 4, NULL, 4),
(3610, 86, 4, NULL, 4),
(3611, 86, 4, NULL, 3),
(3612, 86, 4, NULL, 4),
(3613, 86, 4, NULL, 4),
(3614, 86, 4, NULL, 1),
(3615, 86, 4, NULL, 5),
(3616, 86, 4, NULL, 2),
(3617, 86, 4, NULL, 5),
(3618, 86, 4, NULL, 2),
(3619, 86, 4, NULL, 4),
(3620, 86, 4, NULL, 3),
(3621, 87, 5, NULL, 1),
(3622, 87, 5, NULL, 2),
(3623, 87, 5, NULL, 1),
(3624, 87, 5, NULL, 5),
(3625, 87, 5, NULL, 1),
(3626, 87, 5, NULL, 4),
(3627, 87, 5, NULL, 4),
(3628, 87, 5, NULL, 1),
(3629, 87, 5, NULL, 5),
(3630, 87, 5, NULL, 3),
(3631, 87, 5, NULL, 3),
(3632, 87, 5, NULL, 5),
(3633, 87, 5, NULL, 5),
(3634, 87, 5, NULL, 2),
(3635, 87, 5, NULL, 3),
(3636, 87, 5, NULL, 2),
(3637, 87, 5, NULL, 1),
(3638, 87, 5, NULL, 4),
(3639, 87, 5, NULL, 1),
(3640, 87, 5, NULL, 1),
(3641, 87, 5, NULL, 3),
(3642, 87, 5, NULL, 3),
(3643, 87, 5, NULL, 4),
(3644, 87, 5, NULL, 3),
(3645, 87, 5, NULL, 5),
(3646, 87, 5, NULL, 1),
(3647, 87, 5, NULL, 1),
(3648, 87, 5, NULL, 3),
(3649, 87, 5, NULL, 1),
(3650, 87, 5, NULL, 2),
(3651, 87, 5, NULL, 3),
(3652, 87, 5, NULL, 1),
(3653, 87, 5, NULL, 2),
(3654, 87, 5, NULL, 2),
(3655, 87, 5, NULL, 4),
(3656, 87, 5, NULL, 5),
(3657, 87, 5, NULL, 1),
(3658, 87, 5, NULL, 1),
(3659, 87, 5, NULL, 2),
(3660, 87, 5, NULL, 5),
(3661, 88, 8, NULL, 4),
(3662, 88, 8, NULL, 1),
(3663, 88, 8, NULL, 5),
(3664, 88, 8, NULL, 2),
(3665, 88, 8, NULL, 2),
(3666, 88, 8, NULL, 4),
(3667, 88, 8, NULL, 1),
(3668, 88, 8, NULL, 4),
(3669, 88, 8, NULL, 2),
(3670, 88, 8, NULL, 5),
(3671, 88, 8, NULL, 5),
(3672, 88, 8, NULL, 2),
(3673, 88, 8, NULL, 2),
(3674, 88, 8, NULL, 3),
(3675, 88, 8, NULL, 5),
(3676, 88, 8, NULL, 5),
(3677, 88, 8, NULL, 5),
(3678, 88, 8, NULL, 2),
(3679, 88, 8, NULL, 3),
(3680, 88, 8, NULL, 1),
(3681, 88, 8, NULL, 3),
(3682, 88, 8, NULL, 4),
(3683, 88, 8, NULL, 1),
(3684, 88, 8, NULL, 5),
(3685, 88, 8, NULL, 3),
(3686, 88, 8, NULL, 3),
(3687, 88, 8, NULL, 2),
(3688, 88, 8, NULL, 3),
(3689, 88, 8, NULL, 1),
(3690, 88, 8, NULL, 5),
(3691, 88, 8, NULL, 4),
(3692, 88, 8, NULL, 5),
(3693, 88, 8, NULL, 2),
(3694, 88, 8, NULL, 5),
(3695, 88, 8, NULL, 1),
(3696, 88, 8, NULL, 5),
(3697, 88, 8, NULL, 3),
(3698, 88, 8, NULL, 4),
(3699, 88, 8, NULL, 2),
(3700, 88, 8, NULL, 4),
(3701, 89, 10, NULL, 3),
(3702, 89, 10, NULL, 5),
(3703, 89, 10, NULL, 2),
(3704, 89, 10, NULL, 5),
(3705, 89, 10, NULL, 5),
(3706, 89, 10, NULL, 4),
(3707, 89, 10, NULL, 3),
(3708, 89, 10, NULL, 5),
(3709, 89, 10, NULL, 1),
(3710, 89, 10, NULL, 3),
(3711, 89, 10, NULL, 3),
(3712, 89, 10, NULL, 2),
(3713, 89, 10, NULL, 1),
(3714, 89, 10, NULL, 1),
(3715, 89, 10, NULL, 3),
(3716, 89, 10, NULL, 5),
(3717, 89, 10, NULL, 2),
(3718, 89, 10, NULL, 2),
(3719, 89, 10, NULL, 5),
(3720, 89, 10, NULL, 5),
(3721, 89, 10, NULL, 4),
(3722, 89, 10, NULL, 2),
(3723, 89, 10, NULL, 2),
(3724, 89, 10, NULL, 3),
(3725, 89, 10, NULL, 1),
(3726, 89, 10, NULL, 5),
(3727, 89, 10, NULL, 4),
(3728, 89, 10, NULL, 4),
(3729, 89, 10, NULL, 4),
(3730, 89, 10, NULL, 5),
(3731, 89, 10, NULL, 4),
(3732, 89, 10, NULL, 5),
(3733, 89, 10, NULL, 3),
(3734, 89, 10, NULL, 2),
(3735, 89, 10, NULL, 4),
(3736, 89, 10, NULL, 5),
(3737, 89, 10, NULL, 2),
(3738, 89, 10, NULL, 3),
(3739, 89, 10, NULL, 2),
(3740, 89, 10, NULL, 3),
(3741, 90, 6, NULL, 5),
(3742, 90, 6, NULL, 5),
(3743, 90, 6, NULL, 5),
(3744, 90, 6, NULL, 5),
(3745, 90, 6, NULL, 1),
(3746, 90, 6, NULL, 3),
(3747, 90, 6, NULL, 1),
(3748, 90, 6, NULL, 3),
(3749, 90, 6, NULL, 1),
(3750, 90, 6, NULL, 1),
(3751, 90, 6, NULL, 3),
(3752, 90, 6, NULL, 4),
(3753, 90, 6, NULL, 3),
(3754, 90, 6, NULL, 4),
(3755, 90, 6, NULL, 4),
(3756, 90, 6, NULL, 5),
(3757, 90, 6, NULL, 4),
(3758, 90, 6, NULL, 5),
(3759, 90, 6, NULL, 3),
(3760, 90, 6, NULL, 4),
(3761, 90, 6, NULL, 5),
(3762, 90, 6, NULL, 4),
(3763, 90, 6, NULL, 4),
(3764, 90, 6, NULL, 5),
(3765, 90, 6, NULL, 4),
(3766, 90, 6, NULL, 1),
(3767, 90, 6, NULL, 3),
(3768, 90, 6, NULL, 3),
(3769, 90, 6, NULL, 2),
(3770, 90, 6, NULL, 2),
(3771, 90, 6, NULL, 3),
(3772, 90, 6, NULL, 4),
(3773, 90, 6, NULL, 2),
(3774, 90, 6, NULL, 3),
(3775, 90, 6, NULL, 1),
(3776, 90, 6, NULL, 4),
(3777, 90, 6, NULL, 4),
(3778, 90, 6, NULL, 5),
(3779, 90, 6, NULL, 4),
(3780, 90, 6, NULL, 3),
(3781, 91, 2, NULL, 1),
(3782, 91, 2, NULL, 4),
(3783, 91, 2, NULL, 5),
(3784, 91, 2, NULL, 3),
(3785, 91, 2, NULL, 1),
(3786, 91, 2, NULL, 2),
(3787, 91, 2, NULL, 2),
(3788, 91, 2, NULL, 3),
(3789, 91, 2, NULL, 5),
(3790, 91, 2, NULL, 5),
(3791, 91, 2, NULL, 2),
(3792, 91, 2, NULL, 2),
(3793, 91, 2, NULL, 2),
(3794, 91, 2, NULL, 3),
(3795, 91, 2, NULL, 4),
(3796, 91, 2, NULL, 1),
(3797, 91, 2, NULL, 2),
(3798, 91, 2, NULL, 4),
(3799, 91, 2, NULL, 1),
(3800, 91, 2, NULL, 3),
(3801, 91, 2, NULL, 2),
(3802, 91, 2, NULL, 3),
(3803, 91, 2, NULL, 5),
(3804, 91, 2, NULL, 1),
(3805, 91, 2, NULL, 4),
(3806, 91, 2, NULL, 3),
(3807, 91, 2, NULL, 4),
(3808, 91, 2, NULL, 3),
(3809, 91, 2, NULL, 4),
(3810, 91, 2, NULL, 5),
(3811, 91, 2, NULL, 4),
(3812, 91, 2, NULL, 5),
(3813, 91, 2, NULL, 2),
(3814, 91, 2, NULL, 5),
(3815, 91, 2, NULL, 1),
(3816, 91, 2, NULL, 4),
(3817, 91, 2, NULL, 2),
(3818, 91, 2, NULL, 5),
(3819, 91, 2, NULL, 1),
(3820, 91, 2, NULL, 1),
(3821, 92, 7, NULL, 3),
(3822, 92, 7, NULL, 3),
(3823, 92, 7, NULL, 2),
(3824, 92, 7, NULL, 1),
(3825, 92, 7, NULL, 5),
(3826, 92, 7, NULL, 4),
(3827, 92, 7, NULL, 4),
(3828, 92, 7, NULL, 5),
(3829, 92, 7, NULL, 2),
(3830, 92, 7, NULL, 5),
(3831, 92, 7, NULL, 5),
(3832, 92, 7, NULL, 1),
(3833, 92, 7, NULL, 2),
(3834, 92, 7, NULL, 1),
(3835, 92, 7, NULL, 1),
(3836, 92, 7, NULL, 3),
(3837, 92, 7, NULL, 4),
(3838, 92, 7, NULL, 5),
(3839, 92, 7, NULL, 4),
(3840, 92, 7, NULL, 2),
(3841, 92, 7, NULL, 3),
(3842, 92, 7, NULL, 3),
(3843, 92, 7, NULL, 5),
(3844, 92, 7, NULL, 2),
(3845, 92, 7, NULL, 3),
(3846, 92, 7, NULL, 3),
(3847, 92, 7, NULL, 3),
(3848, 92, 7, NULL, 3),
(3849, 92, 7, NULL, 4),
(3850, 92, 7, NULL, 1),
(3851, 92, 7, NULL, 2),
(3852, 92, 7, NULL, 2),
(3853, 92, 7, NULL, 3),
(3854, 92, 7, NULL, 4),
(3855, 92, 7, NULL, 5),
(3856, 92, 7, NULL, 3),
(3857, 92, 7, NULL, 5),
(3858, 92, 7, NULL, 2),
(3859, 92, 7, NULL, 4),
(3860, 92, 7, NULL, 1),
(3861, 93, 9, NULL, 3),
(3862, 93, 9, NULL, 3),
(3863, 93, 9, NULL, 4),
(3864, 93, 9, NULL, 4),
(3865, 93, 9, NULL, 3),
(3866, 93, 9, NULL, 1),
(3867, 93, 9, NULL, 4),
(3868, 93, 9, NULL, 3),
(3869, 93, 9, NULL, 1),
(3870, 93, 9, NULL, 3),
(3871, 93, 9, NULL, 5),
(3872, 93, 9, NULL, 4),
(3873, 93, 9, NULL, 3),
(3874, 93, 9, NULL, 4),
(3875, 93, 9, NULL, 5),
(3876, 93, 9, NULL, 4),
(3877, 93, 9, NULL, 2),
(3878, 93, 9, NULL, 5),
(3879, 93, 9, NULL, 2),
(3880, 93, 9, NULL, 2),
(3881, 93, 9, NULL, 5),
(3882, 93, 9, NULL, 5),
(3883, 93, 9, NULL, 4),
(3884, 93, 9, NULL, 1),
(3885, 93, 9, NULL, 5),
(3886, 93, 9, NULL, 2),
(3887, 93, 9, NULL, 4),
(3888, 93, 9, NULL, 3),
(3889, 93, 9, NULL, 2),
(3890, 93, 9, NULL, 4),
(3891, 93, 9, NULL, 2),
(3892, 93, 9, NULL, 3),
(3893, 93, 9, NULL, 1),
(3894, 93, 9, NULL, 4),
(3895, 93, 9, NULL, 2),
(3896, 93, 9, NULL, 4),
(3897, 93, 9, NULL, 5),
(3898, 93, 9, NULL, 4),
(3899, 93, 9, NULL, 4),
(3900, 93, 9, NULL, 3),
(3901, 94, 3, NULL, 1),
(3902, 94, 3, NULL, 1),
(3903, 94, 3, NULL, 2),
(3904, 94, 3, NULL, 2),
(3905, 94, 3, NULL, 5),
(3906, 94, 3, NULL, 4),
(3907, 94, 3, NULL, 3),
(3908, 94, 3, NULL, 1),
(3909, 94, 3, NULL, 2),
(3910, 94, 3, NULL, 4),
(3911, 94, 3, NULL, 1),
(3912, 94, 3, NULL, 2),
(3913, 94, 3, NULL, 3),
(3914, 94, 3, NULL, 4),
(3915, 94, 3, NULL, 4),
(3916, 94, 3, NULL, 5),
(3917, 94, 3, NULL, 5),
(3918, 94, 3, NULL, 1),
(3919, 94, 3, NULL, 5),
(3920, 94, 3, NULL, 1),
(3921, 94, 3, NULL, 3),
(3922, 94, 3, NULL, 1),
(3923, 94, 3, NULL, 1),
(3924, 94, 3, NULL, 4),
(3925, 94, 3, NULL, 4),
(3926, 94, 3, NULL, 2),
(3927, 94, 3, NULL, 2),
(3928, 94, 3, NULL, 1),
(3929, 94, 3, NULL, 3),
(3930, 94, 3, NULL, 3),
(3931, 94, 3, NULL, 2),
(3932, 94, 3, NULL, 2),
(3933, 94, 3, NULL, 3),
(3934, 94, 3, NULL, 5),
(3935, 94, 3, NULL, 5),
(3936, 94, 3, NULL, 1),
(3937, 94, 3, NULL, 3),
(3938, 94, 3, NULL, 4),
(3939, 94, 3, NULL, 2),
(3940, 94, 3, NULL, 1),
(3941, 95, 4, NULL, 2),
(3942, 95, 4, NULL, 4),
(3943, 95, 4, NULL, 1),
(3944, 95, 4, NULL, 5),
(3945, 95, 4, NULL, 1),
(3946, 95, 4, NULL, 1),
(3947, 95, 4, NULL, 4),
(3948, 95, 4, NULL, 1),
(3949, 95, 4, NULL, 4),
(3950, 95, 4, NULL, 3),
(3951, 95, 4, NULL, 4),
(3952, 95, 4, NULL, 3),
(3953, 95, 4, NULL, 5),
(3954, 95, 4, NULL, 4),
(3955, 95, 4, NULL, 1),
(3956, 95, 4, NULL, 1),
(3957, 95, 4, NULL, 1),
(3958, 95, 4, NULL, 4),
(3959, 95, 4, NULL, 2),
(3960, 95, 4, NULL, 2),
(3961, 95, 4, NULL, 2),
(3962, 95, 4, NULL, 1),
(3963, 95, 4, NULL, 2),
(3964, 95, 4, NULL, 4),
(3965, 95, 4, NULL, 1),
(3966, 95, 4, NULL, 2),
(3967, 95, 4, NULL, 1),
(3968, 95, 4, NULL, 5),
(3969, 95, 4, NULL, 5),
(3970, 95, 4, NULL, 5),
(3971, 95, 4, NULL, 3),
(3972, 95, 4, NULL, 5),
(3973, 95, 4, NULL, 4),
(3974, 95, 4, NULL, 4),
(3975, 95, 4, NULL, 1),
(3976, 95, 4, NULL, 1),
(3977, 95, 4, NULL, 3),
(3978, 95, 4, NULL, 1),
(3979, 95, 4, NULL, 4),
(3980, 95, 4, NULL, 2),
(3981, 96, 5, NULL, 4),
(3982, 96, 5, NULL, 2),
(3983, 96, 5, NULL, 3),
(3984, 96, 5, NULL, 2),
(3985, 96, 5, NULL, 2),
(3986, 96, 5, NULL, 2),
(3987, 96, 5, NULL, 2),
(3988, 96, 5, NULL, 4),
(3989, 96, 5, NULL, 4),
(3990, 96, 5, NULL, 2),
(3991, 96, 5, NULL, 3),
(3992, 96, 5, NULL, 5),
(3993, 96, 5, NULL, 4),
(3994, 96, 5, NULL, 1),
(3995, 96, 5, NULL, 3),
(3996, 96, 5, NULL, 5),
(3997, 96, 5, NULL, 1),
(3998, 96, 5, NULL, 3),
(3999, 96, 5, NULL, 5),
(4000, 96, 5, NULL, 5),
(4001, 96, 5, NULL, 5),
(4002, 96, 5, NULL, 5),
(4003, 96, 5, NULL, 2),
(4004, 96, 5, NULL, 1),
(4005, 96, 5, NULL, 2),
(4006, 96, 5, NULL, 4),
(4007, 96, 5, NULL, 3),
(4008, 96, 5, NULL, 2),
(4009, 96, 5, NULL, 4),
(4010, 96, 5, NULL, 2),
(4011, 96, 5, NULL, 5),
(4012, 96, 5, NULL, 1),
(4013, 96, 5, NULL, 2),
(4014, 96, 5, NULL, 1),
(4015, 96, 5, NULL, 3),
(4016, 96, 5, NULL, 5),
(4017, 96, 5, NULL, 3),
(4018, 96, 5, NULL, 5),
(4019, 96, 5, NULL, 2),
(4020, 96, 5, NULL, 2),
(4021, 97, 2, NULL, 1),
(4022, 97, 2, NULL, 1),
(4023, 97, 2, NULL, 3),
(4024, 97, 2, NULL, 5),
(4025, 97, 2, NULL, 4),
(4026, 97, 2, NULL, 4),
(4027, 97, 2, NULL, 3),
(4028, 97, 2, NULL, 1),
(4029, 97, 2, NULL, 5),
(4030, 97, 2, NULL, 5),
(4031, 97, 2, NULL, 1),
(4032, 97, 2, NULL, 4),
(4033, 97, 2, NULL, 2),
(4034, 97, 2, NULL, 1),
(4035, 97, 2, NULL, 2),
(4036, 97, 2, NULL, 2),
(4037, 97, 2, NULL, 5),
(4038, 97, 2, NULL, 3),
(4039, 97, 2, NULL, 1),
(4040, 97, 2, NULL, 2),
(4041, 97, 2, NULL, 3),
(4042, 97, 2, NULL, 3),
(4043, 97, 2, NULL, 5),
(4044, 97, 2, NULL, 3),
(4045, 97, 2, NULL, 5),
(4046, 97, 2, NULL, 2),
(4047, 97, 2, NULL, 1),
(4048, 97, 2, NULL, 5),
(4049, 97, 2, NULL, 3),
(4050, 97, 2, NULL, 1),
(4051, 97, 2, NULL, 5),
(4052, 97, 2, NULL, 3),
(4053, 97, 2, NULL, 4),
(4054, 97, 2, NULL, 1),
(4055, 97, 2, NULL, 5),
(4056, 97, 2, NULL, 4),
(4057, 97, 2, NULL, 5),
(4058, 97, 2, NULL, 2),
(4059, 97, 2, NULL, 5),
(4060, 97, 2, NULL, 2),
(4061, 98, 3, NULL, 3),
(4062, 98, 3, NULL, 1),
(4063, 98, 3, NULL, 1),
(4064, 98, 3, NULL, 1),
(4065, 98, 3, NULL, 2),
(4066, 98, 3, NULL, 2),
(4067, 98, 3, NULL, 4),
(4068, 98, 3, NULL, 2),
(4069, 98, 3, NULL, 2),
(4070, 98, 3, NULL, 1),
(4071, 98, 3, NULL, 3),
(4072, 98, 3, NULL, 4),
(4073, 98, 3, NULL, 5),
(4074, 98, 3, NULL, 4),
(4075, 98, 3, NULL, 5),
(4076, 98, 3, NULL, 5),
(4077, 98, 3, NULL, 2),
(4078, 98, 3, NULL, 2),
(4079, 98, 3, NULL, 2),
(4080, 98, 3, NULL, 1),
(4081, 98, 3, NULL, 1),
(4082, 98, 3, NULL, 5),
(4083, 98, 3, NULL, 4),
(4084, 98, 3, NULL, 3),
(4085, 98, 3, NULL, 5),
(4086, 98, 3, NULL, 2),
(4087, 98, 3, NULL, 4),
(4088, 98, 3, NULL, 1),
(4089, 98, 3, NULL, 4),
(4090, 98, 3, NULL, 5),
(4091, 98, 3, NULL, 4),
(4092, 98, 3, NULL, 2),
(4093, 98, 3, NULL, 2),
(4094, 98, 3, NULL, 4),
(4095, 98, 3, NULL, 3),
(4096, 98, 3, NULL, 3),
(4097, 98, 3, NULL, 1),
(4098, 98, 3, NULL, 3),
(4099, 98, 3, NULL, 3),
(4100, 98, 3, NULL, 1),
(4101, 99, 9, NULL, 1),
(4102, 99, 9, NULL, 4),
(4103, 99, 9, NULL, 5),
(4104, 99, 9, NULL, 2),
(4105, 99, 9, NULL, 5),
(4106, 99, 9, NULL, 4),
(4107, 99, 9, NULL, 2),
(4108, 99, 9, NULL, 4),
(4109, 99, 9, NULL, 2),
(4110, 99, 9, NULL, 5),
(4111, 99, 9, NULL, 1),
(4112, 99, 9, NULL, 4),
(4113, 99, 9, NULL, 2),
(4114, 99, 9, NULL, 4),
(4115, 99, 9, NULL, 1),
(4116, 99, 9, NULL, 1),
(4117, 99, 9, NULL, 1),
(4118, 99, 9, NULL, 2),
(4119, 99, 9, NULL, 2),
(4120, 99, 9, NULL, 4),
(4121, 99, 9, NULL, 2),
(4122, 99, 9, NULL, 3),
(4123, 99, 9, NULL, 4),
(4124, 99, 9, NULL, 5),
(4125, 99, 9, NULL, 1),
(4126, 99, 9, NULL, 1),
(4127, 99, 9, NULL, 5),
(4128, 99, 9, NULL, 1),
(4129, 99, 9, NULL, 3),
(4130, 99, 9, NULL, 3),
(4131, 99, 9, NULL, 2),
(4132, 99, 9, NULL, 3),
(4133, 99, 9, NULL, 1),
(4134, 99, 9, NULL, 4),
(4135, 99, 9, NULL, 3),
(4136, 99, 9, NULL, 1),
(4137, 99, 9, NULL, 4),
(4138, 99, 9, NULL, 5),
(4139, 99, 9, NULL, 3),
(4140, 99, 9, NULL, 5);

--
-- Déchargement des données de la table `scp_option`
--

INSERT INTO `scp_option` (`id`, `nom`, `info`) VALUES
(1, 'Pas de pubs', NULL),
(2, 'VIP sur les prestas', NULL),
(3, 'toto', NULL);

--
-- Déchargement des données de la table `scp_professionnel`
--

INSERT INTO `scp_professionnel` (`id`, `responsable_id`, `society_name`, `siret_number`, `society_address`, `city`, `postal_code`, `country`, `image`, `avg_note`, `work_days`, `start_hour`, `end_hour`, `prestatype`, `is_verified`, `justification`) VALUES
(1, 11, 'BailleurPro', '32030763794869', '1 rue du bailleur', 'Paris', '56338', 'France', 'person1.jpg', '0', '[]', NULL, NULL, NULL, 0, NULL),
(2, 12, 'BailleurPro', '65793003604587', '1 rue du bailleur', 'Paris', '07391', 'France', 'person2.jpg', '0', '[]', NULL, NULL, NULL, 0, NULL),
(3, 13, 'BailleurPro', '16033110714253', '1 rue du bailleur', 'Paris', '95154', 'France', 'person3.jpg', '0', '[]', NULL, NULL, NULL, 0, NULL),
(4, 14, 'BailleurPro', '18452028267664', '1 rue du bailleur', 'Paris', '75408', 'France', 'person4.jpg', '0', '[]', NULL, NULL, NULL, 0, NULL),
(5, 15, 'BailleurPro', '54470478239262', '1 rue du bailleur', 'Paris', '95112', 'France', 'person5.jpg', '0', '[]', NULL, NULL, NULL, 0, NULL),
(6, 16, 'BailleurPro', '71015341552669', '1 rue du bailleur', 'Paris', '08486', 'France', 'person6.jpg', '0', '[]', NULL, NULL, NULL, 0, NULL),
(7, 18, 'Tech Innovators', '26360510500944', '1 rue du prestataire', 'Paris', '7502', 'France', 'logo1.jpg', '0', '[]', NULL, NULL, NULL, 0, NULL),
(8, 19, 'Green Solutions', '30780611428598', '2 rue du prestataire', 'Paris', '75017', 'France', 'logo2.jpg', '0', '[]', NULL, NULL, NULL, 0, NULL),
(9, 20, 'Élite Construction', '86716020387242', '3 rue du prestataire', 'Paris', '7505', 'France', 'logo3.jpg', '0', '[]', NULL, NULL, NULL, 0, NULL),
(10, 21, 'Cuisine Délicieuse', '41125053062451', '4 rue du prestataire', 'Paris', '75019', 'France', 'logo4.jpg', '0', '[]', NULL, NULL, NULL, 0, NULL),
(11, 22, 'Nettoyage Pro', '01087378371204', '5 rue du prestataire', 'Paris', '75011', 'France', 'logo5.jpg', '0', '[]', NULL, NULL, NULL, 0, NULL),
(12, 23, 'Fitness Vitalité', '24880600561644', '6 rue du prestataire', 'Paris', '75010', 'France', 'logo6.jpg', '0', '[]', NULL, NULL, NULL, 0, NULL),
(13, 24, 'Événements Magnifiques', '43301394187091', '7 rue du prestataire', 'Paris', '75017', 'France', 'logo7.jpg', '0', '[]', NULL, NULL, NULL, 0, NULL),
(14, 25, 'Consultants Financiers', '23630913811497', '8 rue du prestataire', 'Paris', '7501', 'France', 'logo8.jpg', '0', '[]', NULL, NULL, NULL, 0, NULL),
(15, 26, 'Développement Web', '74402133654367', '9 rue du prestataire', 'Paris', '75019', 'France', 'logo9.jpg', '0', '[]', NULL, NULL, NULL, 0, NULL),
(16, 27, 'Marketing Créatif', '78152675241417', '10 rue du prestataire', 'Paris', '75020', 'France', 'logo10.jpg', '0', '[]', NULL, NULL, NULL, 0, NULL),
(17, 28, 'Réparations Rapides', '19697925964530', '11 rue du prestataire', 'Paris', '75011', 'France', 'logo11.jpg', '0', '[]', NULL, NULL, NULL, 0, NULL),
(18, 29, 'Jardinage Expert', '99684259064370', '12 rue du prestataire', 'Paris', '7507', 'France', 'logo12.jpg', '0', '[]', NULL, NULL, NULL, 0, NULL),
(19, 30, 'Photographie Éclatante', '12231197978461', '13 rue du prestataire', 'Paris', '75012', 'France', 'logo13.jpg', '0', '[]', NULL, NULL, NULL, 0, NULL),
(20, 31, 'Transport Fiable', '74578487340019', '14 rue du prestataire', 'Paris', '75015', 'France', 'logo14.jpg', '0', '[]', NULL, NULL, NULL, 0, NULL),
(21, 32, 'Sécurité Maximale', '41085326504405', '15 rue du prestataire', 'Paris', '7503', 'France', 'logo15.jpg', '0', '[]', NULL, NULL, NULL, 0, NULL);

--
-- Déchargement des données de la table `scp_service`
--

INSERT INTO `scp_service` (`id`, `prestataire_id`, `titre`, `description`, `type`, `tarifs`, `avg_note`, `additional_info`, `images`) VALUES
(1, 10, 'Éclat Propreté', 'Service de nettoyage complet pour bureaux, maisons et espaces commerciaux, utilisant des produits écologiques pour un environnement sain.', 1, '45', '0', NULL, '[\"nettoyage9.jpg\",\"nettoyage2.jpg\",\"nettoyage8.jpg\",\"nettoyage4.jpg\",\"nettoyage6.jpg\"]'),
(2, 15, 'Électro Solution', 'Installation et maintenance de systèmes électriques résidentiels et commerciaux, garantissant sécurité et conformité aux normes.', 2, '17', '0', NULL, '[\"electricit\\u00e98.jpg\",\"electricit\\u00e91.jpg\",\"electricit\\u00e93.jpg\",\"electricit\\u00e96.jpg\"]'),
(3, 15, 'Peinture Parfaite', 'Service de peinture intérieure et extérieure, offrant des finitions impeccables et durables pour transformer vos espaces.', 4, '47', '0', NULL, '[\"peinture7.jpg\",\"peinture9.jpg\",\"peinture4.jpg\",\"peinture2.jpg\"]'),
(4, 21, 'Chauffeur de Confiance', 'Service de chauffeur privé pour déplacements professionnels et personnels, assurant confort et ponctualité.', 6, '61', '0', NULL, '[\"chauffeur7.jpg\",\"chauffeur9.jpg\"]'),
(5, 21, 'Bricolage Expert', 'Petits travaux de réparation et d\'amélioration de l\'habitat, de l\'assemblage de meubles à l\'installation de cadres et étagères.', 5, '74', '0', NULL, '[\"bricolage8.jpg\",\"bricolage3.jpg\",\"bricolage6.jpg\"]'),
(6, 16, 'Plomberie Premium', 'Réparation et installation de systèmes de plomberie pour cuisines, salles de bain et extérieurs, avec une finition professionnelle.', 3, '45', '0', NULL, '[\"plomberie6.jpg\",\"plomberie9.jpg\"]'),
(7, 17, 'Nettoyage Éclatant', 'Nettoyage spécialisé pour tapis, moquettes et meubles rembourrés, assurant une propreté durable et une fraîcheur inégalée.', 1, '71', '0', NULL, '[\"nettoyage1.jpg\"]'),
(8, 10, 'Bricolage Rapide', 'Assistance pour vos projets de bricolage, avec des solutions rapides et efficaces pour un résultat professionnel.', 5, '69', '0', NULL, '[\"bricolage9.jpg\",\"bricolage1.jpg\",\"bricolage7.jpg\",\"bricolage6.jpg\"]'),
(9, 10, 'Courant Express', 'Dépannage électrique rapide et efficace, disponible 24/7 pour résoudre tous vos problèmes d\'électricité en un clin d\'œil.', 2, '72', '0', NULL, '[\"electricit\\u00e93.jpg\",\"electricit\\u00e95.jpg\",\"electricit\\u00e97.jpg\"]'),
(10, 17, 'Aqua Pro Services', 'Entretien et rénovation de vos installations de plomberie, assurant une fonctionnalité optimale et sans fuites.', 3, '2', '0', NULL, '[\"plomberie6.jpg\",\"plomberie3.jpg\",\"plomberie9.jpg\"]'),
(11, 15, 'Couleurs et Style', 'Peinture décorative et personnalisée pour ajouter une touche unique et élégante à vos murs et plafonds.', 4, '67', '0', NULL, '[\"peinture8.jpg\",\"peinture9.jpg\",\"peinture4.jpg\"]'),
(12, 19, 'Brillance Plus', 'Nettoyage en profondeur de vos espaces résidentiels et professionnels, garantissant des résultats impeccables et une hygiène irréprochable.', 1, '25', '0', NULL, '[\"nettoyage5.jpg\",\"nettoyage9.jpg\",\"nettoyage4.jpg\"]'),
(13, 20, 'Plombier Express', 'Intervention rapide pour tous vos problèmes de plomberie, disponible 24/7 pour une tranquillité d\'esprit garantie.', 3, '88', '0', NULL, '[\"plomberie6.jpg\",\"plomberie1.jpg\"]'),
(14, 18, 'Voyage VIP', 'Transport haut de gamme avec chauffeur, offrant une expérience luxueuse et sécurisée pour tous vos trajets.', 6, '35', '0', NULL, '[\"chauffeur9.jpg\",\"chauffeur1.jpg\",\"chauffeur6.jpg\",\"chauffeur4.jpg\"]'),
(15, 17, 'BricoSolution', 'Service complet de bricolage pour votre maison, incluant réparations, montages et petites rénovations avec une attention aux détails.', 5, '58', '0', NULL, '[\"bricolage7.jpg\",\"bricolage9.jpg\"]'),
(16, 16, 'Énergie Pro', 'Solutions électriques sur mesure pour vos projets de construction et de rénovation, assurant performance et fiabilité.', 2, '49', '0', NULL, '[\"electricit\\u00e99.jpg\"]'),
(17, 14, 'ProNet Solutions', 'Service de nettoyage sur mesure pour maisons, appartements et locaux commerciaux, avec des équipements modernes et des produits respectueux de l\'environnement.', 1, '30', '0', NULL, '[\"nettoyage6.jpg\",\"nettoyage4.jpg\",\"nettoyage7.jpg\"]'),
(18, 14, 'Prestige Drive', 'Service de chauffeur privé pour événements spéciaux et transferts aéroport, garantissant une discrétion et un service impeccable.', 6, '97', '0', NULL, '[\"chauffeur3.jpg\",\"chauffeur7.jpg\",\"chauffeur1.jpg\",\"chauffeur4.jpg\"]'),
(19, 16, 'Brico Zen', 'Amélioration et entretien de votre maison sans stress, avec des services de bricolage fiables et rapides.', 5, '12', '0', NULL, '[\"bricolage8.jpg\",\"bricolage6.jpg\",\"bricolage1.jpg\"]'),
(20, 9, 'Plomberie Éco', 'Solutions de plomberie écologiques et durables, utilisant des matériaux respectueux de l\'environnement pour une maison plus verte.', 3, '58', '0', NULL, '[\"plomberie2.jpg\",\"plomberie9.jpg\",\"plomberie1.jpg\"]'),
(21, 13, 'Peinture Éclat', 'Rénovation de vos espaces avec des peintures de haute qualité, garantissant des résultats lumineux et durables.', 4, '97', '0', NULL, '[\"peinture4.jpg\",\"peinture6.jpg\"]'),
(22, 8, 'Voltage Expert', 'Service de diagnostic et réparation pour tous vos équipements électriques, avec des techniciens qualifiés et expérimentés.', 2, '29', '0', NULL, '[\"electricit\\u00e97.jpg\",\"electricit\\u00e95.jpg\",\"electricit\\u00e92.jpg\"]'),
(23, 15, 'BricoPro', 'Travaux de bricolage pour la maison et le jardin, réalisés par des professionnels qualifiés pour un résultat impeccable.', 5, '66', '0', NULL, '[\"bricolage3.jpg\",\"bricolage8.jpg\",\"bricolage7.jpg\"]'),
(24, 16, 'Hydro Solution', 'Service complet d\'installation et de réparation de plomberie, offrant des solutions efficaces et économiques pour tous vos besoins.', 3, '69', '0', NULL, '[\"plomberie5.jpg\"]'),
(25, 11, 'Elite Chauffeur', 'Chauffeurs professionnels disponibles 24/7 pour tous vos déplacements, avec des véhicules de luxe pour une expérience de premier ordre.', 6, '36', '0', NULL, '[\"chauffeur7.jpg\",\"chauffeur8.jpg\"]'),
(26, 15, 'ÉcoNet Service', 'Nettoyage écologique pour un environnement propre et sain, utilisant des techniques vertes pour un impact minimal sur la planète.', 1, '57', '0', NULL, '[\"nettoyage6.jpg\",\"nettoyage5.jpg\"]'),
(27, 21, 'Plomberie Parfaite', 'Services de plomberie résidentielle et commerciale avec une attention particulière aux détails et à la satisfaction du client.', 3, '91', '0', NULL, '[\"plomberie1.jpg\"]'),
(28, 12, 'Palette Pro', 'Spécialistes en peinture résidentielle et commerciale, avec des solutions sur mesure pour répondre à tous vos besoins esthétiques.', 4, '4', '0', NULL, '[\"peinture6.jpg\",\"peinture2.jpg\",\"peinture3.jpg\",\"peinture5.jpg\"]'),
(29, 14, 'Conduite Royale', 'Transport privé avec chauffeur, spécialisé dans les trajets VIP et les services personnalisés pour répondre à toutes vos exigences.', 6, '32', '0', NULL, '[\"chauffeur7.jpg\",\"chauffeur3.jpg\",\"chauffeur4.jpg\",\"chauffeur1.jpg\"]'),
(30, 15, 'À Votre Service Brico', 'Services de bricolage sur mesure, adaptés à vos besoins spécifiques, de la réparation à la création de solutions pratiques pour votre maison.', 5, '18', '0', NULL, '[\"bricolage1.jpg\",\"bricolage8.jpg\"]'),
(31, 20, 'Électro Zen', 'Installation de systèmes électriques intelligents et écoénergétiques pour améliorer le confort et réduire les coûts énergétiques.', 2, '60', '0', NULL, '[\"electricit\\u00e95.jpg\",\"electricit\\u00e99.jpg\",\"electricit\\u00e94.jpg\"]'),
(32, 10, 'Nuance Design', 'Service de peinture d\'intérieur professionnel, créant des ambiances harmonieuses et personnalisées pour chaque pièce de votre maison.', 4, '14', '0', NULL, '[\"peinture2.jpg\"]'),
(33, 8, 'Clean & Shine', 'Nettoyage détaillé pour tous types de surfaces, de la cuisine à la salle de bain, en passant par les bureaux et les espaces commerciaux.', 1, '99', '0', NULL, '[\"nettoyage9.jpg\",\"nettoyage8.jpg\",\"nettoyage1.jpg\",\"nettoyage2.jpg\",\"nettoyage6.jpg\",\"nettoyage5.jpg\"]'),
(34, 9, 'Chauffeur Express', 'Service de chauffeur rapide et fiable pour vos déplacements urgents en ville ou en banlieue, avec un souci constant de votre confort.', 6, '57', '0', NULL, '[\"chauffeur1.jpg\",\"chauffeur6.jpg\",\"chauffeur5.jpg\",\"chauffeur8.jpg\"]'),
(35, 19, 'BricoMaster', 'Assistance pour tous vos projets de bricolage, garantissant des finitions soignées et durables pour un habitat toujours au top.', 5, '15', '0', NULL, '[\"bricolage4.jpg\",\"bricolage2.jpg\"]'),
(36, 8, 'Power Perfect', 'Services complets d\'installation et de réparation électrique, offrant des solutions sûres et durables pour vos besoins domestiques et professionnels.', 2, '31', '0', NULL, '[\"electricit\\u00e91.jpg\",\"electricit\\u00e98.jpg\",\"electricit\\u00e92.jpg\",\"electricit\\u00e93.jpg\"]'),
(37, 20, 'AquaTech Pro', 'Expertise en réparation de fuites, débouchage de canalisations et installation de systèmes de plomberie modernes et efficaces.', 3, '42', '0', NULL, '[\"plomberie1.jpg\",\"plomberie2.jpg\"]'),
(38, 8, 'Finition Exquise', 'Peinture haut de gamme pour des finitions parfaites, apportant une touche de luxe à vos intérieurs et extérieurs.', 4, '82', '0', NULL, '[\"peinture3.jpg\",\"peinture6.jpg\",\"peinture1.jpg\",\"peinture4.jpg\"]'),
(39, 18, 'First Class Ride', 'Chauffeurs expérimentés pour des trajets en toute sécurité et sérénité, avec des véhicules équipés pour votre confort optimal.', 6, '48', '0', NULL, '[\"chauffeur3.jpg\",\"chauffeur1.jpg\",\"chauffeur5.jpg\"]'),
(40, 9, 'BricoDépannage', 'Services de dépannage et de réparation pour toutes les petites urgences de bricolage à la maison.', 5, '90', '0', NULL, '[\"bricolage9.jpg\",\"bricolage3.jpg\",\"bricolage4.jpg\"]'),
(41, 9, 'Plombier Zenith', 'Service de plomberie haut de gamme pour installations neuves et rénovations, garantissant des travaux soignés et durables.', 3, '3', '0', NULL, '[\"plomberie7.jpg\"]'),
(42, 10, 'Électro-Maestro', 'Équipe d\'experts en électricité pour tous types de travaux, de l\'installation de circuits à la mise en conformité de vos installations.', 2, '38', '0', NULL, '[\"electricit\\u00e99.jpg\",\"electricit\\u00e91.jpg\",\"electricit\\u00e94.jpg\"]'),
(43, 21, 'Pureté Pro', 'Service de nettoyage professionnel et rapide pour maisons, bureaux et commerces, avec une attention particulière aux détails.', 1, '56', '0', NULL, '[\"nettoyage6.jpg\",\"nettoyage9.jpg\",\"nettoyage8.jpg\",\"nettoyage1.jpg\",\"nettoyage5.jpg\"]'),
(44, 12, 'Reflets et Couleurs', 'Peinture décorative et murale, spécialisée dans la création d’effets spéciaux et de motifs uniques pour sublimer vos espaces.', 4, '10', '0', NULL, '[\"peinture6.jpg\",\"peinture3.jpg\"]'),
(45, 17, 'Luxe Mobilité', 'Service de transport de luxe avec chauffeur pour voyages d\'affaires et loisirs, garantissant une expérience exclusive et sans tracas.', 6, '3', '0', NULL, '[\"chauffeur2.jpg\",\"chauffeur3.jpg\"]'),
(46, 21, 'BricoFacile', 'Solutions de bricolage faciles et rapides pour l\'entretien et l\'amélioration de votre maison, assurées par des experts.', 5, '44', '0', NULL, '[\"bricolage8.jpg\"]'),
(47, 12, 'Nettoyage Zenith', 'Entretien régulier et nettoyage ponctuel pour maintenir vos espaces en parfait état, avec des solutions adaptées à vos besoins.', 1, '52', '0', NULL, '[\"nettoyage2.jpg\",\"nettoyage5.jpg\",\"nettoyage1.jpg\",\"nettoyage4.jpg\",\"nettoyage9.jpg\"]'),
(48, 11, 'Chauffeur Prestige', 'Service de chauffeur professionnel pour événements corporatifs et personnels, avec une attention particulière aux détails et à la satisfaction du client.', 6, '73', '0', NULL, '[\"chauffeur5.jpg\",\"chauffeur1.jpg\",\"chauffeur3.jpg\",\"chauffeur9.jpg\"]'),
(49, 14, 'Eau Confort', 'RSolutions de plomberie pour améliorer le confort de votre habitat, de la réparation de chauffe-eau à l\'installation de systèmes de filtration.', 3, '87', '0', NULL, '[\"plomberie1.jpg\",\"plomberie6.jpg\",\"plomberie4.jpg\"]'),
(50, 17, 'Courant Continu', 'Maintenance préventive et corrective de vos installations électriques pour garantir une performance optimale en toute sécurité.', 2, '6', '0', NULL, '[\"electricit\\u00e96.jpg\"]'),
(51, 7, 'BricoSérénité', 'Prise en charge complète de vos besoins de bricolage, avec des services personnalisés pour un intérieur toujours bien entretenu.', 5, '92', '0', NULL, '[\"bricolage2.jpg\",\"bricolage7.jpg\",\"bricolage6.jpg\",\"bricolage4.jpg\"]'),
(52, 11, 'Peinture Prestige', 'Service de peinture professionnelle avec une attention particulière aux détails, utilisant des matériaux de qualité supérieure pour des résultats durables.', 4, '89', '0', NULL, '[\"peinture5.jpg\",\"peinture8.jpg\",\"peinture1.jpg\",\"peinture4.jpg\",\"peinture6.jpg\",\"peinture3.jpg\"]'),
(53, 19, 'Voyageur Élite', 'Transport sur mesure avec chauffeur pour toutes vos occasions, offrant ponctualité, sécurité et un service de haute qualité.', 6, '43', '0', NULL, '[\"chauffeur1.jpg\",\"chauffeur9.jpg\",\"chauffeur6.jpg\"]'),
(54, 10, 'Volt & Co', 'Spécialistes en installation de réseaux électriques pour bureaux et habitations, avec une attention particulière à la qualité et à la sécurité.', 2, '34', '0', NULL, '[\"electricit\\u00e94.jpg\",\"electricit\\u00e93.jpg\"]'),
(55, 14, 'Sparkle Service', 'Nettoyage résidentiel et commercial de haute qualité, offrant des résultats éclatants et une satisfaction garantie.', 1, '65', '0', NULL, '[\"nettoyage9.jpg\",\"nettoyage6.jpg\"]'),
(56, 17, 'Électricité Avantage', 'Solutions électriques innovantes pour vos projets résidentiels et commerciaux, avec un service rapide et des tarifs compétitifs.', 2, '78', '0', NULL, '[\"electricit\\u00e95.jpg\",\"electricit\\u00e94.jpg\",\"electricit\\u00e97.jpg\",\"electricit\\u00e96.jpg\"]'),
(57, 19, 'Plomberie Expert', 'Équipe de plombiers qualifiés pour résoudre tous vos problèmes de plomberie, avec un service rapide et des tarifs transparents.', 3, '79', '0', NULL, '[\"plomberie1.jpg\",\"plomberie9.jpg\",\"plomberie3.jpg\",\"plomberie6.jpg\"]'),
(58, 10, 'Teintes et Ambiances', 'Création d\'ambiances sur mesure avec une large gamme de couleurs et de finitions, adaptée à vos goûts et à votre style de vie.', 4, '45', '0', NULL, '[\"peinture5.jpg\"]'),
(59, 15, 'Maestro des Couleurs', 'Service de peinture artistique et décorative, transformant vos murs en véritables œuvres d\'art grâce à des techniques innovantes.', 4, '3', '0', NULL, '[\"peinture6.jpg\",\"peinture2.jpg\",\"peinture9.jpg\"]'),
(60, 15, 'Clarté Express', 'Service de nettoyage rapide et efficace pour maisons et bureaux, utilisant des produits de qualité pour un résultat impeccable.', 1, '61', '0', NULL, '[\"nettoyage8.jpg\",\"nettoyage5.jpg\"]');

--
-- Déchargement des données de la table `scp_ticket`
--

INSERT INTO `scp_ticket` (`id`, `demandeur_id`, `resolveur_id`, `date_ouverture`, `date_fermeture`, `last_update_date`, `category`, `type`, `status`, `priority`, `titre`, `description`, `urgence`) VALUES
(1, 11, 17, '2021-01-01 00:00:00', '2021-02-02 00:00:00', '2021-01-02 00:00:00', 2, 3, 2, 4, 'Ticket 1', 'Description du ticket 1', 3),
(2, 12, 17, '2021-01-02 00:00:00', '2021-02-03 00:00:00', '2021-01-03 00:00:00', 3, 2, 1, 3, 'Ticket 2', 'Description du ticket 2', 4),
(3, 13, 17, '2021-01-03 00:00:00', '2021-02-04 00:00:00', '2021-01-04 00:00:00', 5, 2, 4, 2, 'Ticket 3', 'Description du ticket 3', 3),
(4, 14, 17, '2021-01-04 00:00:00', '2021-02-05 00:00:00', '2021-01-05 00:00:00', 4, 2, 2, 1, 'Ticket 4', 'Description du ticket 4', 2),
(5, 15, 17, '2021-01-05 00:00:00', '2021-02-06 00:00:00', '2021-01-06 00:00:00', 5, 4, 3, 3, 'Ticket 5', 'Description du ticket 5', 3);

--
-- Déchargement des données de la table `scp_user`
--

INSERT INTO `scp_user` (`id`, `abonnement_id`, `email`, `roles`, `password`, `nom`, `prenom`, `last_conn_date`, `creation_date`, `admin`, `birthdate`, `is_verified`, `avatar`, `phone_number`, `is_banned`) VALUES
(1, 1, 'voyageur1@pcs.fr', '[\"ROLE_USER\",\"ROLE_VOYAGEUR\"]', '$2y$13$ZWX6tfgW4cdCXUyFi6jDQu5Q53RpHdgVmTd2MlYDz/bIez5BRLfyO', 'Dupont', 'Jean', NULL, '2024-07-10 12:55:26', 0, '1990-01-01 00:00:00', 1, NULL, '0643315175', 0),
(2, 1, 'voyageur2@pcs.fr', '[\"ROLE_USER\",\"ROLE_VOYAGEUR\"]', '$2y$13$Y.LgHZFLlXqRc3KcGXIgnO0dy3nvaOkwqS42VZvOeZmXDoitOVHIa', 'Martin', 'Marie', NULL, '2024-07-10 12:55:27', 0, '1990-01-01 00:00:00', 1, NULL, '0640376517', 0),
(3, 1, 'voyageur3@pcs.fr', '[\"ROLE_USER\",\"ROLE_VOYAGEUR\"]', '$2y$13$QBf5qz/Zt/BouoqURHTe6uxwvip2Cp/oeIjbvictkWyMpVa/ZZjJ.', 'Bernard', 'Pierre', NULL, '2024-07-10 12:55:27', 0, '1990-01-01 00:00:00', 1, NULL, '0669339180', 0),
(4, 1, 'voyageur4@pcs.fr', '[\"ROLE_USER\",\"ROLE_VOYAGEUR\"]', '$2y$13$5DwftZIQ0eqcqnD930JUS.jLIpia.5zdOrvGuvYNga.RjdztGI0aW', 'Dubois', 'Lucie', NULL, '2024-07-10 12:55:28', 0, '1990-01-01 00:00:00', 1, NULL, '0680981201', 0),
(5, 1, 'voyageur5@pcs.fr', '[\"ROLE_USER\",\"ROLE_VOYAGEUR\"]', '$2y$13$MXR5jnIdEk1zazjxvU1gyODL.8ZM0JpwRfFXHjB7MVV6dcMMpaezi', 'Lefevre', 'Paul', NULL, '2024-07-10 12:55:28', 0, '1990-01-01 00:00:00', 1, NULL, '0666263699', 0),
(6, 1, 'voyageur6@pcs.fr', '[\"ROLE_USER\",\"ROLE_VOYAGEUR\"]', '$2y$13$qpG3dI9UUiQKn4hW9fHUYOZhlLXk9TKxx4nA919vyavI5cMSsPV36', 'Moreau', 'Sophie', NULL, '2024-07-10 12:55:29', 0, '1990-01-01 00:00:00', 1, NULL, '0668410508', 0),
(7, 1, 'voyageur7@pcs.fr', '[\"ROLE_USER\",\"ROLE_VOYAGEUR\"]', '$2y$13$3LaR6g2Q.h8qUYurhjTsBuJ1ABGpVMU7vy55ZezXK/SQxiyVK9Cai', 'Simon', 'Henri', NULL, '2024-07-10 12:55:29', 0, '1990-01-01 00:00:00', 1, NULL, '0671564181', 0),
(8, 1, 'voyageur8@pcs.fr', '[\"ROLE_USER\",\"ROLE_VOYAGEUR\"]', '$2y$13$MQYWRosN8YG0wjrKYTzF8e.9MUm7cMKXNla8ALEhoQIBmsmNOoD.W', 'Laurent', 'Claire', NULL, '2024-07-10 12:55:29', 0, '1990-01-01 00:00:00', 1, NULL, '0603323968', 0),
(9, 1, 'voyageur9@pcs.fr', '[\"ROLE_USER\",\"ROLE_VOYAGEUR\"]', '$2y$13$IsP/68nipYyIExwloaTjtO1ppj/X4HaXpn/sYVkzvzZ4uIIQqvtHC', 'Michel', 'Julien', NULL, '2024-07-10 12:55:30', 0, '1990-01-01 00:00:00', 1, NULL, '0619838777', 0),
(10, 1, 'voyageur10@pcs.fr', '[\"ROLE_USER\",\"ROLE_VOYAGEUR\"]', '$2y$13$SmDgLhJ33dkhOVdW3C2fX.RhPfzcGEAPgUpRIH86khWruW2G3eC66', 'Garcia', 'Nathalie', NULL, '2024-07-10 12:55:30', 0, '1990-01-01 00:00:00', 1, NULL, '0625962604', 0),
(11, 1, 'bailleur1@pcs.fr', '[\"ROLE_USER\",\"ROLE_BAILLEUR\"]', '$2y$13$1Yk2a3qgEWR9voOJN7Td2.oU3uevRbSn/aO/I3Szsv/KSBb8TbUoS', 'Thomas', 'Marc', NULL, '2024-07-10 12:55:31', 0, '1901-01-01 00:00:00', 1, NULL, '0679038194', 0),
(12, 1, 'bailleur2@pcs.fr', '[\"ROLE_USER\",\"ROLE_BAILLEUR\"]', '$2y$13$30aafzzpktkQt4IS/4LgZOSKyQHPSxr/2kCBK95al3.a0dXmEgLvK', 'Rousseau', 'Isabelle', NULL, '2024-07-10 12:55:31', 0, '1902-01-01 00:00:00', 1, NULL, '0654006537', 0),
(13, 1, 'bailleur3@pcs.fr', '[\"ROLE_USER\",\"ROLE_BAILLEUR\"]', '$2y$13$tW7hPIEAzFWijQbigA.n/exWFKZIY0MKOEwC3/DJpvJOq23/eCSDW', 'Petit', 'Thomas', NULL, '2024-07-10 12:55:32', 0, '1903-01-01 00:00:00', 1, NULL, '0605060804', 0),
(14, 1, 'bailleur4@pcs.fr', '[\"ROLE_USER\",\"ROLE_BAILLEUR\"]', '$2y$13$wgDlLJMFH1Pn5QOjFjOOvuoDQlqex3tTpSp0juv/Z1LXjdUeUbCF6', 'Durand', 'Amélie', NULL, '2024-07-10 12:55:32', 0, '1904-01-01 00:00:00', 1, NULL, '0671568925', 0),
(15, 1, 'bailleur5@pcs.fr', '[\"ROLE_USER\",\"ROLE_BAILLEUR\"]', '$2y$13$AFcV6sS5Acw1Z87OF9y16ue0cNqt19xmZ7j88Y2Nzs78cS1C4jATi', 'Lemoine', 'Antoine', NULL, '2024-07-10 12:55:32', 0, '1905-01-01 00:00:00', 1, NULL, '0626958613', 0),
(16, 1, 'bailleur6@pcs.fr', '[\"ROLE_USER\",\"ROLE_BAILLEUR\"]', '$2y$13$ER2l01bhPLfQW0sdj1kC5uxb5qZhlsX3tL7KfGWVZFQEPZBIxicpm', 'Germain', 'Elodie', NULL, '2024-07-10 12:55:33', 0, '1906-01-01 00:00:00', 1, NULL, '0603042936', 0),
(17, 1, 'admin@pcs.fr', '[\"ROLE_ADMIN\",\"ROLE_USER\"]', '$2y$13$cyDbnR4qvBgH3pE1CbX//urjMuiSo5boRflfRbw9sX0jEBEviunnK', 'Perrin', 'Hugo', NULL, '2024-07-10 12:55:33', 0, '1907-01-01 00:00:00', 1, NULL, '0662720128', 0),
(18, 1, 'presta1@pcs.fr', '[\"ROLE_USER\",\"ROLE_PRESTA\"]', '$2y$13$YB8wp9Mwou4LfzynSfcH4.ZsjfscVHQ9s8vihn67IOEMdSM02TaYS', 'Fournier', 'Julie', NULL, '2024-07-10 12:55:34', 0, '1901-01-01 00:00:00', 1, NULL, '0641175859', 0),
(19, 1, 'presta2@pcs.fr', '[\"ROLE_USER\",\"ROLE_PRESTA\"]', '$2y$13$7MiAEjm0qQhlDhNPeBTiPuhSAoD0bozgTBPs2Eg0fCFpD8VrAtv8e', 'Morin', 'Louis', NULL, '2024-07-10 12:55:34', 0, '1902-01-01 00:00:00', 1, NULL, '0620184240', 0),
(20, 1, 'presta3@pcs.fr', '[\"ROLE_USER\",\"ROLE_PRESTA\"]', '$2y$13$X9fqw74o1m7qlLQzQz5.FuSQfJN.GghCS0p5WLHdpzPYppcsBzVsC', 'Garnier', 'Camille', NULL, '2024-07-10 12:55:34', 0, '1903-01-01 00:00:00', 1, NULL, '0664498063', 0),
(21, 1, 'presta4@pcs.fr', '[\"ROLE_USER\",\"ROLE_PRESTA\"]', '$2y$13$MqkPXNlglFvAMydStiHN5usIPUJTYzgty/cvJdtQul0JGfreJqWUK', 'Renaud', 'Victor', NULL, '2024-07-10 12:55:35', 0, '1904-01-01 00:00:00', 1, NULL, '0665869231', 0),
(22, 1, 'presta5@pcs.fr', '[\"ROLE_USER\",\"ROLE_PRESTA\"]', '$2y$13$bWV3Gpew1iPSVq0Qeh7p3e591pDkglVkaYusm44FTosPqBUSqJ0P.', 'Blanc', 'Alice', NULL, '2024-07-10 12:55:35', 0, '1905-01-01 00:00:00', 1, NULL, '0617171448', 0),
(23, 1, 'presta6@pcs.fr', '[\"ROLE_USER\",\"ROLE_PRESTA\"]', '$2y$13$HLgWIQZwjTGaAIHxxaCtWeac/SWQftUYLQZcUOB4X1Acf46EiaBV.', 'Faure', 'Maxime', NULL, '2024-07-10 12:55:36', 0, '1906-01-01 00:00:00', 1, NULL, '0621905173', 0),
(24, 1, 'presta7@pcs.fr', '[\"ROLE_USER\",\"ROLE_PRESTA\"]', '$2y$13$oj1A4pU6JLojrlWoiD9jNOVjFh8MA909dlalSDrC.M0PjhzoFtgkW', 'Joly', 'Emilie', NULL, '2024-07-10 12:55:36', 0, '1907-01-01 00:00:00', 1, NULL, '0649887072', 0),
(25, 1, 'presta8@pcs.fr', '[\"ROLE_USER\",\"ROLE_PRESTA\"]', '$2y$13$lsTYMQGVPbG26A9f6C9HKOsQ2NkNAdQluXz8tuI8T//Ez182PC1YG', 'Poulain', 'Etienne', NULL, '2024-07-10 12:55:37', 0, '1908-01-01 00:00:00', 1, NULL, '0691773726', 0),
(26, 1, 'presta9@pcs.fr', '[\"ROLE_USER\",\"ROLE_PRESTA\"]', '$2y$13$2J1hRghqYIvPGKT28dnRM.oZ8inp5tyDGBz.SgvKt4m2/AU/t4MvS', 'Rodriguez', 'Charlotte', NULL, '2024-07-10 12:55:37', 0, '1909-01-01 00:00:00', 1, NULL, '0658917668', 0),
(27, 1, 'presta10@pcs.fr', '[\"ROLE_USER\",\"ROLE_PRESTA\"]', '$2y$13$DWBYifKPPAPrxLgNP89n2umWKUAOAblldHbfmYKnh8XqxZnxpuw9i', 'Legrand', 'Gilles', NULL, '2024-07-10 12:55:37', 0, '1910-01-01 00:00:00', 1, NULL, '0616508978', 0),
(28, 1, 'presta11@pcs.fr', '[\"ROLE_USER\",\"ROLE_PRESTA\"]', '$2y$13$OADHruzsc4a4f4Q7HRws3Oy.2B104DnZ.E3LQWG3CKUOktRwFqgfC', 'Martinez', 'Sandrine', NULL, '2024-07-10 12:55:38', 0, '1911-01-01 00:00:00', 1, NULL, '0686676553', 0),
(29, 1, 'presta12@pcs.fr', '[\"ROLE_USER\",\"ROLE_PRESTA\"]', '$2y$13$RvTUb./ecmQQ0c/n5kcqpOWqrX1rFBJJajmJczZHW/I4xQPlU0dLK', 'Dupuis', 'Laurent', NULL, '2024-07-10 12:55:38', 0, '1912-01-01 00:00:00', 1, NULL, '0652857971', 0),
(30, 1, 'presta13@pcs.fr', '[\"ROLE_USER\",\"ROLE_PRESTA\"]', '$2y$13$H/bp831rA4qxPX1z6lR/wufyTqtyTENGjmuzki0q7MKpYysFqMOMi', 'Renard', 'Corinne', NULL, '2024-07-10 12:55:39', 0, '1913-01-01 00:00:00', 1, NULL, '0678190942', 0),
(31, 1, 'presta14@pcs.fr', '[\"ROLE_USER\",\"ROLE_PRESTA\"]', '$2y$13$eZxTm9noxrcNGGEvbamPc.1VkiGH9/sXB0BL0Eqo8mG8rpCkUBNdm', 'Leclerc', 'Sebastien', NULL, '2024-07-10 12:55:39', 0, '1914-01-01 00:00:00', 1, NULL, '0622696268', 0),
(32, 1, 'presta15@pcs.fr', '[\"ROLE_USER\",\"ROLE_PRESTA\"]', '$2y$13$.HWa.TB47cGFtZfRdjZqvOzUnKBAiGZdOl.rn2jmzq7/22m6Tlz.y', 'Bourgeois', 'Amandine', NULL, '2024-07-10 12:55:39', 0, '1915-01-01 00:00:00', 1, NULL, '0697373158', 0),
(33, 1, 'api@pcs.fr', '[\"ROLE_NON_USER\"]', '$2y$13$ON6Obj5bgj/x9xNbE4zaKe4yIEoofepsm0xGGdSPkkBDcaS0tjLmW', 'Api', 'Api', NULL, '2024-07-10 12:55:40', 0, '1990-01-01 00:00:00', 1, NULL, '0650918810', 0);

